time_utc,u100,v100
2025-01-01 00:00:00,-4.5317993,1.2913055
2025-01-01 01:00:00,-4.1523743,1.3340149
2025-01-01 02:00:00,-3.8992157,1.2150726
2025-01-01 03:00:00,-3.702652,0.9233856
2025-01-01 04:00:00,-3.9271698,0.66334534
2025-01-01 05:00:00,-4.3392334,0.5682831
2025-01-01 06:00:00,-4.733597,0.7581787
2025-01-01 07:00:00,-5.112747,1.1219025
2025-01-01 08:00:00,-5.5849304,1.574234
2025-01-01 09:00:00,-5.6992035,1.9932556
2025-01-01 10:00:00,-4.937729,1.038681
2025-01-01 11:00:00,-5.0560455,1.3505707
2025-01-01 12:00:00,-5.1089783,1.7117767
2025-01-01 13:00:00,-5.4120026,1.6105499
2025-01-01 14:00:00,-5.787262,1.4662018
2025-01-01 15:00:00,-5.9603424,1.7411957
2025-01-01 16:00:00,-5.8466187,2.0650177
2025-01-01 17:00:00,-5.912491,2.1615143
2025-01-01 18:00:00,-6.0666504,2.4016876
2025-01-01 19:00:00,-5.871643,2.5852203
2025-01-01 20:00:00,-5.748398,2.7881927
2025-01-01 21:00:00,-5.8276215,2.8626251
2025-01-01 22:00:00,-6.7245636,2.6400757
2025-01-01 23:00:00,-7.031067,2.5884705
2025-01-02 00:00:00,-7.2639008,2.573944
2025-01-02 01:00:00,-7.1816406,3.1703796
2025-01-02 02:00:00,-6.933853,3.634735
2025-01-02 03:00:00,-6.5735474,3.8120422
2025-01-02 04:00:00,-6.483551,3.7504272
2025-01-02 05:00:00,-6.6009064,3.7699127
2025-01-02 06:00:00,-6.749054,3.5701904
2025-01-02 07:00:00,-7.1537933,3.1771393
2025-01-02 08:00:00,-7.5814056,2.944519
2025-01-02 09:00:00,-7.8287506,2.8569489
2025-01-02 10:00:00,-7.6803894,2.1999207
2025-01-02 11:00:00,-7.494629,2.2900848
2025-01-02 12:00:00,-7.296341,2.2811127
2025-01-02 13:00:00,-7.3272247,2.206955
2025-01-02 14:00:00,-7.240753,2.752777
2025-01-02 15:00:00,-7.364258,2.6518555
2025-01-02 16:00:00,-7.361725,2.5589752
2025-01-02 17:00:00,-7.156601,2.5637665
2025-01-02 18:00:00,-6.803131,2.2265625
2025-01-02 19:00:00,-6.7372894,1.7069092
2025-01-02 20:00:00,-7.048477,1.443634
2025-01-02 21:00:00,-7.163727,1.8830872
2025-01-02 22:00:00,-6.823044,2.873642
2025-01-02 23:00:00,-6.451462,3.110962
2025-01-03 00:00:00,-6.021469,3.350113
2025-01-03 01:00:00,-5.6380463,3.2594604
2025-01-03 02:00:00,-5.160568,2.5837708
2025-01-03 03:00:00,-4.950836,1.6728973
2025-01-03 04:00:00,-4.95755,0.9103546
2025-01-03 05:00:00,-5.202484,0.2820282
2025-01-03 06:00:00,-5.4204865,0.30825806
2025-01-03 07:00:00,-5.4979706,0.5938263
2025-01-03 08:00:00,-5.340912,0.56204224
2025-01-03 09:00:00,-5.0644836,0.177948
2025-01-03 10:00:00,-4.6878967,0.11349487
2025-01-03 11:00:00,-4.139847,-0.011474609
2025-01-03 12:00:00,-3.8635712,-0.1464386
2025-01-03 13:00:00,-3.657135,-0.025909424
2025-01-03 14:00:00,-3.3027496,-0.4888916
2025-01-03 15:00:00,-2.7214355,-1.3654175
2025-01-03 16:00:00,-2.390503,-1.8568115
2025-01-03 17:00:00,-2.0117798,-1.8767242
2025-01-03 18:00:00,-1.541748,-1.7201385
2025-01-03 19:00:00,-0.6543884,-1.9579926
2025-01-03 20:00:00,0.61203,-3.5174103
2025-01-03 21:00:00,1.7671967,-5.2559967
2025-01-03 22:00:00,1.6515808,-4.9781036
2025-01-03 23:00:00,2.058014,-4.808441
2025-01-04 00:00:00,2.942566,-5.5565643
2025-01-04 01:00:00,3.5118256,-5.6708527
2025-01-04 02:00:00,3.8618011,-5.374588
2025-01-04 03:00:00,4.2278595,-4.4479523
2025-01-04 04:00:00,5.1290894,-3.850647
2025-01-04 05:00:00,6.0409546,-3.9528656
2025-01-04 06:00:00,6.35231,-3.9733124
2025-01-04 07:00:00,6.4575043,-4.030121
2025-01-04 08:00:00,6.6783447,-4.1949463
2025-01-04 09:00:00,6.772995,-4.0859833
2025-01-04 10:00:00,5.68573,-4.342819
2025-01-04 11:00:00,6.267639,-4.332184
2025-01-04 12:00:00,6.6047974,-4.0646973
2025-01-04 13:00:00,6.8774567,-3.8926392
2025-01-04 14:00:00,7.068695,-4.030838
2025-01-04 15:00:00,6.969513,-4.604126
2025-01-04 16:00:00,6.707306,-4.972397
2025-01-04 17:00:00,6.4424896,-5.037079
2025-01-04 18:00:00,6.316757,-5.0685425
2025-01-04 19:00:00,6.2945557,-5.5780945
2025-01-04 20:00:00,6.131729,-5.892044
2025-01-04 21:00:00,5.881607,-5.9768066
2025-01-04 22:00:00,4.690735,-6.1526794
2025-01-04 23:00:00,3.9975128,-5.702118
2025-01-05 00:00:00,3.577835,-4.8886414
2025-01-05 01:00:00,3.631134,-3.9928741
2025-01-05 02:00:00,4.121063,-3.3820953
2025-01-05 03:00:00,4.563034,-3.368744
2025-01-05 04:00:00,5.01268,-3.768036
2025-01-05 05:00:00,5.0189667,-4.059433
2025-01-05 06:00:00,4.7013245,-3.9068298
2025-01-05 07:00:00,4.5417786,-3.6743164
2025-01-05 08:00:00,4.269348,-3.3068695
2025-01-05 09:00:00,4.210205,-2.7880707
2025-01-05 10:00:00,3.4322968,-2.1045837
2025-01-05 11:00:00,3.4862518,-1.8139343
2025-01-05 12:00:00,3.4191742,-1.5220184
2025-01-05 13:00:00,3.4447174,-1.0443573
2025-01-05 14:00:00,3.5573425,-0.45117188
2025-01-05 15:00:00,3.619812,0.03755188
2025-01-05 16:00:00,3.7294617,0.37916565
2025-01-05 17:00:00,3.8272705,0.6549225
2025-01-05 18:00:00,3.4954376,0.9999237
2025-01-05 19:00:00,3.0379791,1.5721741
2025-01-05 20:00:00,2.8190002,2.366867
2025-01-05 21:00:00,3.0819092,3.112793
2025-01-05 22:00:00,2.8806915,3.6121979
2025-01-05 23:00:00,3.0036926,4.055084
2025-01-06 00:00:00,3.0251007,4.548767
2025-01-06 01:00:00,3.055603,5.055542
2025-01-06 02:00:00,3.0674286,5.4815216
2025-01-06 03:00:00,2.8764343,5.7165375
2025-01-06 04:00:00,3.2049408,6.1757355
2025-01-06 05:00:00,3.4818878,6.6291656
2025-01-06 06:00:00,3.3058014,6.899292
2025-01-06 07:00:00,3.331421,7.455139
2025-01-06 08:00:00,3.4492035,7.940689
2025-01-06 09:00:00,3.6452942,8.394028
2025-01-06 10:00:00,3.2716522,8.496948
2025-01-06 11:00:00,3.0175476,8.7127075
2025-01-06 12:00:00,2.650711,8.636337
2025-01-06 13:00:00,2.8592224,8.1671295
2025-01-06 14:00:00,3.4350433,7.785782
2025-01-06 15:00:00,3.6825714,7.4031677
2025-01-06 16:00:00,3.0913544,6.675766
2025-01-06 17:00:00,2.1679993,6.5026245
2025-01-06 18:00:00,1.4768677,6.9319305
2025-01-06 19:00:00,0.72213745,7.4467926
2025-01-06 20:00:00,0.019699097,8.026718
2025-01-06 21:00:00,0.06654358,8.666183
2025-01-06 22:00:00,-0.289505,9.056076
2025-01-06 23:00:00,-0.27246094,9.278229
2025-01-07 00:00:00,-0.69418335,9.705734
2025-01-07 01:00:00,-1.3705902,10.105377
2025-01-07 02:00:00,-1.5704193,10.903244
2025-01-07 03:00:00,-0.8164673,11.716522
2025-01-07 04:00:00,-0.45420837,12.162201
2025-01-07 05:00:00,0.14915466,12.433975
2025-01-07 06:00:00,1.82901,11.915161
2025-01-07 07:00:00,2.7058258,11.025574
2025-01-07 08:00:00,2.7505646,10.510559
2025-01-07 09:00:00,2.6862488,10.470749
2025-01-07 10:00:00,4.1714325,10.827957
2025-01-07 11:00:00,5.356949,9.635605
2025-01-07 12:00:00,6.0913086,7.7222443
2025-01-07 13:00:00,6.1079254,5.90683
2025-01-07 14:00:00,6.1611633,4.531784
2025-01-07 15:00:00,6.5481873,3.4727936
2025-01-07 16:00:00,6.7673492,2.560852
2025-01-07 17:00:00,6.9375,1.9066772
2025-01-07 18:00:00,7.63591,-0.2007904
2025-01-07 19:00:00,7.3826294,-3.388214
2025-01-07 20:00:00,6.796646,-5.188324
2025-01-07 21:00:00,7.002945,-5.4560547
2025-01-07 22:00:00,7.029358,-4.672516
2025-01-07 23:00:00,7.5861053,-3.5747986
2025-01-08 00:00:00,8.68956,-3.1179657
2025-01-08 01:00:00,9.0972595,-3.1914368
2025-01-08 02:00:00,9.274963,-3.687271
2025-01-08 03:00:00,9.230255,-4.438431
2025-01-08 04:00:00,8.86261,-4.9377594
2025-01-08 05:00:00,8.756195,-5.9196777
2025-01-08 06:00:00,8.05014,-7.7383575
2025-01-08 07:00:00,7.8848114,-9.205154
2025-01-08 08:00:00,7.8372803,-9.616043
2025-01-08 09:00:00,8.062744,-9.529572
2025-01-08 10:00:00,7.504822,-9.091797
2025-01-08 11:00:00,7.210495,-8.8463745
2025-01-08 12:00:00,6.75206,-8.314026
2025-01-08 13:00:00,6.7472534,-7.6407623
2025-01-08 14:00:00,7.024658,-7.067459
2025-01-08 15:00:00,7.375656,-6.890045
2025-01-08 16:00:00,7.3995514,-7.1379395
2025-01-08 17:00:00,6.9589844,-7.165222
2025-01-08 18:00:00,6.2873535,-6.685898
2025-01-08 19:00:00,5.924774,-6.338196
2025-01-08 20:00:00,5.6508484,-6.048996
2025-01-08 21:00:00,5.1007996,-5.6165924
2025-01-08 22:00:00,5.215576,-4.870529
2025-01-08 23:00:00,4.9887085,-4.3440247
2025-01-09 00:00:00,4.833725,-3.650055
2025-01-09 01:00:00,4.8498077,-2.9844055
2025-01-09 02:00:00,4.8356323,-2.5796509
2025-01-09 03:00:00,4.5637665,-1.9673309
2025-01-09 04:00:00,3.9884644,-1.1500702
2025-01-09 05:00:00,4.150055,-0.5358124
2025-01-09 06:00:00,4.8771973,-0.41307068
2025-01-09 07:00:00,5.215683,-0.06820679
2025-01-09 08:00:00,4.815628,0.4988556
2025-01-09 09:00:00,3.4730377,1.9191895
2025-01-09 10:00:00,2.5117493,3.637619
2025-01-09 11:00:00,3.1115265,4.1434326
2025-01-09 12:00:00,3.5376892,4.402466
2025-01-09 13:00:00,4.0022125,4.780609
2025-01-09 14:00:00,4.8507843,4.681549
2025-01-09 15:00:00,5.212433,4.3251343
2025-01-09 16:00:00,5.4016266,3.8601227
2025-01-09 17:00:00,5.580017,3.372757
2025-01-09 18:00:00,5.887512,2.799591
2025-01-09 19:00:00,6.0997925,2.0371704
2025-01-09 20:00:00,6.2023315,1.6159363
2025-01-09 21:00:00,7.0832977,0.54473877
2025-01-09 22:00:00,6.5569153,-0.3801422
2025-01-09 23:00:00,5.9233704,-0.6688843
2025-01-10 00:00:00,6.2803802,-1.5685425
2025-01-10 01:00:00,6.7704773,-3.016861
2025-01-10 02:00:00,7.0503693,-3.4858093
2025-01-10 03:00:00,7.7380524,-3.5762024
2025-01-10 04:00:00,8.39679,-3.8236237
2025-01-10 05:00:00,8.985001,-5.477463
2025-01-10 06:00:00,8.247482,-6.086334
2025-01-10 07:00:00,8.308853,-5.2204742
2025-01-10 08:00:00,9.180847,-5.1643524
2025-01-10 09:00:00,9.807571,-5.176346
2025-01-10 10:00:00,10.252792,-5.084854
2025-01-10 11:00:00,10.771835,-5.4695587
2025-01-10 12:00:00,11.126419,-5.750107
2025-01-10 13:00:00,11.418793,-5.57045
2025-01-10 14:00:00,12.208466,-6.4211273
2025-01-10 15:00:00,11.98056,-6.3882446
2025-01-10 16:00:00,11.421371,-5.869812
2025-01-10 17:00:00,11.152603,-5.884369
2025-01-10 18:00:00,11.25116,-6.2535553
2025-01-10 19:00:00,11.149521,-6.9411774
2025-01-10 20:00:00,10.673187,-7.0420837
2025-01-10 21:00:00,10.521866,-5.5998993
2025-01-10 22:00:00,11.199463,-5.0723114
2025-01-10 23:00:00,11.626556,-4.6885223
2025-01-11 00:00:00,11.951813,-4.45665
2025-01-11 01:00:00,12.376968,-4.404129
2025-01-11 02:00:00,12.278839,-4.352371
2025-01-11 03:00:00,12.122803,-3.810135
2025-01-11 04:00:00,11.959915,-3.1507263
2025-01-11 05:00:00,11.717377,-3.1134796
2025-01-11 06:00:00,11.795425,-3.5569458
2025-01-11 07:00:00,11.520752,-3.8751984
2025-01-11 08:00:00,10.844406,-3.2945404
2025-01-11 09:00:00,10.394287,-2.5290985
2025-01-11 10:00:00,9.734055,-2.4366608
2025-01-11 11:00:00,9.727692,-1.9029388
2025-01-11 12:00:00,9.703888,-1.9496155
2025-01-11 13:00:00,9.343277,-2.2301788
2025-01-11 14:00:00,8.656891,-1.4344025
2025-01-11 15:00:00,8.027573,-0.43519592
2025-01-11 16:00:00,7.9232483,0.20399475
2025-01-11 17:00:00,7.820984,0.99812317
2025-01-11 18:00:00,7.5942993,1.4794312
2025-01-11 19:00:00,7.097519,2.055725
2025-01-11 20:00:00,6.8771667,2.24057
2025-01-11 21:00:00,6.950302,1.9771881
2025-01-11 22:00:00,6.2661896,2.6375885
2025-01-11 23:00:00,5.836273,4.152878
2025-01-12 00:00:00,5.7651215,5.748749
2025-01-12 01:00:00,6.147888,6.677536
2025-01-12 02:00:00,6.8469543,6.9046326
2025-01-12 03:00:00,7.764786,6.6808624
2025-01-12 04:00:00,8.3137665,6.3334045
2025-01-12 05:00:00,8.720596,4.6848907
2025-01-12 06:00:00,9.361008,2.2122955
2025-01-12 07:00:00,9.833603,-0.32876587
2025-01-12 08:00:00,9.624908,-1.0778198
2025-01-12 09:00:00,8.845245,-1.2112274
2025-01-12 10:00:00,7.4669037,-1.6725769
2025-01-12 11:00:00,7.4723663,-1.4668427
2025-01-12 12:00:00,8.432709,-2.1240997
2025-01-12 13:00:00,9.35553,-2.645584
2025-01-12 14:00:00,10.053879,-3.0602722
2025-01-12 15:00:00,9.873886,-3.4593658
2025-01-12 16:00:00,9.530334,-3.8444214
2025-01-12 17:00:00,9.5772705,-4.2907867
2025-01-12 18:00:00,9.478012,-4.599518
2025-01-12 19:00:00,9.36145,-4.975189
2025-01-12 20:00:00,8.736298,-5.457123
2025-01-12 21:00:00,7.29924,-5.7218018
2025-01-12 22:00:00,6.5498505,-2.922577
2025-01-12 23:00:00,6.9811707,-1.7468262
2025-01-13 00:00:00,7.3294983,-1.7142944
2025-01-13 01:00:00,6.979233,-2.8657074
2025-01-13 02:00:00,6.4999237,-3.2796936
2025-01-13 03:00:00,5.6255493,-3.0694275
2025-01-13 04:00:00,4.849701,-2.609085
2025-01-13 05:00:00,4.4665985,-2.1749725
2025-01-13 06:00:00,4.0635376,-2.349411
2025-01-13 07:00:00,3.3643646,-2.14505
2025-01-13 08:00:00,2.4831848,-1.3663483
2025-01-13 09:00:00,1.3570099,-0.70606995
2025-01-13 10:00:00,2.2856598,-1.9815826
2025-01-13 11:00:00,1.4841156,-1.6392212
2025-01-13 12:00:00,1.095581,-1.0978394
2025-01-13 13:00:00,1.4904327,-0.7442627
2025-01-13 14:00:00,1.677063,-0.8354645
2025-01-13 15:00:00,1.7266998,-1.5083313
2025-01-13 16:00:00,1.3794861,-2.1604156
2025-01-13 17:00:00,0.6575012,-1.920044
2025-01-13 18:00:00,0.006591797,-1.4664001
2025-01-13 19:00:00,-0.45581055,-0.89811707
2025-01-13 20:00:00,-0.85076904,-0.4037323
2025-01-13 21:00:00,-1.1251984,0.26895142
2025-01-13 22:00:00,-1.0763855,1.6891632
2025-01-13 23:00:00,-0.5353546,1.995636
2025-01-14 00:00:00,-0.052871704,1.9261322
2025-01-14 01:00:00,0.13996887,1.0775299
2025-01-14 02:00:00,-0.44358826,-0.23678589
2025-01-14 03:00:00,-1.3269958,-1.1552124
2025-01-14 04:00:00,-2.131546,-2.259964
2025-01-14 05:00:00,-2.646103,-2.7652283
2025-01-14 06:00:00,-3.1033936,-2.381607
2025-01-14 07:00:00,-3.3982391,-1.5245056
2025-01-14 08:00:00,-3.584137,-1.1006927
2025-01-14 09:00:00,-3.73555,-1.1257172
2025-01-14 10:00:00,-5.6122284,0.38246155
2025-01-14 11:00:00,-5.3157806,1.0876923
2025-01-14 12:00:00,-4.5460205,-0.5041809
2025-01-14 13:00:00,-4.9663696,-2.8854675
2025-01-14 14:00:00,-5.650894,-5.1261597
2025-01-14 15:00:00,-6.471924,-6.4717255
2025-01-14 16:00:00,-6.9973297,-7.066086
2025-01-14 17:00:00,-6.93956,-7.741028
2025-01-14 18:00:00,-6.7269135,-8.312256
2025-01-14 19:00:00,-6.6967773,-8.558151
2025-01-14 20:00:00,-6.72052,-8.455933
2025-01-14 21:00:00,-6.733444,-8.085419
2025-01-14 22:00:00,-6.426651,-6.7093964
2025-01-14 23:00:00,-5.4563446,-6.4654236
2025-01-15 00:00:00,-4.8424225,-6.847
2025-01-15 01:00:00,-4.664978,-7.605713
2025-01-15 02:00:00,-4.4942017,-8.08461
2025-01-15 03:00:00,-3.9874115,-8.817703
2025-01-15 04:00:00,-3.533966,-9.754349
2025-01-15 05:00:00,-3.3075256,-10.528656
2025-01-15 06:00:00,-3.3167114,-10.700729
2025-01-15 07:00:00,-3.6911316,-10.691055
2025-01-15 08:00:00,-3.9523163,-10.136078
2025-01-15 09:00:00,-4.091202,-9.566879
2025-01-15 10:00:00,-5.0115356,-9.013412
2025-01-15 11:00:00,-5.130249,-8.394577
2025-01-15 12:00:00,-4.8427277,-7.730957
2025-01-15 13:00:00,-4.5370483,-7.0926056
2025-01-15 14:00:00,-4.409485,-6.421158
2025-01-15 15:00:00,-4.0741577,-5.707062
2025-01-15 16:00:00,-3.8809662,-5.2386017
2025-01-15 17:00:00,-3.5616302,-4.5611725
2025-01-15 18:00:00,-3.3307037,-3.8864288
2025-01-15 19:00:00,-3.161789,-3.0333252
2025-01-15 20:00:00,-2.8078003,-2.2673035
2025-01-15 21:00:00,-2.3140411,-1.7454376
2025-01-15 22:00:00,-1.2203217,-0.822464
2025-01-15 23:00:00,-0.7755585,-0.06460571
2025-01-16 00:00:00,-0.48661804,0.25411987
2025-01-16 01:00:00,-0.12800598,0.43086243
2025-01-16 02:00:00,0.07954407,0.25476074
2025-01-16 03:00:00,0.13386536,-0.030899048
2025-01-16 04:00:00,-0.08312988,-0.3524933
2025-01-16 05:00:00,-0.6480255,-0.72839355
2025-01-16 06:00:00,-1.3024292,-0.65689087
2025-01-16 07:00:00,-1.7952728,-0.20521545
2025-01-16 08:00:00,-2.232956,0.05429077
2025-01-16 09:00:00,-2.81044,0.009109497
2025-01-16 10:00:00,-3.0310059,-0.44332886
2025-01-16 11:00:00,-3.8166656,-0.037017822
2025-01-16 12:00:00,-4.1557617,0.43896484
2025-01-16 13:00:00,-4.0132446,0.36018372
2025-01-16 14:00:00,-4.4708405,-0.17526245
2025-01-16 15:00:00,-4.676651,0.008682251
2025-01-16 16:00:00,-5.659424,0.40205383
2025-01-16 17:00:00,-7.12323,1.4570007
2025-01-16 18:00:00,-7.9579163,2.4515076
2025-01-16 19:00:00,-8.786301,3.0664825
2025-01-16 20:00:00,-9.86528,3.7941742
2025-01-16 21:00:00,-10.994156,2.813507
2025-01-16 22:00:00,-13.737579,2.2541046
2025-01-16 23:00:00,-15.126495,5.1344757
2025-01-17 00:00:00,-14.928421,7.723236
2025-01-17 01:00:00,-15.763245,7.124771
2025-01-17 02:00:00,-16.858505,3.6419067
2025-01-17 03:00:00,-17.206116,1.4698792
2025-01-17 04:00:00,-16.788177,3.4129028
2025-01-17 05:00:00,-16.913376,7.8981476
2025-01-17 06:00:00,-17.733658,9.137329
2025-01-17 07:00:00,-18.232803,9.736893
2025-01-17 08:00:00,-17.677277,10.73143
2025-01-17 09:00:00,-16.873749,11.4874115
2025-01-17 10:00:00,-16.085983,11.96875
2025-01-17 11:00:00,-14.73645,13.180649
2025-01-17 12:00:00,-11.301819,14.48291
2025-01-17 13:00:00,-4.3270264,13.707901
2025-01-17 14:00:00,2.2608337,10.43013
2025-01-17 15:00:00,6.848694,7.837616
2025-01-17 16:00:00,9.2417755,6.6433105
2025-01-17 17:00:00,9.340103,5.9263
2025-01-17 18:00:00,8.86496,5.610565
2025-01-17 19:00:00,7.9831696,5.685898
2025-01-17 20:00:00,6.7254944,5.8201294
2025-01-17 21:00:00,5.5476685,6.548416
2025-01-17 22:00:00,5.1779175,8.488586
2025-01-17 23:00:00,5.9167786,8.693741
2025-01-18 00:00:00,6.277466,8.349731
2025-01-18 01:00:00,5.5568542,8.292694
2025-01-18 02:00:00,4.6413116,8.182022
2025-01-18 03:00:00,4.007538,7.7602234
2025-01-18 04:00:00,3.8205109,7.4751587
2025-01-18 05:00:00,3.787613,7.463745
2025-01-18 06:00:00,3.491394,7.6961975
2025-01-18 07:00:00,2.8666382,7.652588
2025-01-18 08:00:00,2.1065063,7.775238
2025-01-18 09:00:00,1.3863068,8.103287
2025-01-18 10:00:00,3.206833,8.813873
2025-01-18 11:00:00,2.829361,8.628677
2025-01-18 12:00:00,2.6750946,8.756485
2025-01-18 13:00:00,2.19664,8.845779
2025-01-18 14:00:00,1.8162842,9.077972
2025-01-18 15:00:00,1.4845734,9.299423
2025-01-18 16:00:00,1.470932,9.4021
2025-01-18 17:00:00,1.5726166,9.462509
2025-01-18 18:00:00,1.7775574,9.696655
2025-01-18 19:00:00,1.9281769,9.800369
2025-01-18 20:00:00,2.0717773,9.891006
2025-01-18 21:00:00,2.3276215,9.890823
2025-01-18 22:00:00,3.413498,10.114273
2025-01-18 23:00:00,3.4089203,9.887527
2025-01-19 00:00:00,3.2962494,9.37764
2025-01-19 01:00:00,3.0324097,8.616943
2025-01-19 02:00:00,2.5873718,8.17218
2025-01-19 03:00:00,2.038437,7.6511993
2025-01-19 04:00:00,1.4109497,7.3152313
2025-01-19 05:00:00,0.60469055,7.039673
2025-01-19 06:00:00,0.015533447,7.0917816
2025-01-19 07:00:00,-0.46470642,7.1092834
2025-01-19 08:00:00,-0.887558,7.1032104
2025-01-19 09:00:00,-1.2207947,7.140808
2025-01-19 10:00:00,-1.3274384,6.0605927
2025-01-19 11:00:00,-1.6956635,5.9079895
2025-01-19 12:00:00,-1.5599365,5.9184265
2025-01-19 13:00:00,-1.2736053,5.769562
2025-01-19 14:00:00,-1.0639954,5.47316
2025-01-19 15:00:00,-1.2121887,4.9044495
2025-01-19 16:00:00,-1.5957031,4.439987
2025-01-19 17:00:00,-1.7525024,4.1565857
2025-01-19 18:00:00,-1.5139008,3.563095
2025-01-19 19:00:00,-1.869339,2.9047852
2025-01-19 20:00:00,-2.456009,3.200653
2025-01-19 21:00:00,-2.8347473,3.418167
2025-01-19 22:00:00,-2.102768,2.6259155
2025-01-19 23:00:00,-1.9000092,2.7649689
2025-01-20 00:00:00,-1.444107,2.7346497
2025-01-20 01:00:00,-0.66726685,2.4681244
2025-01-20 02:00:00,-0.12760925,1.5064087
2025-01-20 03:00:00,-0.08988953,0.50045776
2025-01-20 04:00:00,-0.46113586,0.1187439
2025-01-20 05:00:00,-0.23979187,-0.003326416
2025-01-20 06:00:00,-0.06185913,-0.38757324
2025-01-20 07:00:00,0.063079834,-0.9546051
2025-01-20 08:00:00,0.67204285,-1.4350433
2025-01-20 09:00:00,1.323761,-1.7912292
2025-01-20 10:00:00,0.1098938,-1.7511597
2025-01-20 11:00:00,0.13293457,-1.6035461
2025-01-20 12:00:00,0.4721222,-1.4637299
2025-01-20 13:00:00,1.127533,-1.2625275
2025-01-20 14:00:00,1.918335,-1.1230469
2025-01-20 15:00:00,2.8357697,-1.1354828
2025-01-20 16:00:00,3.7855377,-1.3566742
2025-01-20 17:00:00,4.45755,-1.6033173
2025-01-20 18:00:00,4.9610443,-1.8525696
2025-01-20 19:00:00,5.6468506,-2.1467896
2025-01-20 20:00:00,6.4946594,-2.1259766
2025-01-20 21:00:00,6.8771515,-2.2626953
2025-01-20 22:00:00,6.091812,-2.5119781
2025-01-20 23:00:00,6.305496,-2.414566
2025-01-21 00:00:00,6.6358643,-2.3997345
2025-01-21 01:00:00,6.698883,-2.3258972
2025-01-21 02:00:00,6.509735,-2.164627
2025-01-21 03:00:00,6.4718323,-2.1664734
2025-01-21 04:00:00,7.0425873,-2.2424316
2025-01-21 05:00:00,7.2614746,-2.403885
2025-01-21 06:00:00,6.7492065,-2.070938
2025-01-21 07:00:00,6.1760864,-1.3420715
2025-01-21 08:00:00,5.723007,-0.1324768
2025-01-21 09:00:00,5.6794434,0.9483185
2025-01-21 10:00:00,5.662491,1.4706116
2025-01-21 11:00:00,5.6691284,2.5178223
2025-01-21 12:00:00,5.8143463,3.5668945
2025-01-21 13:00:00,6.353546,4.276169
2025-01-21 14:00:00,6.8883057,4.3033752
2025-01-21 15:00:00,6.8978577,3.9712677
2025-01-21 16:00:00,6.7834167,3.6555634
2025-01-21 17:00:00,6.7194214,3.4646301
2025-01-21 18:00:00,6.7917175,3.4598694
2025-01-21 19:00:00,6.305481,3.2811127
2025-01-21 20:00:00,5.946289,3.0764008
2025-01-21 21:00:00,6.0504456,3.236084
2025-01-21 22:00:00,5.9584503,3.5908508
2025-01-21 23:00:00,6.0274506,3.6989746
2025-01-22 00:00:00,5.882141,3.5568542
2025-01-22 01:00:00,6.358719,3.2894287
2025-01-22 02:00:00,6.129074,2.9740295
2025-01-22 03:00:00,6.098007,2.2079773
2025-01-22 04:00:00,5.632782,1.5707245
2025-01-22 05:00:00,5.1147156,1.2762756
2025-01-22 06:00:00,4.498535,1.627182
2025-01-22 07:00:00,4.462204,2.2529755
2025-01-22 08:00:00,4.744873,2.4176636
2025-01-22 09:00:00,4.5733643,2.3283844
2025-01-22 10:00:00,4.2797394,2.0307007
2025-01-22 11:00:00,4.1542206,2.575592
2025-01-22 12:00:00,4.111618,2.975891
2025-01-22 13:00:00,4.1779327,3.0927124
2025-01-22 14:00:00,4.327057,2.7726593
2025-01-22 15:00:00,4.3416443,2.420044
2025-01-22 16:00:00,4.054428,2.5223389
2025-01-22 17:00:00,3.8038788,3.053131
2025-01-22 18:00:00,3.9534454,3.642044
2025-01-22 19:00:00,4.1813354,4.244171
2025-01-22 20:00:00,4.842285,4.845978
2025-01-22 21:00:00,5.7541046,5.411133
2025-01-22 22:00:00,5.8708344,4.999634
2025-01-22 23:00:00,5.7955475,4.802231
2025-01-23 00:00:00,5.3548737,4.8474426
2025-01-23 01:00:00,5.409424,5.044525
2025-01-23 02:00:00,5.4920197,5.1810913
2025-01-23 03:00:00,5.3031616,5.351181
2025-01-23 04:00:00,4.99527,5.59729
2025-01-23 05:00:00,5.00383,5.9706116
2025-01-23 06:00:00,5.235092,6.396988
2025-01-23 07:00:00,5.267761,6.8487854
2025-01-23 08:00:00,5.3242188,7.243042
2025-01-23 09:00:00,5.471283,7.5289917
2025-01-23 10:00:00,6.025711,7.7378235
2025-01-23 11:00:00,6.854431,7.3990784
2025-01-23 12:00:00,7.126465,7.1002655
2025-01-23 13:00:00,7.2586975,7.06221
2025-01-23 14:00:00,7.57193,6.926132
2025-01-23 15:00:00,7.6501617,6.587082
2025-01-23 16:00:00,7.8190613,5.936325
2025-01-23 17:00:00,8.098511,5.265381
2025-01-23 18:00:00,8.251541,4.902405
2025-01-23 19:00:00,7.9182434,4.7316284
2025-01-23 20:00:00,7.7844696,4.2362976
2025-01-23 21:00:00,7.7129364,3.704605
2025-01-23 22:00:00,7.273239,3.3741608
2025-01-23 23:00:00,7.1862183,2.9825897
2025-01-24 00:00:00,7.354645,2.4137726
2025-01-24 01:00:00,7.4254456,1.6428528
2025-01-24 02:00:00,7.416931,0.7863159
2025-01-24 03:00:00,7.4178467,-0.25585938
2025-01-24 04:00:00,7.3588715,-1.2599945
2025-01-24 05:00:00,7.0650024,-1.948288
2025-01-24 06:00:00,6.8940277,-1.915268
2025-01-24 07:00:00,7.1449127,-2.315567
2025-01-24 08:00:00,7.576309,-2.8931122
2025-01-24 09:00:00,8.191299,-3.9108276
2025-01-24 10:00:00,8.317657,-4.610428
2025-01-24 11:00:00,7.983963,-4.43721
2025-01-24 12:00:00,7.6035614,-3.504959
2025-01-24 13:00:00,7.5993805,-2.620224
2025-01-24 14:00:00,8.488342,-3.4213104
2025-01-24 15:00:00,9.545288,-4.9387054
2025-01-24 16:00:00,9.407013,-5.389206
2025-01-24 17:00:00,9.267395,-5.6148376
2025-01-24 18:00:00,9.162048,-5.922394
2025-01-24 19:00:00,8.623917,-7.027878
2025-01-24 20:00:00,7.3615265,-7.8715515
2025-01-24 21:00:00,6.098755,-8.0633545
2025-01-24 22:00:00,4.8119965,-7.74086
2025-01-24 23:00:00,3.1019745,-7.3289185
2025-01-25 00:00:00,1.7423096,-6.556198
2025-01-25 01:00:00,0.7825775,-5.5483246
2025-01-25 02:00:00,-0.33555603,-4.6782074
2025-01-25 03:00:00,-1.3787994,-3.6897278
2025-01-25 04:00:00,-2.4096222,-2.8289337
2025-01-25 05:00:00,-3.420929,-2.2154083
2025-01-25 06:00:00,-3.7124481,-1.373703
2025-01-25 07:00:00,-2.778061,-0.42453003
2025-01-25 08:00:00,-1.3071289,0.3840332
2025-01-25 09:00:00,-0.106170654,0.82914734
2025-01-25 10:00:00,0.15411377,0.7704468
2025-01-25 11:00:00,0.1938324,0.81733704
2025-01-25 12:00:00,0.31582642,0.9667969
2025-01-25 13:00:00,0.4717865,0.7739868
2025-01-25 14:00:00,0.6455078,0.4647827
2025-01-25 15:00:00,1.2178955,0.47253418
2025-01-25 16:00:00,1.955719,0.75335693
2025-01-25 17:00:00,1.8757477,0.89811707
2025-01-25 18:00:00,1.5429993,1.0457001
2025-01-25 19:00:00,1.7228851,1.7320709
2025-01-25 20:00:00,1.629776,1.8578644
2025-01-25 21:00:00,2.4213104,1.9978485
2025-01-25 22:00:00,3.802246,2.6526184
2025-01-25 23:00:00,4.5840454,2.982544
2025-01-26 00:00:00,4.5934143,2.7215576
2025-01-26 01:00:00,3.4064941,1.9067688
2025-01-26 02:00:00,2.1204834,1.6169739
2025-01-26 03:00:00,1.4451904,2.3140717
2025-01-26 04:00:00,1.7213898,3.461258
2025-01-26 05:00:00,3.1351776,4.105789
2025-01-26 06:00:00,5.0776825,4.4543457
2025-01-26 07:00:00,5.7604675,4.5397034
2025-01-26 08:00:00,5.6172943,4.3318024
2025-01-26 09:00:00,5.8406677,3.9298553
2025-01-26 10:00:00,5.5884247,4.225525
2025-01-26 11:00:00,5.6534576,4.179199
2025-01-26 12:00:00,6.343689,3.801468
2025-01-26 13:00:00,7.569397,2.649643
2025-01-26 14:00:00,8.174545,1.0034027
2025-01-26 15:00:00,8.314682,-1.0274506
2025-01-26 16:00:00,7.789139,-3.0095062
2025-01-26 17:00:00,6.7602386,-3.9665222
2025-01-26 18:00:00,5.6705627,-4.0874786
2025-01-26 19:00:00,4.9628296,-3.4065247
2025-01-26 20:00:00,4.7545776,-2.3323822
2025-01-26 21:00:00,4.8578644,-2.1184387
2025-01-26 22:00:00,4.7043915,-2.8654327
2025-01-26 23:00:00,5.264694,-2.7668152
2025-01-27 00:00:00,5.7048187,-2.1737976
2025-01-27 01:00:00,6.2160034,-1.1956177
2025-01-27 02:00:00,6.8755035,-1.1570435
2025-01-27 03:00:00,7.2136993,-1.8933716
2025-01-27 04:00:00,7.402008,-2.9780579
2025-01-27 05:00:00,7.4313354,-3.81958
2025-01-27 06:00:00,7.0163116,-4.3753204
2025-01-27 07:00:00,6.5351257,-4.636429
2025-01-27 08:00:00,6.25618,-4.7411957
2025-01-27 09:00:00,5.9973907,-4.2726593
2025-01-27 10:00:00,5.3770294,-2.536621
2025-01-27 11:00:00,5.232376,-1.1871033
2025-01-27 12:00:00,5.319809,-0.26976013
2025-01-27 13:00:00,5.2461853,0.65252686
2025-01-27 14:00:00,4.928787,1.7808838
2025-01-27 15:00:00,5.356003,2.2819061
2025-01-27 16:00:00,5.703415,2.0704193
2025-01-27 17:00:00,5.694687,1.6963501
2025-01-27 18:00:00,5.348572,1.722641
2025-01-27 19:00:00,4.830612,3.041092
2025-01-27 20:00:00,3.8901978,5.2861786
2025-01-27 21:00:00,3.5681915,7.2623596
2025-01-27 22:00:00,4.3757324,8.300735
2025-01-27 23:00:00,5.3711243,8.164368
2025-01-28 00:00:00,5.9419556,8.149582
2025-01-28 01:00:00,6.0928345,8.410156
2025-01-28 02:00:00,6.4357452,8.262207
2025-01-28 03:00:00,7.150482,7.8954926
2025-01-28 04:00:00,7.488037,7.6917877
2025-01-28 05:00:00,7.416092,7.46109
2025-01-28 06:00:00,7.458008,7.281189
2025-01-28 07:00:00,7.4057465,7.068161
2025-01-28 08:00:00,7.5357513,7.004654
2025-01-28 09:00:00,7.763397,6.986847
2025-01-28 10:00:00,8.921494,7.2230835
2025-01-28 11:00:00,9.236267,6.712097
2025-01-28 12:00:00,9.011337,6.061157
2025-01-28 13:00:00,8.808685,5.324463
2025-01-28 14:00:00,9.586838,3.0476837
2025-01-28 15:00:00,8.797714,2.021469
2025-01-28 16:00:00,7.7193756,2.2845154
2025-01-28 17:00:00,7.419235,1.9468536
2025-01-28 18:00:00,6.9536896,0.9436188
2025-01-28 19:00:00,6.589859,-0.031280518
2025-01-28 20:00:00,6.208084,-0.74768066
2025-01-28 21:00:00,5.5025635,-1.0717926
2025-01-28 22:00:00,3.8614807,-0.46990967
2025-01-28 23:00:00,2.7164154,0.8319092
2025-01-29 00:00:00,2.543274,2.1755524
2025-01-29 01:00:00,2.821518,2.5890808
2025-01-29 02:00:00,2.5077515,2.0182953
2025-01-29 03:00:00,1.6174011,1.6128845
2025-01-29 04:00:00,0.92855835,0.7063751
2025-01-29 05:00:00,0.707901,-0.7972717
2025-01-29 06:00:00,1.0568848,-2.699646
2025-01-29 07:00:00,0.86961365,-3.7645721
2025-01-29 08:00:00,0.77394104,-3.2954865
2025-01-29 09:00:00,0.39624023,-2.9741821
2025-01-29 10:00:00,0.939682,-1.223175
2025-01-29 11:00:00,2.6165466,-1.0034027
2025-01-29 12:00:00,3.8307495,-4.0454254
2025-01-29 13:00:00,6.076477,-6.7648926
2025-01-29 14:00:00,7.16803,-7.216522
2025-01-29 15:00:00,8.046753,-6.276352
2025-01-29 16:00:00,9.70993,-5.5444946
2025-01-29 17:00:00,11.1145935,-5.614105
2025-01-29 18:00:00,11.663879,-6.0234375
2025-01-29 19:00:00,12.40126,-6.158737
2025-01-29 20:00:00,13.038681,-6.463852
2025-01-29 21:00:00,13.572723,-7.720154
2025-01-29 22:00:00,15.148804,-8.360916
2025-01-29 23:00:00,14.694611,-8.08046
2025-01-30 00:00:00,12.646515,-6.7402496
2025-01-30 01:00:00,11.856995,-5.9240417
2025-01-30 02:00:00,11.554138,-5.029602
2025-01-30 03:00:00,10.926498,-4.326721
2025-01-30 04:00:00,10.565903,-3.7220306
2025-01-30 05:00:00,10.5616,-3.2201996
2025-01-30 06:00:00,10.553162,-2.6995544
2025-01-30 07:00:00,10.269714,-1.8749542
2025-01-30 08:00:00,9.530838,-0.8238373
2025-01-30 09:00:00,9.092285,0.40899658
2025-01-30 10:00:00,8.350128,1.7666931
2025-01-30 11:00:00,7.8387604,2.7088318
2025-01-30 12:00:00,7.527069,3.6220245
2025-01-30 13:00:00,7.8032074,4.1578827
2025-01-30 14:00:00,7.8138885,4.141098
2025-01-30 15:00:00,7.481308,4.3186646
2025-01-30 16:00:00,7.391388,4.474228
2025-01-30 17:00:00,7.0206146,4.0654755
2025-01-30 18:00:00,5.9505463,3.4754639
2025-01-30 19:00:00,4.763565,3.5111084
2025-01-30 20:00:00,3.7379456,4.107361
2025-01-30 21:00:00,2.9907532,4.834076
2025-01-30 22:00:00,2.6067047,5.617508
2025-01-30 23:00:00,2.3523712,5.8298645
2025-01-31 00:00:00,2.0748901,5.907593
2025-01-31 01:00:00,1.842041,5.9474487
2025-01-31 02:00:00,1.3134155,5.60408
2025-01-31 03:00:00,0.67167664,5.4464417
2025-01-31 04:00:00,0.04876709,5.4671783
2025-01-31 05:00:00,-0.47686768,5.683197
2025-01-31 06:00:00,-1.0087585,5.860779
2025-01-31 07:00:00,-1.6912537,5.9409637
2025-01-31 08:00:00,-2.2176208,6.4718475
2025-01-31 09:00:00,-2.3295746,7.056198
2025-01-31 10:00:00,-2.5710297,6.172928
2025-01-31 11:00:00,-2.2072296,6.6048126
2025-01-31 12:00:00,-1.938324,6.7504425
2025-01-31 13:00:00,-2.1686249,6.7500305
2025-01-31 14:00:00,-2.6904144,6.7992554
2025-01-31 15:00:00,-3.184372,6.8519287
2025-01-31 16:00:00,-3.882843,6.735199
2025-01-31 17:00:00,-4.3937836,6.895752
2025-01-31 18:00:00,-5.0518494,6.709976
2025-01-31 19:00:00,-5.550598,6.288391
2025-01-31 20:00:00,-6.0430756,5.8861084
2025-01-31 21:00:00,-6.4111176,5.585785
2025-01-31 22:00:00,-6.641281,5.9450226
2025-01-31 23:00:00,-6.217087,6.4239044
2025-02-01 00:00:00,-5.660843,6.7898865
2025-02-01 01:00:00,-5.259506,7.036194
2025-02-01 02:00:00,-5.5919495,7.302948
2025-02-01 03:00:00,-6.1003265,7.4212036
2025-02-01 04:00:00,-6.7422485,7.6992035
2025-02-01 05:00:00,-7.161072,8.27211
2025-02-01 06:00:00,-7.180771,8.942322
2025-02-01 07:00:00,-6.9453125,9.235504
2025-02-01 08:00:00,-7.127304,9.118851
2025-02-01 09:00:00,-7.5694427,9.042633
2025-02-01 10:00:00,-7.687607,7.314682
2025-02-01 11:00:00,-8.1276245,6.9302216
2025-02-01 12:00:00,-8.787201,6.4627686
2025-02-01 13:00:00,-9.340149,6.618805
2025-02-01 14:00:00,-9.561981,6.7410583
2025-02-01 15:00:00,-9.958023,6.586975
2025-02-01 16:00:00,-10.0690155,6.868042
2025-02-01 17:00:00,-10.2574005,7.3842926
2025-02-01 18:00:00,-10.67807,7.983185
2025-02-01 19:00:00,-10.632141,9.030594
2025-02-01 20:00:00,-10.360489,9.95047
2025-02-01 21:00:00,-10.3965,10.066544
2025-02-01 22:00:00,-9.700577,8.84877
2025-02-01 23:00:00,-9.3428955,8.658051
2025-02-02 00:00:00,-8.343689,10.494034
2025-02-02 01:00:00,-7.036148,11.597336
2025-02-02 02:00:00,-6.2952576,12.252182
2025-02-02 03:00:00,-5.7708282,12.30246
2025-02-02 04:00:00,-4.4031067,11.858612
2025-02-02 05:00:00,-1.8869934,10.652832
2025-02-02 06:00:00,0.9217682,8.935806
2025-02-02 07:00:00,3.3550568,7.279129
2025-02-02 08:00:00,5.603821,5.8444824
2025-02-02 09:00:00,7.563385,4.224182
2025-02-02 10:00:00,9.078445,3.0333405
2025-02-02 11:00:00,9.342285,2.2084198
2025-02-02 12:00:00,9.062073,1.8312073
2025-02-02 13:00:00,8.762665,1.2136993
2025-02-02 14:00:00,8.280197,0.38426208
2025-02-02 15:00:00,7.860443,0.10458374
2025-02-02 16:00:00,7.3361053,-0.041915894
2025-02-02 17:00:00,6.7919006,0.059921265
2025-02-02 18:00:00,6.1006927,0.27320862
2025-02-02 19:00:00,5.723526,0.47595215
2025-02-02 20:00:00,5.743744,0.7280884
2025-02-02 21:00:00,5.8480377,0.9486542
2025-02-02 22:00:00,6.1803284,1.024826
2025-02-02 23:00:00,5.6610107,1.4286804
2025-02-03 00:00:00,5.007309,1.577179
2025-02-03 01:00:00,5.054886,1.4588013
2025-02-03 02:00:00,6.1729736,1.4265137
2025-02-03 03:00:00,6.2943115,1.5398102
2025-02-03 04:00:00,5.4288483,1.8666534
2025-02-03 05:00:00,5.3829193,2.5760956
2025-02-03 06:00:00,6.187805,2.252121
2025-02-03 07:00:00,6.951309,0.9782257
2025-02-03 08:00:00,6.415497,-0.64237976
2025-02-03 09:00:00,4.614319,-0.14654541
2025-02-03 10:00:00,3.1447449,0.55682373
2025-02-03 11:00:00,3.2542114,2.4636688
2025-02-03 12:00:00,4.4531097,1.8797302
2025-02-03 13:00:00,5.488571,0.058547974
2025-02-03 14:00:00,5.6118927,-1.4648895
2025-02-03 15:00:00,5.63768,-2.1046753
2025-02-03 16:00:00,5.8297424,-2.3459778
2025-02-03 17:00:00,5.966873,-2.5056305
2025-02-03 18:00:00,5.7205963,-2.6896057
2025-02-03 19:00:00,5.1597595,-2.9391327
2025-02-03 20:00:00,4.6130066,-2.7673798
2025-02-03 21:00:00,4.372925,-2.3012085
2025-02-03 22:00:00,4.003647,-1.8598175
2025-02-03 23:00:00,4.120056,-1.2581177
2025-02-04 00:00:00,4.300354,-1.0858765
2025-02-04 01:00:00,4.357849,-1.1414337
2025-02-04 02:00:00,4.337219,-1.1681061
2025-02-04 03:00:00,4.388336,-1.1742096
2025-02-04 04:00:00,4.293686,-1.2235565
2025-02-04 05:00:00,3.9280548,-1.1541443
2025-02-04 06:00:00,3.4320679,-0.7924042
2025-02-04 07:00:00,2.7956696,-0.80726624
2025-02-04 08:00:00,2.1014252,-1.0623322
2025-02-04 09:00:00,1.3826599,-1.4013062
2025-02-04 10:00:00,0.28927612,-1.9230499
2025-02-04 11:00:00,-0.17015076,-1.6437378
2025-02-04 12:00:00,-0.3681183,-1.3325958
2025-02-04 13:00:00,-0.3766632,-1.027008
2025-02-04 14:00:00,-0.39227295,-1.1499023
2025-02-04 15:00:00,-0.7231293,-1.2511902
2025-02-04 16:00:00,-1.0252838,-1.2528076
2025-02-04 17:00:00,-1.0909271,-1.120285
2025-02-04 18:00:00,-1.186554,-1.1269226
2025-02-04 19:00:00,-1.3573761,-1.0512543
2025-02-04 20:00:00,-1.5278015,-0.8473358
2025-02-04 21:00:00,-1.7949524,-0.45677185
2025-02-04 22:00:00,-2.3026733,-0.28294373
2025-02-04 23:00:00,-2.8986664,-0.031661987
2025-02-05 00:00:00,-3.050537,0.39138794
2025-02-05 01:00:00,-2.83638,0.6538086
2025-02-05 02:00:00,-2.5120697,0.42939758
2025-02-05 03:00:00,-2.394104,0.13658142
2025-02-05 04:00:00,-2.534027,-0.32131958
2025-02-05 05:00:00,-3.0959625,-0.5804291
2025-02-05 06:00:00,-3.5855103,-0.62905884
2025-02-05 07:00:00,-3.9402008,-0.34439087
2025-02-05 08:00:00,-4.098587,0.13519287
2025-02-05 09:00:00,-4.0805817,0.6329956
2025-02-05 10:00:00,-3.6105804,0.32063293
2025-02-05 11:00:00,-3.7166138,-0.0055389404
2025-02-05 12:00:00,-3.8722534,-0.40956116
2025-02-05 13:00:00,-3.8789368,-0.6203003
2025-02-05 14:00:00,-3.734146,-0.73361206
2025-02-05 15:00:00,-3.8852234,-0.7413635
2025-02-05 16:00:00,-4.310013,-0.68859863
2025-02-05 17:00:00,-4.7940674,-0.63853455
2025-02-05 18:00:00,-5.0131226,-0.42608643
2025-02-05 19:00:00,-5.1635284,-0.22097778
2025-02-05 20:00:00,-5.23172,0.08151245
2025-02-05 21:00:00,-4.9941864,0.68621826
2025-02-05 22:00:00,-4.6196136,1.7751007
2025-02-05 23:00:00,-4.7894897,1.6910553
2025-02-06 00:00:00,-5.1967163,1.1220856
2025-02-06 01:00:00,-5.5111084,0.53515625
2025-02-06 02:00:00,-5.460449,0.018630981
2025-02-06 03:00:00,-5.625717,-0.45532227
2025-02-06 04:00:00,-6.047516,-0.5291443
2025-02-06 05:00:00,-6.4567413,-0.28982544
2025-02-06 06:00:00,-6.7615967,0.17808533
2025-02-06 07:00:00,-6.800476,0.55384827
2025-02-06 08:00:00,-7.028778,0.74612427
2025-02-06 09:00:00,-7.006073,0.951004
2025-02-06 10:00:00,-7.187378,-0.4052887
2025-02-06 11:00:00,-7.2544556,0.008087158
2025-02-06 12:00:00,-6.8456726,0.63700867
2025-02-06 13:00:00,-6.200165,1.0345001
2025-02-06 14:00:00,-5.875183,1.0383911
2025-02-06 15:00:00,-5.772766,0.71403503
2025-02-06 16:00:00,-5.885971,0.4810791
2025-02-06 17:00:00,-5.96138,0.42614746
2025-02-06 18:00:00,-5.8200073,0.6004944
2025-02-06 19:00:00,-5.707306,0.9534912
2025-02-06 20:00:00,-5.5899506,1.3316345
2025-02-06 21:00:00,-5.4781036,1.708374
2025-02-06 22:00:00,-6.0661316,0.8110962
2025-02-06 23:00:00,-6.2898865,1.1083984
2025-02-07 00:00:00,-6.2278137,1.402298
2025-02-07 01:00:00,-5.8770905,1.5138092
2025-02-07 02:00:00,-5.4283447,1.6921082
2025-02-07 03:00:00,-5.069458,1.9048309
2025-02-07 04:00:00,-4.78421,2.1566772
2025-02-07 05:00:00,-4.696869,2.4443054
2025-02-07 06:00:00,-4.49852,2.8384552
2025-02-07 07:00:00,-4.355377,3.0700836
2025-02-07 08:00:00,-4.268448,3.3456116
2025-02-07 09:00:00,-4.1506805,3.6697388
2025-02-07 10:00:00,-3.5175323,2.2951508
2025-02-07 11:00:00,-4.0159607,2.181717
2025-02-07 12:00:00,-4.542633,1.9499817
2025-02-07 13:00:00,-4.5621033,1.9397736
2025-02-07 14:00:00,-4.9489746,2.0954285
2025-02-07 15:00:00,-5.8504333,2.5175018
2025-02-07 16:00:00,-7.1001587,3.8344574
2025-02-07 17:00:00,-7.8251343,6.4173126
2025-02-07 18:00:00,-7.374893,8.745239
2025-02-07 19:00:00,-6.7773743,9.409576
2025-02-07 20:00:00,-7.265259,10.1675415
2025-02-07 21:00:00,-7.762726,11.209045
2025-02-07 22:00:00,-8.057037,12.038116
2025-02-07 23:00:00,-8.73143,11.520676
2025-02-08 00:00:00,-9.927902,11.726578
2025-02-08 01:00:00,-10.541412,11.468338
2025-02-08 02:00:00,-10.841431,10.788559
2025-02-08 03:00:00,-10.96553,10.541992
2025-02-08 04:00:00,-10.978226,10.741241
2025-02-08 05:00:00,-10.780457,11.012741
2025-02-08 06:00:00,-10.3120575,10.9887085
2025-02-08 07:00:00,-9.783203,10.578033
2025-02-08 08:00:00,-10.14473,10.126907
2025-02-08 09:00:00,-10.714386,9.514847
2025-02-08 10:00:00,-10.851257,8.164078
2025-02-08 11:00:00,-10.034012,7.84729
2025-02-08 12:00:00,-10.560425,7.8390656
2025-02-08 13:00:00,-11.073929,7.9185486
2025-02-08 14:00:00,-11.0000305,7.8450165
2025-02-08 15:00:00,-10.461304,7.620453
2025-02-08 16:00:00,-10.01207,7.2938995
2025-02-08 17:00:00,-9.719147,6.884552
2025-02-08 18:00:00,-9.1716,6.4912567
2025-02-08 19:00:00,-8.9787445,6.3909607
2025-02-08 20:00:00,-9.138153,6.3777466
2025-02-08 21:00:00,-9.46257,6.224777
2025-02-08 22:00:00,-8.392853,5.8328857
2025-02-08 23:00:00,-8.235596,6.5704956
2025-02-09 00:00:00,-7.1546326,6.804016
2025-02-09 01:00:00,-6.1129456,6.839569
2025-02-09 02:00:00,-5.5281067,6.9288025
2025-02-09 03:00:00,-5.101593,6.7199707
2025-02-09 04:00:00,-5.14624,6.4773407
2025-02-09 05:00:00,-5.700577,6.326355
2025-02-09 06:00:00,-6.0352783,6.508972
2025-02-09 07:00:00,-5.8855896,6.8935394
2025-02-09 08:00:00,-5.3200073,7.5151215
2025-02-09 09:00:00,-4.5630035,7.905258
2025-02-09 10:00:00,-3.8052368,5.1869507
2025-02-09 11:00:00,-4.354248,5.913559
2025-02-09 12:00:00,-4.0553894,6.5581665
2025-02-09 13:00:00,-3.405548,6.6508026
2025-02-09 14:00:00,-2.9076233,6.813614
2025-02-09 15:00:00,-2.1655579,6.594879
2025-02-09 16:00:00,-1.3241882,6.171097
2025-02-09 17:00:00,-0.22998047,5.3294525
2025-02-09 18:00:00,1.4103546,3.618042
2025-02-09 19:00:00,2.770996,1.4498291
2025-02-09 20:00:00,3.242096,-0.023544312
2025-02-09 21:00:00,4.210449,-1.5283661
2025-02-09 22:00:00,4.741272,-3.3171082
2025-02-09 23:00:00,5.0558777,-4.1311646
2025-02-10 00:00:00,4.9625854,-4.416626
2025-02-10 01:00:00,5.035782,-4.4948883
2025-02-10 02:00:00,5.190277,-4.442795
2025-02-10 03:00:00,4.6373444,-4.371216
2025-02-10 04:00:00,3.424179,-4.1417694
2025-02-10 05:00:00,2.047638,-3.6451874
2025-02-10 06:00:00,0.37156677,-3.1810608
2025-02-10 07:00:00,-1.7520752,-3.0087128
2025-02-10 08:00:00,-4.0162506,-2.8408356
2025-02-10 09:00:00,-5.4722443,-2.690857
2025-02-10 10:00:00,-5.9252625,-2.269165
2025-02-10 11:00:00,-7.2775116,-2.83667
2025-02-10 12:00:00,-8.693771,-3.1738281
2025-02-10 13:00:00,-9.123825,-3.352005
2025-02-10 14:00:00,-9.106842,-3.7044373
2025-02-10 15:00:00,-9.330856,-4.3356323
2025-02-10 16:00:00,-9.870682,-4.9052887
2025-02-10 17:00:00,-10.478378,-4.8371735
2025-02-10 18:00:00,-10.509384,-4.223358
2025-02-10 19:00:00,-10.067398,-3.591034
2025-02-10 20:00:00,-9.520447,-2.9019623
2025-02-10 21:00:00,-8.943222,-2.2830048
2025-02-10 22:00:00,-8.652496,-2.188202
2025-02-10 23:00:00,-8.405273,-1.6629181
2025-02-11 00:00:00,-7.9796753,-1.3929443
2025-02-11 01:00:00,-7.291382,-1.2653809
2025-02-11 02:00:00,-6.5798492,-1.5645142
2025-02-11 03:00:00,-6.0929565,-1.8289795
2025-02-11 04:00:00,-6.1270294,-1.9987488
2025-02-11 05:00:00,-6.097168,-1.9790802
2025-02-11 06:00:00,-6.5678406,-2.0896149
2025-02-11 07:00:00,-7.038315,-1.8245239
2025-02-11 08:00:00,-7.3085938,-1.2054443
2025-02-11 09:00:00,-6.9788666,-0.50297546
2025-02-11 10:00:00,-6.5702667,-0.8760376
2025-02-11 11:00:00,-6.210846,-0.54418945
2025-02-11 12:00:00,-5.8028107,-0.36402893
2025-02-11 13:00:00,-5.2834167,-0.5380707
2025-02-11 14:00:00,-5.082321,-0.6847992
2025-02-11 15:00:00,-5.1332855,-0.83969116
2025-02-11 16:00:00,-5.3572693,-0.6928253
2025-02-11 17:00:00,-5.422943,-0.6052551
2025-02-11 18:00:00,-5.36821,-0.30827332
2025-02-11 19:00:00,-5.2409363,0.03352356
2025-02-11 20:00:00,-5.1875305,0.57522583
2025-02-11 21:00:00,-4.824341,0.9513397
2025-02-11 22:00:00,-4.843628,1.0848389
2025-02-11 23:00:00,-4.455841,1.4429932
2025-02-12 00:00:00,-4.096222,1.7666168
2025-02-12 01:00:00,-3.7110596,2.0449219
2025-02-12 02:00:00,-3.2631836,2.2776031
2025-02-12 03:00:00,-2.559723,2.570221
2025-02-12 04:00:00,-1.8823395,2.7487488
2025-02-12 05:00:00,-1.2285461,2.8134766
2025-02-12 06:00:00,-0.5960388,2.9731598
2025-02-12 07:00:00,0.17524719,3.032547
2025-02-12 08:00:00,1.2234344,3.0411987
2025-02-12 09:00:00,1.9389038,3.01268
2025-02-12 10:00:00,1.9202576,2.3118744
2025-02-12 11:00:00,1.8873291,2.2294006
2025-02-12 12:00:00,1.8679352,2.343338
2025-02-12 13:00:00,1.799408,2.3236084
2025-02-12 14:00:00,1.6584167,2.3052673
2025-02-12 15:00:00,1.2376862,2.3822327
2025-02-12 16:00:00,0.6608734,2.5973358
2025-02-12 17:00:00,0.14933777,3.1674042
2025-02-12 18:00:00,-0.3401947,3.5279846
2025-02-12 19:00:00,-0.7389374,3.812439
2025-02-12 20:00:00,-1.2548218,4.076309
2025-02-12 21:00:00,-1.9066925,4.309128
2025-02-12 22:00:00,-3.37323,4.2113495
2025-02-12 23:00:00,-4.0989227,5.063263
2025-02-13 00:00:00,-4.3543396,6.1972046
2025-02-13 01:00:00,-3.8132782,6.9201355
2025-02-13 02:00:00,-3.284256,7.085663
2025-02-13 03:00:00,-3.0366058,6.611374
2025-02-13 04:00:00,-3.423172,5.8854065
2025-02-13 05:00:00,-4.0740356,5.488846
2025-02-13 06:00:00,-4.4935303,5.567871
2025-02-13 07:00:00,-4.5226135,5.939148
2025-02-13 08:00:00,-3.8728485,6.616043
2025-02-13 09:00:00,-2.695221,7.360214
2025-02-13 10:00:00,-1.7188416,7.4895782
2025-02-13 11:00:00,-0.07159424,8.1188965
2025-02-13 12:00:00,1.3576965,8.014526
2025-02-13 13:00:00,2.3875275,7.421997
2025-02-13 14:00:00,2.8108063,6.7665863
2025-02-13 15:00:00,2.914795,6.2797394
2025-02-13 16:00:00,2.6683197,5.9581757
2025-02-13 17:00:00,2.1643677,5.9373627
2025-02-13 18:00:00,1.3514862,6.142212
2025-02-13 19:00:00,0.5211334,6.4931793
2025-02-13 20:00:00,-0.39068604,6.9654846
2025-02-13 21:00:00,-1.1850433,7.429657
2025-02-13 22:00:00,-2.297226,8.077805
2025-02-13 23:00:00,-2.393753,8.840988
2025-02-14 00:00:00,-1.9212646,9.239395
2025-02-14 01:00:00,-1.4111023,9.278839
2025-02-14 02:00:00,-1.2276154,9.271973
2025-02-14 03:00:00,-1.1989136,9.139633
2025-02-14 04:00:00,-0.68748474,8.385498
2025-02-14 05:00:00,-0.0778656,7.716507
2025-02-14 06:00:00,0.63275146,5.149933
2025-02-14 07:00:00,2.5625,-1.3143158
2025-02-14 08:00:00,1.5427551,-6.092926
2025-02-14 09:00:00,-3.0881195,-5.0649567
2025-02-14 10:00:00,-3.6225586,0.1643982
2025-02-14 11:00:00,-5.7730865,2.9760437
2025-02-14 12:00:00,-4.826065,4.161972
2025-02-14 13:00:00,-3.4636383,4.36232
2025-02-14 14:00:00,-0.67832947,5.645233
2025-02-14 15:00:00,3.532959,6.031906
2025-02-14 16:00:00,5.932312,2.8713837
2025-02-14 17:00:00,6.823654,-0.9048767
2025-02-14 18:00:00,5.9161987,-3.615036
2025-02-14 19:00:00,4.6016693,-4.370178
2025-02-14 20:00:00,4.6932373,-4.2550507
2025-02-14 21:00:00,6.128723,-4.3263855
2025-02-14 22:00:00,7.6224213,-2.960312
2025-02-14 23:00:00,7.5318756,-1.5890503
2025-02-15 00:00:00,7.5248413,-0.24858093
2025-02-15 01:00:00,8.143494,-0.15341187
2025-02-15 02:00:00,8.489288,-0.62106323
2025-02-15 03:00:00,7.984024,-0.55210876
2025-02-15 04:00:00,8.066956,0.12730408
2025-02-15 05:00:00,8.514282,1.2211304
2025-02-15 06:00:00,9.696884,2.3962402
2025-02-15 07:00:00,10.551758,2.7792816
2025-02-15 08:00:00,10.748108,3.1787567
2025-02-15 09:00:00,10.598953,3.7015839
2025-02-15 10:00:00,10.987625,4.585617
2025-02-15 11:00:00,11.029526,4.4000854
2025-02-15 12:00:00,10.287796,4.242874
2025-02-15 13:00:00,10.71022,4.4210663
2025-02-15 14:00:00,13.114273,0.66319275
2025-02-15 15:00:00,13.341034,-3.3523102
2025-02-15 16:00:00,11.191101,-3.3828888
2025-02-15 17:00:00,11.290283,-3.4167633
2025-02-15 18:00:00,11.35434,-3.541275
2025-02-15 19:00:00,11.804077,-4.1361084
2025-02-15 20:00:00,11.986267,-4.619522
2025-02-15 21:00:00,12.120926,-3.8958282
2025-02-15 22:00:00,13.093643,-3.8562012
2025-02-15 23:00:00,14.050507,-3.483551
2025-02-16 00:00:00,14.574493,-3.718216
2025-02-16 01:00:00,14.604889,-4.5276337
2025-02-16 02:00:00,14.597092,-5.553604
2025-02-16 03:00:00,13.94516,-6.37381
2025-02-16 04:00:00,12.805222,-7.823471
2025-02-16 05:00:00,10.838852,-9.6210785
2025-02-16 06:00:00,8.385208,-10.710449
2025-02-16 07:00:00,6.266632,-11.091553
2025-02-16 08:00:00,5.634796,-10.622131
2025-02-16 09:00:00,5.75296,-9.961273
2025-02-16 10:00:00,5.4190826,-8.422165
2025-02-16 11:00:00,5.533554,-8.026123
2025-02-16 12:00:00,5.186096,-8.391495
2025-02-16 13:00:00,5.1110535,-8.097229
2025-02-16 14:00:00,5.290741,-7.2404327
2025-02-16 15:00:00,5.7382965,-6.6326294
2025-02-16 16:00:00,5.902481,-6.2129974
2025-02-16 17:00:00,6.0139313,-5.886505
2025-02-16 18:00:00,6.228363,-5.46109
2025-02-16 19:00:00,6.284912,-5.254822
2025-02-16 20:00:00,6.317383,-5.1214294
2025-02-16 21:00:00,6.200241,-5.0919037
2025-02-16 22:00:00,4.8423004,-5.278305
2025-02-16 23:00:00,3.8948822,-4.635605
2025-02-17 00:00:00,3.414795,-4.0293427
2025-02-17 01:00:00,3.2888184,-3.4914093
2025-02-17 02:00:00,3.7405548,-2.6392212
2025-02-17 03:00:00,4.427017,-1.9693298
2025-02-17 04:00:00,4.810974,-1.680603
2025-02-17 05:00:00,4.9169617,-1.6024933
2025-02-17 06:00:00,4.9445953,-1.4198761
2025-02-17 07:00:00,4.838928,-1.3108368
2025-02-17 08:00:00,4.372864,-1.0965576
2025-02-17 09:00:00,3.8715057,-0.6309662
2025-02-17 10:00:00,2.9885864,-1.116684
2025-02-17 11:00:00,2.8552399,-0.27824402
2025-02-17 12:00:00,3.2454987,0.43032837
2025-02-17 13:00:00,3.3839111,0.7147064
2025-02-17 14:00:00,2.8911285,-0.020050049
2025-02-17 15:00:00,2.3928528,-0.6816559
2025-02-17 16:00:00,2.4327698,-0.28390503
2025-02-17 17:00:00,2.6868439,0.19038391
2025-02-17 18:00:00,2.8299408,0.4187317
2025-02-17 19:00:00,2.9653473,0.6973877
2025-02-17 20:00:00,2.9790344,0.79959106
2025-02-17 21:00:00,3.130066,0.69403076
2025-02-17 22:00:00,3.1323242,0.3631897
2025-02-17 23:00:00,2.9180145,0.33406067
2025-02-18 00:00:00,2.7111359,0.1730957
2025-02-18 01:00:00,2.5651398,0.11720276
2025-02-18 02:00:00,2.4046936,0.34466553
2025-02-18 03:00:00,2.0155182,0.70251465
2025-02-18 04:00:00,1.9945831,1.1475067
2025-02-18 05:00:00,2.0199127,1.5061798
2025-02-18 06:00:00,1.9745636,1.6386871
2025-02-18 07:00:00,1.7753906,1.5698547
2025-02-18 08:00:00,1.7004395,1.5272675
2025-02-18 09:00:00,1.750351,1.3603821
2025-02-18 10:00:00,1.5425415,1.739212
2025-02-18 11:00:00,1.8751373,1.6849213
2025-02-18 12:00:00,1.8390503,1.7794952
2025-02-18 13:00:00,2.0845795,1.7493591
2025-02-18 14:00:00,2.399826,1.8022308
2025-02-18 15:00:00,2.7033386,1.6282349
2025-02-18 16:00:00,2.8673096,1.0602875
2025-02-18 17:00:00,2.8345947,0.6166229
2025-02-18 18:00:00,2.708908,0.011886597
2025-02-18 19:00:00,2.3009796,-0.5301056
2025-02-18 20:00:00,1.763794,-0.51530457
2025-02-18 21:00:00,1.3818207,-0.34487915
2025-02-18 22:00:00,1.2940979,-1.1052094
2025-02-18 23:00:00,1.1640472,-1.4334412
2025-02-19 00:00:00,0.71977234,-1.5868683
2025-02-19 01:00:00,0.31134033,-1.5525208
2025-02-19 02:00:00,-0.09353638,-1.4073029
2025-02-19 03:00:00,-0.52778625,-1.1758423
2025-02-19 04:00:00,-0.84820557,-1.19133
2025-02-19 05:00:00,-1.2029724,-1.2187042
2025-02-19 06:00:00,-1.415451,-1.3324432
2025-02-19 07:00:00,-1.6402435,-1.4936676
2025-02-19 08:00:00,-1.9398804,-1.3573151
2025-02-19 09:00:00,-2.0416107,-0.7843323
2025-02-19 10:00:00,-1.4671631,-0.09718323
2025-02-19 11:00:00,-1.3519592,-0.27409363
2025-02-19 12:00:00,-1.5442505,-0.9859619
2025-02-19 13:00:00,-2.0760498,-1.4580994
2025-02-19 14:00:00,-2.7798767,-1.579773
2025-02-19 15:00:00,-3.5068817,-1.4050903
2025-02-19 16:00:00,-4.28833,-1.0824738
2025-02-19 17:00:00,-5.179413,-0.486557
2025-02-19 18:00:00,-5.969528,0.29910278
2025-02-19 19:00:00,-6.3910065,1.2505951
2025-02-19 20:00:00,-6.3583374,1.9960785
2025-02-19 21:00:00,-6.048218,2.6358337
2025-02-19 22:00:00,-5.7968445,2.742447
2025-02-19 23:00:00,-5.4423065,2.939865
2025-02-20 00:00:00,-5.3184204,2.980667
2025-02-20 01:00:00,-5.1896667,3.1021423
2025-02-20 02:00:00,-4.9288483,3.2440338
2025-02-20 03:00:00,-4.919113,2.7518158
2025-02-20 04:00:00,-5.094681,2.0567017
2025-02-20 05:00:00,-5.503189,1.9680023
2025-02-20 06:00:00,-5.641754,2.0815887
2025-02-20 07:00:00,-5.900543,2.47229
2025-02-20 08:00:00,-5.9586334,2.6123657
2025-02-20 09:00:00,-5.895584,2.8076477
2025-02-20 10:00:00,-5.608322,1.783432
2025-02-20 11:00:00,-5.8739014,1.6468201
2025-02-20 12:00:00,-5.9777527,1.4468689
2025-02-20 13:00:00,-6.149399,1.2085571
2025-02-20 14:00:00,-6.405594,1.3797455
2025-02-20 15:00:00,-6.618744,1.4042206
2025-02-20 16:00:00,-6.753937,1.3033447
2025-02-20 17:00:00,-6.8328094,1.1043243
2025-02-20 18:00:00,-6.823044,1.130661
2025-02-20 19:00:00,-6.7207794,1.2675781
2025-02-20 20:00:00,-6.5975647,1.0921936
2025-02-20 21:00:00,-6.3930206,0.90901184
2025-02-20 22:00:00,-5.8386383,0.83647156
2025-02-20 23:00:00,-5.94223,0.66244507
2025-02-21 00:00:00,-6.038254,0.38154602
2025-02-21 01:00:00,-6.1929016,0.02822876
2025-02-21 02:00:00,-6.405426,-0.20448303
2025-02-21 03:00:00,-6.5013123,-0.3317871
2025-02-21 04:00:00,-6.501236,-0.47224426
2025-02-21 05:00:00,-6.6260376,-0.70388794
2025-02-21 06:00:00,-6.81691,-0.93385315
2025-02-21 07:00:00,-6.839798,-0.99250793
2025-02-21 08:00:00,-6.901932,-1.0755157
2025-02-21 09:00:00,-7.098297,-1.1436005
2025-02-21 10:00:00,-5.8533173,-1.2617645
2025-02-21 11:00:00,-5.901947,-0.78570557
2025-02-21 12:00:00,-5.9877777,-0.34609985
2025-02-21 13:00:00,-6.0689697,-0.062332153
2025-02-21 14:00:00,-5.789398,-0.017120361
2025-02-21 15:00:00,-5.5847015,-0.12181091
2025-02-21 16:00:00,-5.468155,-0.2610321
2025-02-21 17:00:00,-5.67157,-0.13644409
2025-02-21 18:00:00,-6.1882324,-0.24645996
2025-02-21 19:00:00,-6.8686523,-0.24487305
2025-02-21 20:00:00,-6.9828033,-0.18234253
2025-02-21 21:00:00,-6.7124786,-0.14932251
2025-02-21 22:00:00,-6.0086365,0.007293701
2025-02-21 23:00:00,-6.2089844,-0.1265564
2025-02-22 00:00:00,-6.589264,-0.23527527
2025-02-22 01:00:00,-6.9755096,-0.51379395
2025-02-22 02:00:00,-7.3423615,-0.6402283
2025-02-22 03:00:00,-7.673889,-1.1283112
2025-02-22 04:00:00,-7.8571167,-1.716217
2025-02-22 05:00:00,-7.880417,-1.8468933
2025-02-22 06:00:00,-7.8144684,-1.4771576
2025-02-22 07:00:00,-7.539322,-0.7879486
2025-02-22 08:00:00,-7.0816345,-0.049575806
2025-02-22 09:00:00,-6.152603,0.36138916
2025-02-22 10:00:00,-5.190918,-0.9330139
2025-02-22 11:00:00,-4.445877,-0.91641235
2025-02-22 12:00:00,-3.9210358,-1.0107574
2025-02-22 13:00:00,-3.6268768,-1.3502655
2025-02-22 14:00:00,-3.5741882,-1.5765381
2025-02-22 15:00:00,-3.5829315,-1.7865906
2025-02-22 16:00:00,-3.5265503,-1.7626038
2025-02-22 17:00:00,-3.5518646,-1.5024109
2025-02-22 18:00:00,-3.663971,-1.3508606
2025-02-22 19:00:00,-3.7124634,-1.1918335
2025-02-22 20:00:00,-3.8400726,-0.93925476
2025-02-22 21:00:00,-3.9895477,-0.6351013
2025-02-22 22:00:00,-3.5860443,-1.160202
2025-02-22 23:00:00,-3.5674896,-1.2631073
2025-02-23 00:00:00,-3.3815155,-1.2477112
2025-02-23 01:00:00,-3.1237793,-1.1132355
2025-02-23 02:00:00,-3.0529022,-1.3570404
2025-02-23 03:00:00,-3.1054382,-1.6032257
2025-02-23 04:00:00,-3.1636047,-1.7575378
2025-02-23 05:00:00,-3.3016052,-1.5782013
2025-02-23 06:00:00,-3.5815125,-1.2280273
2025-02-23 07:00:00,-3.9363098,-0.85632324
2025-02-23 08:00:00,-4.233856,-0.47286987
2025-02-23 09:00:00,-4.2646484,-0.11122131
2025-02-23 10:00:00,-3.406128,-0.14123535
2025-02-23 11:00:00,-3.1744385,-0.35165405
2025-02-23 12:00:00,-3.0932922,-0.48832703
2025-02-23 13:00:00,-2.698227,-0.64649963
2025-02-23 14:00:00,-2.2610626,-0.9269104
2025-02-23 15:00:00,-2.0422516,-1.3390961
2025-02-23 16:00:00,-2.0325317,-1.5484161
2025-02-23 17:00:00,-1.8248901,-1.4162903
2025-02-23 18:00:00,-1.5842743,-0.9897156
2025-02-23 19:00:00,-1.374115,-0.70098877
2025-02-23 20:00:00,-1.5600891,-0.7462311
2025-02-23 21:00:00,-1.8149872,-1.0895691
2025-02-23 22:00:00,-2.202835,-1.1663971
2025-02-23 23:00:00,-1.725296,-1.1529083
2025-02-24 00:00:00,-1.350235,-1.3635101
2025-02-24 01:00:00,-1.0302277,-1.5439148
2025-02-24 02:00:00,-0.7233124,-1.7273712
2025-02-24 03:00:00,-0.6873474,-1.9197845
2025-02-24 04:00:00,-0.71138,-2.492096
2025-02-24 05:00:00,-0.84651184,-2.6573944
2025-02-24 06:00:00,-0.8755646,-2.762741
2025-02-24 07:00:00,-0.90211487,-2.976822
2025-02-24 08:00:00,-0.85365295,-2.9829712
2025-02-24 09:00:00,-0.6660919,-2.7450867
2025-02-24 10:00:00,-0.52227783,-1.5868225
2025-02-24 11:00:00,-0.23753357,-0.8895111
2025-02-24 12:00:00,0.3912964,-0.5414734
2025-02-24 13:00:00,1.1252899,-0.52445984
2025-02-24 14:00:00,1.7992401,-0.60873413
2025-02-24 15:00:00,2.2853546,-0.8389282
2025-02-24 16:00:00,2.4967194,-1.3434143
2025-02-24 17:00:00,2.6685944,-1.8818054
2025-02-24 18:00:00,2.5465546,-2.0173187
2025-02-24 19:00:00,2.359558,-1.472641
2025-02-24 20:00:00,2.3597717,-0.91856384
2025-02-24 21:00:00,2.5629578,-0.41374207
2025-02-24 22:00:00,2.392517,-0.15744019
2025-02-24 23:00:00,2.633789,0.3706665
2025-02-25 00:00:00,2.945816,0.778595
2025-02-25 01:00:00,3.3683624,0.8874817
2025-02-25 02:00:00,3.738327,0.67367554
2025-02-25 03:00:00,4.0590363,0.14039612
2025-02-25 04:00:00,4.3480988,-0.31085205
2025-02-25 05:00:00,4.412201,-0.5912018
2025-02-25 06:00:00,4.4419403,-1.0072784
2025-02-25 07:00:00,4.2555695,-1.4685974
2025-02-25 08:00:00,4.2365265,-1.5090332
2025-02-25 09:00:00,4.2932434,-1.232605
2025-02-25 10:00:00,4.1704407,-0.4991455
2025-02-25 11:00:00,4.431778,0.27334595
2025-02-25 12:00:00,4.886215,0.692276
2025-02-25 13:00:00,5.272049,0.77760315
2025-02-25 14:00:00,5.5082245,0.7014923
2025-02-25 15:00:00,5.7339325,0.77549744
2025-02-25 16:00:00,6.0967407,0.96513367
2025-02-25 17:00:00,6.240097,0.8394165
2025-02-25 18:00:00,6.2421265,0.76834106
2025-02-25 19:00:00,6.0885468,0.86660767
2025-02-25 20:00:00,6.204788,1.066803
2025-02-25 21:00:00,6.113205,1.5290527
2025-02-25 22:00:00,6.143524,1.7624207
2025-02-25 23:00:00,5.995682,2.5151672
2025-02-26 00:00:00,6.147476,3.2671509
2025-02-26 01:00:00,6.274353,3.7462463
2025-02-26 02:00:00,6.233429,4.1041107
2025-02-26 03:00:00,6.236328,4.5188904
2025-02-26 04:00:00,6.213455,4.884094
2025-02-26 05:00:00,6.3319244,5.248184
2025-02-26 06:00:00,6.3071594,5.869522
2025-02-26 07:00:00,6.0551147,6.6122284
2025-02-26 08:00:00,5.849106,7.3596344
2025-02-26 09:00:00,5.709656,7.941742
2025-02-26 10:00:00,5.3812256,8.682587
2025-02-26 11:00:00,4.9904785,9.098984
2025-02-26 12:00:00,5.0678864,9.320557
2025-02-26 13:00:00,5.5209656,9.447647
2025-02-26 14:00:00,5.8595734,9.285599
2025-02-26 15:00:00,6.1949615,8.680038
2025-02-26 16:00:00,6.681595,8.082413
2025-02-26 17:00:00,7.625885,7.194153
2025-02-26 18:00:00,9.050644,5.226425
2025-02-26 19:00:00,9.582962,2.8633575
2025-02-26 20:00:00,8.758347,2.3028412
2025-02-26 21:00:00,9.6601715,2.4612732
2025-02-26 22:00:00,11.877609,-1.2061615
2025-02-26 23:00:00,10.986221,-4.2854767
2025-02-27 00:00:00,11.133163,-4.3175507
2025-02-27 01:00:00,11.188568,-3.4555511
2025-02-27 02:00:00,11.313324,-3.723709
2025-02-27 03:00:00,11.497482,-4.1566467
2025-02-27 04:00:00,11.317856,-4.023636
2025-02-27 05:00:00,11.161514,-3.9436646
2025-02-27 06:00:00,11.452972,-3.7515411
2025-02-27 07:00:00,11.744431,-3.4121857
2025-02-27 08:00:00,12.294495,-2.8766327
2025-02-27 09:00:00,12.778366,-3.0477448
2025-02-27 10:00:00,13.594711,-2.7671204
2025-02-27 11:00:00,13.648987,-2.6029358
2025-02-27 12:00:00,13.584854,-3.2076263
2025-02-27 13:00:00,13.335251,-4.1494904
2025-02-27 14:00:00,13.355972,-4.677124
2025-02-27 15:00:00,13.31543,-4.8518066
2025-02-27 16:00:00,13.210037,-5.440674
2025-02-27 17:00:00,13.011414,-6.173935
2025-02-27 18:00:00,12.994217,-6.7637787
2025-02-27 19:00:00,12.604462,-7.247879
2025-02-27 20:00:00,11.5009,-7.2931213
2025-02-27 21:00:00,10.257385,-6.931259
2025-02-27 22:00:00,8.891022,-5.8959045
2025-02-27 23:00:00,8.385162,-5.005661
2025-02-28 00:00:00,8.440048,-4.125717
2025-02-28 01:00:00,8.692627,-3.581314
2025-02-28 02:00:00,8.239563,-3.5200195
2025-02-28 03:00:00,7.2222595,-3.461563
2025-02-28 04:00:00,6.467331,-3.3781586
2025-02-28 05:00:00,6.227249,-2.9865417
2025-02-28 06:00:00,6.2310486,-2.5221558
2025-02-28 07:00:00,6.006363,-2.04039
2025-02-28 08:00:00,5.245285,-1.5230408
2025-02-28 09:00:00,4.526291,-0.763916
2025-02-28 10:00:00,3.7893524,-0.05923462
2025-02-28 11:00:00,3.5473328,1.0853882
2025-02-28 12:00:00,3.1433716,2.0804596
2025-02-28 13:00:00,2.908493,3.0929413
2025-02-28 14:00:00,2.8508148,3.9721985
2025-02-28 15:00:00,2.2851868,4.418976
2025-02-28 16:00:00,1.2962189,4.689453
2025-02-28 17:00:00,0.43688965,4.9851074
2025-02-28 18:00:00,-0.0078125,5.6344147
2025-02-28 19:00:00,-0.41047668,6.2505035
2025-02-28 20:00:00,-0.9961548,6.869919
2025-02-28 21:00:00,-1.4737701,7.498825
2025-02-28 22:00:00,-1.6939697,8.5290985
2025-02-28 23:00:00,-1.850235,9.03389
2025-03-01 00:00:00,-1.9795685,9.0767975
2025-03-01 01:00:00,-2.0274658,8.994919
2025-03-01 02:00:00,-2.1119995,8.890503
2025-03-01 03:00:00,-2.225006,8.997253
2025-03-01 04:00:00,-2.484024,8.951126
2025-03-01 05:00:00,-2.7479248,8.907501
2025-03-01 06:00:00,-2.774109,9.089661
2025-03-01 07:00:00,-2.7743988,9.418152
2025-03-01 08:00:00,-2.734604,9.888412
2025-03-01 09:00:00,-2.5488434,10.24765
2025-03-01 10:00:00,-2.377533,9.622253
2025-03-01 11:00:00,-2.7353058,9.98143
2025-03-01 12:00:00,-2.8019104,10.126007
2025-03-01 13:00:00,-2.643219,10.106323
2025-03-01 14:00:00,-2.7123413,9.977173
2025-03-01 15:00:00,-3.059082,9.576172
2025-03-01 16:00:00,-3.9712067,9.290298
2025-03-01 17:00:00,-4.770111,9.145615
2025-03-01 18:00:00,-5.541733,9.093155
2025-03-01 19:00:00,-6.612274,9.10849
2025-03-01 20:00:00,-7.5584106,9.2499695
2025-03-01 21:00:00,-8.413071,9.3871
2025-03-01 22:00:00,-8.9769745,10.187759
2025-03-01 23:00:00,-9.711807,10.30188
2025-03-02 00:00:00,-9.87114,10.394592
2025-03-02 01:00:00,-9.546997,10.636032
2025-03-02 02:00:00,-9.581467,10.773071
2025-03-02 03:00:00,-9.598633,10.735306
2025-03-02 04:00:00,-9.644653,10.352234
2025-03-02 05:00:00,-9.571411,9.5177765
2025-03-02 06:00:00,-9.439087,8.454773
2025-03-02 07:00:00,-9.830353,7.9039917
2025-03-02 08:00:00,-10.063782,7.6563873
2025-03-02 09:00:00,-10.428207,7.1882324
2025-03-02 10:00:00,-10.513062,5.9846954
2025-03-02 11:00:00,-10.729767,4.8976593
2025-03-02 12:00:00,-11.367096,3.472824
2025-03-02 13:00:00,-12.084549,2.6567078
2025-03-02 14:00:00,-12.188843,2.1117554
2025-03-02 15:00:00,-12.189148,0.8844757
2025-03-02 16:00:00,-12.718811,-0.611969
2025-03-02 17:00:00,-13.050934,-1.9945831
2025-03-02 18:00:00,-12.939545,-2.3432312
2025-03-02 19:00:00,-13.04567,-2.1840515
2025-03-02 20:00:00,-13.322418,-2.0518036
2025-03-02 21:00:00,-13.209656,-2.5128021
2025-03-02 22:00:00,-13.518585,-4.0594177
2025-03-02 23:00:00,-13.196411,-4.101181
2025-03-03 00:00:00,-12.641922,-3.2990265
2025-03-03 01:00:00,-11.516037,-3.3374176
2025-03-03 02:00:00,-10.792938,-3.9512024
2025-03-03 03:00:00,-10.381882,-4.293686
2025-03-03 04:00:00,-10.251862,-4.8173065
2025-03-03 05:00:00,-10.154312,-5.41658
2025-03-03 06:00:00,-10.08905,-5.8919067
2025-03-03 07:00:00,-9.928986,-6.3018646
2025-03-03 08:00:00,-10.035919,-6.820236
2025-03-03 09:00:00,-10.01857,-6.865326
2025-03-03 10:00:00,-9.334061,-6.2940216
2025-03-03 11:00:00,-9.0217285,-5.800308
2025-03-03 12:00:00,-8.531464,-5.1434937
2025-03-03 13:00:00,-8.151825,-4.714203
2025-03-03 14:00:00,-8.391602,-4.508911
2025-03-03 15:00:00,-8.4216,-3.9654694
2025-03-03 16:00:00,-8.101929,-2.964264
2025-03-03 17:00:00,-7.805374,-2.402832
2025-03-03 18:00:00,-7.248001,-2.1313477
2025-03-03 19:00:00,-6.4761963,-1.8413086
2025-03-03 20:00:00,-5.8667297,-1.5477753
2025-03-03 21:00:00,-5.608383,-1.7855072
2025-03-03 22:00:00,-5.35495,-1.6205292
2025-03-03 23:00:00,-4.8292694,-1.2141724
2025-03-04 00:00:00,-4.0169373,-0.62797546
2025-03-04 01:00:00,-3.4351807,-0.3231964
2025-03-04 02:00:00,-2.8781586,0.07998657
2025-03-04 03:00:00,-2.540802,0.35614014
2025-03-04 04:00:00,-2.204132,0.22309875
2025-03-04 05:00:00,-2.2489471,-0.3370514
2025-03-04 06:00:00,-2.2133484,-0.88378906
2025-03-04 07:00:00,-2.4702454,-1.2763672
2025-03-04 08:00:00,-3.213501,-1.1530609
2025-03-04 09:00:00,-4.1033173,-0.6291046
2025-03-04 10:00:00,-2.9670563,-0.048538208
2025-03-04 11:00:00,-3.6753082,0.5810394
2025-03-04 12:00:00,-3.9184265,0.85668945
2025-03-04 13:00:00,-3.5387115,0.7526398
2025-03-04 14:00:00,-3.148407,0.086868286
2025-03-04 15:00:00,-3.1357727,-0.97579956
2025-03-04 16:00:00,-3.3604279,-1.8448029
2025-03-04 17:00:00,-3.8484497,-2.7520142
2025-03-04 18:00:00,-4.1898346,-3.4631195
2025-03-04 19:00:00,-4.448807,-4.001419
2025-03-04 20:00:00,-4.735153,-4.1724243
2025-03-04 21:00:00,-5.0763245,-4.003357
2025-03-04 22:00:00,-4.91922,-3.178131
2025-03-04 23:00:00,-5.7165985,-2.7157288
2025-03-05 00:00:00,-6.5905457,-2.4138794
2025-03-05 01:00:00,-7.6620483,-2.384842
2025-03-05 02:00:00,-8.715271,-2.4225616
2025-03-05 03:00:00,-9.021637,-2.1208649
2025-03-05 04:00:00,-8.884918,-1.6585236
2025-03-05 05:00:00,-8.736847,-1.2991028
2025-03-05 06:00:00,-8.690674,-0.868042
2025-03-05 07:00:00,-8.909744,-0.81936646
2025-03-05 08:00:00,-8.936401,-0.7286682
2025-03-05 09:00:00,-8.669067,-0.47161865
2025-03-05 10:00:00,-7.6140594,-0.38978577
2025-03-05 11:00:00,-7.1299133,-0.18278503
2025-03-05 12:00:00,-7.0506897,-0.31488037
2025-03-05 13:00:00,-6.713455,-0.37646484
2025-03-05 14:00:00,-6.6946716,-0.48908997
2025-03-05 15:00:00,-7.1176147,-0.4864807
2025-03-05 16:00:00,-7.160019,-0.14570618
2025-03-05 17:00:00,-7.2307434,0.118499756
2025-03-05 18:00:00,-7.326111,0.49209595
2025-03-05 19:00:00,-7.361267,0.8675537
2025-03-05 20:00:00,-7.4621735,1.2413177
2025-03-05 21:00:00,-7.50296,1.2919006
2025-03-05 22:00:00,-7.1926117,1.8874817
2025-03-05 23:00:00,-7.452881,1.6740112
2025-03-06 00:00:00,-7.7303925,1.8114014
2025-03-06 01:00:00,-7.727112,2.2371368
2025-03-06 02:00:00,-7.4092407,3.0079193
2025-03-06 03:00:00,-7.248062,3.1084747
2025-03-06 04:00:00,-7.301178,3.1244812
2025-03-06 05:00:00,-7.275879,3.6155243
2025-03-06 06:00:00,-7.3636475,4.2238617
2025-03-06 07:00:00,-7.7506256,5.1687317
2025-03-06 08:00:00,-7.923355,6.1257324
2025-03-06 09:00:00,-7.6595764,6.836563
2025-03-06 10:00:00,-6.7339935,6.0560913
2025-03-06 11:00:00,-7.6798096,6.032013
2025-03-06 12:00:00,-8.105133,6.2128296
2025-03-06 13:00:00,-8.519653,6.2808228
2025-03-06 14:00:00,-9.248779,6.1086273
2025-03-06 15:00:00,-9.563644,5.941696
2025-03-06 16:00:00,-9.839478,5.960266
2025-03-06 17:00:00,-9.958145,6.157074
2025-03-06 18:00:00,-10.327148,6.7724457
2025-03-06 19:00:00,-10.174622,7.272293
2025-03-06 20:00:00,-10.004578,7.305603
2025-03-06 21:00:00,-9.613632,8.02211
2025-03-06 22:00:00,-8.267838,7.8023224
2025-03-06 23:00:00,-7.4617615,8.944275
2025-03-07 00:00:00,-7.066437,8.864059
2025-03-07 01:00:00,-6.4893494,9.854904
2025-03-07 02:00:00,-6.3874207,10.22612
2025-03-07 03:00:00,-6.2478333,10.532028
2025-03-07 04:00:00,-6.2839966,10.791519
2025-03-07 05:00:00,-6.406006,11.058945
2025-03-07 06:00:00,-5.9996033,11.635574
2025-03-07 07:00:00,-5.4597473,12.412308
2025-03-07 08:00:00,-4.708893,13.29393
2025-03-07 09:00:00,-4.319931,13.383575
2025-03-07 10:00:00,-4.5584717,12.499222
2025-03-07 11:00:00,-5.113861,12.307388
2025-03-07 12:00:00,-4.4963226,11.768051
2025-03-07 13:00:00,-3.0860748,10.609283
2025-03-07 14:00:00,-1.6099701,9.210159
2025-03-07 15:00:00,-0.3487854,6.4367523
2025-03-07 16:00:00,0.60136414,3.8473663
2025-03-07 17:00:00,1.2008667,1.8513336
2025-03-07 18:00:00,1.6769409,0.31871033
2025-03-07 19:00:00,2.289032,-0.72013855
2025-03-07 20:00:00,2.8140411,-1.182251
2025-03-07 21:00:00,2.5666199,-1.3158112
2025-03-07 22:00:00,4.0113373,-2.1430664
2025-03-07 23:00:00,4.685898,-1.1576538
2025-03-08 00:00:00,5.3949127,-0.7970886
2025-03-08 01:00:00,5.532303,-0.9937439
2025-03-08 02:00:00,5.1945343,-1.2649231
2025-03-08 03:00:00,4.9979706,-1.3015594
2025-03-08 04:00:00,4.3876343,-1.7040253
2025-03-08 05:00:00,3.4091797,-2.1542816
2025-03-08 06:00:00,2.499649,-2.650177
2025-03-08 07:00:00,2.1973877,-2.6791992
2025-03-08 08:00:00,2.213745,-2.6531067
2025-03-08 09:00:00,2.1046906,-2.6453094
2025-03-08 10:00:00,1.9974823,-3.3241882
2025-03-08 11:00:00,1.2063751,-3.5388184
2025-03-08 12:00:00,0.7415619,-3.2970734
2025-03-08 13:00:00,1.0508423,-3.0773468
2025-03-08 14:00:00,1.5198517,-3.1462555
2025-03-08 15:00:00,1.177536,-3.554016
2025-03-08 16:00:00,0.83747864,-3.8383636
2025-03-08 17:00:00,0.9330139,-3.820404
2025-03-08 18:00:00,0.6620178,-3.7652283
2025-03-08 19:00:00,0.005065918,-3.480484
2025-03-08 20:00:00,0.052459717,-3.5462952
2025-03-08 21:00:00,-0.44024658,-4.0430756
2025-03-08 22:00:00,-0.90011597,-4.00235
2025-03-08 23:00:00,-0.87461853,-3.5219116
2025-03-09 00:00:00,-0.52648926,-3.3841095
2025-03-09 01:00:00,-0.5643616,-3.7681427
2025-03-09 02:00:00,-1.4212646,-3.9419556
2025-03-09 03:00:00,-1.9476013,-3.607132
2025-03-09 04:00:00,-2.2728271,-3.1096954
2025-03-09 05:00:00,-2.528305,-2.5610962
2025-03-09 06:00:00,-2.8022156,-2.0676575
2025-03-09 07:00:00,-3.0058136,-1.5194092
2025-03-09 08:00:00,-3.293457,-0.57214355
2025-03-09 09:00:00,-3.284851,0.46322632
2025-03-09 10:00:00,-3.1122284,0.646286
2025-03-09 11:00:00,-2.978241,1.6407471
2025-03-09 12:00:00,-2.590973,2.3702393
2025-03-09 13:00:00,-2.203888,2.9091187
2025-03-09 14:00:00,-1.689148,3.3960724
2025-03-09 15:00:00,-1.657196,3.7490997
2025-03-09 16:00:00,-2.0970306,4.0654907
2025-03-09 17:00:00,-2.6854553,4.4282227
2025-03-09 18:00:00,-3.1438293,4.8571167
2025-03-09 19:00:00,-3.6118164,5.188675
2025-03-09 20:00:00,-4.076889,5.766571
2025-03-09 21:00:00,-4.527466,6.544754
2025-03-09 22:00:00,-5.2298737,6.5612335
2025-03-09 23:00:00,-5.9841766,7.5414734
2025-03-10 00:00:00,-6.2099457,8.217178
2025-03-10 01:00:00,-6.401413,8.804352
2025-03-10 02:00:00,-6.5032654,9.305405
2025-03-10 03:00:00,-6.5255127,9.591141
2025-03-10 04:00:00,-6.7484283,9.894211
2025-03-10 05:00:00,-6.9177704,10.361969
2025-03-10 06:00:00,-6.738022,11.035538
2025-03-10 07:00:00,-6.3358307,11.61882
2025-03-10 08:00:00,-6.0374146,12.022736
2025-03-10 09:00:00,-6.0140533,12.200317
2025-03-10 10:00:00,-5.320511,12.967056
2025-03-10 11:00:00,-4.967621,13.222763
2025-03-10 12:00:00,-4.3379974,12.834763
2025-03-10 13:00:00,-4.0987244,12.29837
2025-03-10 14:00:00,-4.072525,11.802292
2025-03-10 15:00:00,-4.1417236,11.361313
2025-03-10 16:00:00,-4.580597,10.986343
2025-03-10 17:00:00,-5.249832,11.082916
2025-03-10 18:00:00,-6.380249,11.554184
2025-03-10 19:00:00,-7.1175995,12.290085
2025-03-10 20:00:00,-7.5806274,12.973633
2025-03-10 21:00:00,-7.885605,13.518585
2025-03-10 22:00:00,-4.565338,13.090118
2025-03-10 23:00:00,-3.6549225,13.458954
2025-03-11 00:00:00,-3.067459,13.613464
2025-03-11 01:00:00,-2.9089813,13.51918
2025-03-11 02:00:00,-2.2521362,13.245819
2025-03-11 03:00:00,-1.5926361,12.705231
2025-03-11 04:00:00,-0.89505005,12.498611
2025-03-11 05:00:00,1.7841644,11.579681
2025-03-11 06:00:00,3.9173737,8.954895
2025-03-11 07:00:00,3.4388123,7.33197
2025-03-11 08:00:00,3.440918,5.9140778
2025-03-11 09:00:00,3.183838,4.2616577
2025-03-11 10:00:00,3.5520172,1.5536499
2025-03-11 11:00:00,3.1748657,-0.0101623535
2025-03-11 12:00:00,3.061264,-1.5254822
2025-03-11 13:00:00,2.7021942,-2.4334564
2025-03-11 14:00:00,2.2733765,-2.7514954
2025-03-11 15:00:00,1.833313,-2.796341
2025-03-11 16:00:00,1.3879547,-2.7928162
2025-03-11 17:00:00,0.89533997,-2.5592499
2025-03-11 18:00:00,0.816803,-2.4984436
2025-03-11 19:00:00,0.75497437,-2.727951
2025-03-11 20:00:00,0.25888062,-2.8075562
2025-03-11 21:00:00,-0.6095886,-2.800583
2025-03-11 22:00:00,-0.73358154,-2.851883
2025-03-11 23:00:00,-1.8786469,-1.9975739
2025-03-12 00:00:00,-2.8069153,-0.5761261
2025-03-12 01:00:00,-3.3361664,0.29133606
2025-03-12 02:00:00,-3.736435,0.2936859
2025-03-12 03:00:00,-4.511032,0.8399353
2025-03-12 04:00:00,-5.378479,1.6375275
2025-03-12 05:00:00,-5.8367767,1.6784058
2025-03-12 06:00:00,-6.136429,0.772171
2025-03-12 07:00:00,-6.3467255,-0.016693115
2025-03-12 08:00:00,-6.4532166,-0.525589
2025-03-12 09:00:00,-6.8341675,-0.31526184
2025-03-12 10:00:00,-5.9665985,-0.018127441
2025-03-12 11:00:00,-5.159073,-0.24694824
2025-03-12 12:00:00,-4.52092,-0.051116943
2025-03-12 13:00:00,-3.411316,0.3978424
2025-03-12 14:00:00,-2.4831085,0.91986084
2025-03-12 15:00:00,-1.4590454,1.7099304
2025-03-12 16:00:00,0.61676025,1.5638885
2025-03-12 17:00:00,3.0292206,0.888031
2025-03-12 18:00:00,3.765747,0.16368103
2025-03-12 19:00:00,5.0476227,-1.2326202
2025-03-12 20:00:00,6.537506,-3.8617249
2025-03-12 21:00:00,5.4530945,-5.7922363
2025-03-12 22:00:00,4.207382,-5.9457245
2025-03-12 23:00:00,2.9627838,-5.7771606
2025-03-13 00:00:00,1.9542999,-5.8739166
2025-03-13 01:00:00,1.8629303,-5.935196
2025-03-13 02:00:00,2.2271729,-5.3876343
2025-03-13 03:00:00,2.3022156,-4.1112366
2025-03-13 04:00:00,1.6467133,-2.6582947
2025-03-13 05:00:00,1.3027496,-1.7444
2025-03-13 06:00:00,1.3073578,-0.9709625
2025-03-13 07:00:00,1.688736,-0.039749146
2025-03-13 08:00:00,2.6074066,0.6063385
2025-03-13 09:00:00,2.9867249,1.4558411
2025-03-13 10:00:00,2.5653229,2.309906
2025-03-13 11:00:00,2.0040283,2.9546967
2025-03-13 12:00:00,1.2060242,3.3261108
2025-03-13 13:00:00,0.59762573,3.8364716
2025-03-13 14:00:00,0.165802,4.226013
2025-03-13 15:00:00,-0.45248413,4.597183
2025-03-13 16:00:00,-0.82572937,5.0476685
2025-03-13 17:00:00,-1.2225037,5.575836
2025-03-13 18:00:00,-1.7750244,6.087372
2025-03-13 19:00:00,-2.503601,6.3674927
2025-03-13 20:00:00,-3.9492645,7.096695
2025-03-13 21:00:00,-5.5262604,7.9699097
2025-03-13 22:00:00,-6.7141113,8.416946
2025-03-13 23:00:00,-7.3227386,9.18866
2025-03-14 00:00:00,-6.0349884,10.864151
2025-03-14 01:00:00,-6.008972,10.927658
2025-03-14 02:00:00,-5.993576,11.865845
2025-03-14 03:00:00,-5.1515503,13.456146
2025-03-14 04:00:00,-4.074188,14.786133
2025-03-14 05:00:00,-3.183258,16.182358
2025-03-14 06:00:00,-2.1229858,17.29332
2025-03-14 07:00:00,-1.2941284,17.87732
2025-03-14 08:00:00,-0.7818451,18.225586
2025-03-14 09:00:00,-0.4328003,18.329712
2025-03-14 10:00:00,0.1352539,16.97966
2025-03-14 11:00:00,0.064468384,17.07611
2025-03-14 12:00:00,0.24267578,16.665482
2025-03-14 13:00:00,0.5046234,16.110031
2025-03-14 14:00:00,0.646286,15.422058
2025-03-14 15:00:00,0.21850586,14.8090515
2025-03-14 16:00:00,-0.86161804,14.609894
2025-03-14 17:00:00,-2.3675995,14.55481
2025-03-14 18:00:00,-4.0398254,14.410049
2025-03-14 19:00:00,-5.0650787,14.4427185
2025-03-14 20:00:00,-4.4528503,14.711243
2025-03-14 21:00:00,-4.1918945,14.531311
2025-03-14 22:00:00,-2.636917,15.453171
2025-03-14 23:00:00,-0.7586212,15.68364
2025-03-15 00:00:00,1.5124207,15.388672
2025-03-15 01:00:00,2.39328,15.558395
2025-03-15 02:00:00,2.9881134,14.806091
2025-03-15 03:00:00,3.3373566,13.496017
2025-03-15 04:00:00,3.221466,12.268478
2025-03-15 05:00:00,3.1644287,11.6180725
2025-03-15 06:00:00,3.1001587,11.022507
2025-03-15 07:00:00,2.5436707,10.8112335
2025-03-15 08:00:00,1.8418274,10.956085
2025-03-15 09:00:00,1.6209106,11.207062
2025-03-15 10:00:00,4.1185913,10.857544
2025-03-15 11:00:00,7.9032135,9.218597
2025-03-15 12:00:00,9.308044,7.0156555
2025-03-15 13:00:00,9.489777,6.06691
2025-03-15 14:00:00,9.92157,4.8926697
2025-03-15 15:00:00,9.404861,4.8266144
2025-03-15 16:00:00,9.965485,2.676529
2025-03-15 17:00:00,9.478363,-2.4236145
2025-03-15 18:00:00,6.3974,-3.7762146
2025-03-15 19:00:00,4.587738,-3.1921234
2025-03-15 20:00:00,4.3822327,-2.3130493
2025-03-15 21:00:00,5.096344,-2.0174103
2025-03-15 22:00:00,7.272812,-1.9011383
2025-03-15 23:00:00,7.9957886,-3.0118103
2025-03-16 00:00:00,8.9457245,-5.989792
2025-03-16 01:00:00,8.645416,-8.586426
2025-03-16 02:00:00,8.503891,-9.770218
2025-03-16 03:00:00,8.41362,-9.848389
2025-03-16 04:00:00,8.246323,-9.661118
2025-03-16 05:00:00,7.900345,-9.257263
2025-03-16 06:00:00,7.5370636,-8.708221
2025-03-16 07:00:00,7.6034546,-8.341965
2025-03-16 08:00:00,7.77713,-8.411591
2025-03-16 09:00:00,7.4131165,-8.384491
2025-03-16 10:00:00,6.43367,-8.202744
2025-03-16 11:00:00,6.255142,-7.42453
2025-03-16 12:00:00,6.2203217,-6.8176117
2025-03-16 13:00:00,6.5905914,-6.2006073
2025-03-16 14:00:00,7.42955,-6.048279
2025-03-16 15:00:00,7.7437134,-6.218094
2025-03-16 16:00:00,7.6407166,-6.3758087
2025-03-16 17:00:00,8.176712,-6.6352234
2025-03-16 18:00:00,8.999084,-6.9141083
2025-03-16 19:00:00,8.486877,-6.6747894
2025-03-16 20:00:00,6.756607,-6.1729126
2025-03-16 21:00:00,4.8018646,-5.5131836
2025-03-16 22:00:00,4.433792,-4.785187
2025-03-16 23:00:00,4.810028,-4.85614
2025-03-17 00:00:00,4.996399,-4.662094
2025-03-17 01:00:00,5.2149353,-4.605957
2025-03-17 02:00:00,4.9572754,-4.712326
2025-03-17 03:00:00,4.558975,-5.3460083
2025-03-17 04:00:00,4.0691376,-5.703415
2025-03-17 05:00:00,3.734726,-5.2448883
2025-03-17 06:00:00,3.568924,-4.384323
2025-03-17 07:00:00,3.4204407,-3.281952
2025-03-17 08:00:00,3.6804962,-2.3139648
2025-03-17 09:00:00,4.072464,-1.2780457
2025-03-17 10:00:00,4.2948914,-0.18319702
2025-03-17 11:00:00,4.3098907,0.5331726
2025-03-17 12:00:00,4.097046,1.1371765
2025-03-17 13:00:00,4.2518463,1.3502655
2025-03-17 14:00:00,3.9384308,1.0983734
2025-03-17 15:00:00,3.6222534,0.91773987
2025-03-17 16:00:00,3.1204376,0.9237213
2025-03-17 17:00:00,2.485382,1.125824
2025-03-17 18:00:00,2.1230469,1.6520996
2025-03-17 19:00:00,1.9003601,2.415863
2025-03-17 20:00:00,1.3770142,3.295166
2025-03-17 21:00:00,0.64027405,3.9869232
2025-03-17 22:00:00,0.35855103,3.4510193
2025-03-17 23:00:00,0.48220825,3.8117523
2025-03-18 00:00:00,0.6359863,4.3473206
2025-03-18 01:00:00,0.44953918,4.9094696
2025-03-18 02:00:00,0.3961792,5.2067566
2025-03-18 03:00:00,0.30348206,4.9759064
2025-03-18 04:00:00,0.14732361,4.716751
2025-03-18 05:00:00,-0.0066223145,4.497223
2025-03-18 06:00:00,0.046524048,3.7411041
2025-03-18 07:00:00,-0.32112122,2.8219757
2025-03-18 08:00:00,-0.75149536,2.2261505
2025-03-18 09:00:00,-1.2113342,1.6607361
2025-03-18 10:00:00,-1.9470673,0.01550293
2025-03-18 11:00:00,-3.7702026,0.08616638
2025-03-18 12:00:00,-5.5069427,-0.3902588
2025-03-18 13:00:00,-7.483032,-1.4327545
2025-03-18 14:00:00,-8.939728,-2.5152588
2025-03-18 15:00:00,-9.9039,-3.4852905
2025-03-18 16:00:00,-11.197998,-3.754715
2025-03-18 17:00:00,-11.9748535,-4.3411255
2025-03-18 18:00:00,-12.347687,-4.231064
2025-03-18 19:00:00,-12.331802,-3.660843
2025-03-18 20:00:00,-12.192703,-3.3420258
2025-03-18 21:00:00,-12.090042,-3.1608276
2025-03-18 22:00:00,-11.144821,-2.9147186
2025-03-18 23:00:00,-11.416077,-1.9981384
2025-03-19 00:00:00,-12.052582,-1.5314636
2025-03-19 01:00:00,-12.424362,-1.7874298
2025-03-19 02:00:00,-12.256027,-1.7685089
2025-03-19 03:00:00,-12.229355,-1.8525696
2025-03-19 04:00:00,-12.43132,-1.7836761
2025-03-19 05:00:00,-12.196945,-1.4753723
2025-03-19 06:00:00,-11.399979,-0.99905396
2025-03-19 07:00:00,-10.48703,-0.6253357
2025-03-19 08:00:00,-9.9739685,-0.45996094
2025-03-19 09:00:00,-9.637619,-0.53048706
2025-03-19 10:00:00,-8.328354,-1.3827057
2025-03-19 11:00:00,-8.207397,-1.2164764
2025-03-19 12:00:00,-8.199936,-1.1204071
2025-03-19 13:00:00,-8.042572,-1.4116669
2025-03-19 14:00:00,-8.05983,-2.0054932
2025-03-19 15:00:00,-8.320374,-2.28656
2025-03-19 16:00:00,-8.319382,-2.1534271
2025-03-19 17:00:00,-8.035828,-1.8930054
2025-03-19 18:00:00,-7.722107,-1.8003235
2025-03-19 19:00:00,-7.6272583,-1.8558502
2025-03-19 20:00:00,-7.752304,-1.8635864
2025-03-19 21:00:00,-7.769928,-1.9307556
2025-03-19 22:00:00,-7.0545807,-1.7582397
2025-03-19 23:00:00,-7.181885,-1.4461212
2025-03-20 00:00:00,-7.223831,-1.401886
2025-03-20 01:00:00,-7.140518,-1.3133087
2025-03-20 02:00:00,-6.818695,-1.3616791
2025-03-20 03:00:00,-6.6487274,-1.3937988
2025-03-20 04:00:00,-6.7117615,-1.321701
2025-03-20 05:00:00,-6.6110687,-1.2422638
2025-03-20 06:00:00,-6.6854706,-0.846405
2025-03-20 07:00:00,-6.6258698,-0.1337738
2025-03-20 08:00:00,-6.097275,0.48579407
2025-03-20 09:00:00,-5.6316376,0.892395
2025-03-20 10:00:00,-4.8989105,0.314682
2025-03-20 11:00:00,-5.0180817,0.77900696
2025-03-20 12:00:00,-4.779068,0.917923
2025-03-20 13:00:00,-4.379059,0.62757874
2025-03-20 14:00:00,-4.174347,0.371109
2025-03-20 15:00:00,-4.3334503,0.2106781
2025-03-20 16:00:00,-4.5189514,0.37712097
2025-03-20 17:00:00,-4.5447235,0.48277283
2025-03-20 18:00:00,-4.5707855,0.7406616
2025-03-20 19:00:00,-4.7447815,1.2323761
2025-03-20 20:00:00,-5.1157074,1.7358856
2025-03-20 21:00:00,-4.965637,2.2080688
2025-03-20 22:00:00,-4.5558777,2.3953857
2025-03-20 23:00:00,-4.485306,2.8813934
2025-03-21 00:00:00,-4.4393616,3.0485687
2025-03-21 01:00:00,-4.2511597,2.859665
2025-03-21 02:00:00,-4.2178497,2.6845703
2025-03-21 03:00:00,-4.3509674,2.6454163
2025-03-21 04:00:00,-4.602127,2.7830658
2025-03-21 05:00:00,-4.4958344,3.164444
2025-03-21 06:00:00,-4.2019196,3.690979
2025-03-21 07:00:00,-3.9455566,4.0876007
2025-03-21 08:00:00,-4.0656433,4.351425
2025-03-21 09:00:00,-4.2329254,4.7059784
2025-03-21 10:00:00,-4.9477234,4.3044586
2025-03-21 11:00:00,-5.386215,4.8560333
2025-03-21 12:00:00,-5.741791,5.2972717
2025-03-21 13:00:00,-5.7200165,5.9925537
2025-03-21 14:00:00,-5.2091217,6.8067627
2025-03-21 15:00:00,-4.524994,7.3441467
2025-03-21 16:00:00,-4.6136627,7.5751343
2025-03-21 17:00:00,-5.027115,7.57193
2025-03-21 18:00:00,-5.2527924,7.588333
2025-03-21 19:00:00,-5.1502075,7.574585
2025-03-21 20:00:00,-4.9356537,7.6227264
2025-03-21 21:00:00,-4.5908356,7.9716797
2025-03-21 22:00:00,-4.9848022,7.465515
2025-03-21 23:00:00,-5.4433136,8.022476
2025-03-22 00:00:00,-5.633789,8.206467
2025-03-22 01:00:00,-5.335678,8.529068
2025-03-22 02:00:00,-6.1501465,8.6979065
2025-03-22 03:00:00,-6.9414062,9.009506
2025-03-22 04:00:00,-7.6184387,9.4913025
2025-03-22 05:00:00,-7.744034,9.945923
2025-03-22 06:00:00,-7.5840607,9.887604
2025-03-22 07:00:00,-7.6091003,10.076767
2025-03-22 08:00:00,-7.723572,10.657944
2025-03-22 09:00:00,-7.3254547,11.821655
2025-03-22 10:00:00,-6.483368,11.3515625
2025-03-22 11:00:00,-6.3264313,11.190292
2025-03-22 12:00:00,-6.7849274,10.959412
2025-03-22 13:00:00,-6.733551,10.772263
2025-03-22 14:00:00,-6.8641357,10.703232
2025-03-22 15:00:00,-7.3183594,11.125015
2025-03-22 16:00:00,-8.022476,11.741653
2025-03-22 17:00:00,-8.360352,12.473511
2025-03-22 18:00:00,-8.201889,13.24205
2025-03-22 19:00:00,-8.596878,13.457596
2025-03-22 20:00:00,-8.653351,14.187912
2025-03-22 21:00:00,-8.110031,15.256546
2025-03-22 22:00:00,-5.9294586,14.994034
2025-03-22 23:00:00,-5.993042,14.740936
2025-03-23 00:00:00,-5.558197,15.204605
2025-03-23 01:00:00,-4.3206177,16.136871
2025-03-23 02:00:00,-4.652771,17.402634
2025-03-23 03:00:00,-3.7272186,18.150513
2025-03-23 04:00:00,-2.2263641,19.212708
2025-03-23 05:00:00,-2.2186584,20.139175
2025-03-23 06:00:00,-2.4246216,20.083069
2025-03-23 07:00:00,0.30223083,18.468811
2025-03-23 08:00:00,4.2489014,15.715256
2025-03-23 09:00:00,4.5015564,15.182053
2025-03-23 10:00:00,3.2554169,14.950027
2025-03-23 11:00:00,2.883789,16.453064
2025-03-23 12:00:00,0.27650452,16.994583
2025-03-23 13:00:00,0.411911,17.841934
2025-03-23 14:00:00,5.021469,15.0466
2025-03-23 15:00:00,4.0473175,12.369354
2025-03-23 16:00:00,1.5704651,12.420029
2025-03-23 17:00:00,4.0003815,11.961075
2025-03-23 18:00:00,5.7478943,10.167877
2025-03-23 19:00:00,4.3534393,8.346237
2025-03-23 20:00:00,0.3512268,8.472656
2025-03-23 21:00:00,-2.4169006,10.4339905
2025-03-23 22:00:00,-3.7664948,15.021362
2025-03-23 23:00:00,-2.122223,16.018448
2025-03-24 00:00:00,-0.21206665,14.909927
2025-03-24 01:00:00,0.58781433,13.51506
2025-03-24 02:00:00,-2.6207428,12.5542755
2025-03-24 03:00:00,-4.5961304,14.263016
2025-03-24 04:00:00,-1.8098145,15.957657
2025-03-24 05:00:00,-2.7995148,15.721329
2025-03-24 06:00:00,-0.6184387,18.164505
2025-03-24 07:00:00,-0.5838165,19.302643
2025-03-24 08:00:00,-5.055084,17.522186
2025-03-24 09:00:00,-5.029709,14.415604
2025-03-24 10:00:00,-0.53182983,11.241379
2025-03-24 11:00:00,0.55148315,11.282623
2025-03-24 12:00:00,2.6349487,12.476334
2025-03-24 13:00:00,4.066208,11.591507
2025-03-24 14:00:00,3.9627533,10.718048
2025-03-24 15:00:00,3.236435,10.764053
2025-03-24 16:00:00,4.4512634,10.282227
2025-03-24 17:00:00,3.8103333,8.608276
2025-03-24 18:00:00,4.336014,6.8972473
2025-03-24 19:00:00,4.9204865,5.8885193
2025-03-24 20:00:00,4.6364594,2.9967804
2025-03-24 21:00:00,3.4356232,-0.0743866
2025-03-24 22:00:00,5.6595917,-0.38505554
2025-03-24 23:00:00,3.6183014,-0.58833313
2025-03-25 00:00:00,2.6607208,-0.16920471
2025-03-25 01:00:00,2.4598236,-0.4391632
2025-03-25 02:00:00,1.583786,-2.4378357
2025-03-25 03:00:00,0.08125305,-3.9511108
2025-03-25 04:00:00,-0.34762573,-4.1824646
2025-03-25 05:00:00,-0.6391754,-3.7826843
2025-03-25 06:00:00,-4.723297,-4.2482605
2025-03-25 07:00:00,-6.2707214,-1.9326172
2025-03-25 08:00:00,-4.991501,-1.9033508
2025-03-25 09:00:00,-5.008209,-2.8853302
2025-03-25 10:00:00,-5.2481995,-2.2084503
2025-03-25 11:00:00,-7.7549286,-2.1489563
2025-03-25 12:00:00,-6.885727,-1.6058807
2025-03-25 13:00:00,-4.385727,1.9733124
2025-03-25 14:00:00,-1.7217712,6.568207
2025-03-25 15:00:00,0.5514984,8.199219
2025-03-25 16:00:00,2.1882477,8.976624
2025-03-25 17:00:00,0.21446228,7.9476776
2025-03-25 18:00:00,2.333252,5.643875
2025-03-25 19:00:00,5.1629333,2.5280151
2025-03-25 20:00:00,6.111023,0.94825745
2025-03-25 21:00:00,4.739624,-0.5132446
2025-03-25 22:00:00,2.9469452,-0.63157654
2025-03-25 23:00:00,2.0209503,0.9865875
2025-03-26 00:00:00,1.7009277,1.7066956
2025-03-26 01:00:00,1.9865875,2.149475
2025-03-26 02:00:00,3.2720337,1.734375
2025-03-26 03:00:00,2.6670685,0.28562927
2025-03-26 04:00:00,1.9967957,-0.19857788
2025-03-26 05:00:00,3.2288513,-0.52864075
2025-03-26 06:00:00,3.9669952,-2.0035553
2025-03-26 07:00:00,3.5951233,-3.226944
2025-03-26 08:00:00,3.421341,-3.7650146
2025-03-26 09:00:00,3.800354,-4.2789307
2025-03-26 10:00:00,4.9910126,-4.3631287
2025-03-26 11:00:00,4.598816,-4.6242676
2025-03-26 12:00:00,5.0859528,-5.5978546
2025-03-26 13:00:00,5.2016144,-5.7748566
2025-03-26 14:00:00,5.951782,-6.296921
2025-03-26 15:00:00,5.687912,-6.2547913
2025-03-26 16:00:00,6.1649017,-5.9208527
2025-03-26 17:00:00,6.814148,-6.1249847
2025-03-26 18:00:00,7.7700653,-6.162796
2025-03-26 19:00:00,8.760178,-6.432144
2025-03-26 20:00:00,9.345917,-6.9081116
2025-03-26 21:00:00,9.563232,-7.782715
2025-03-26 22:00:00,9.656494,-7.3784637
2025-03-26 23:00:00,9.584976,-7.3844604
2025-03-27 00:00:00,9.936707,-7.2917633
2025-03-27 01:00:00,10.412399,-7.074478
2025-03-27 02:00:00,10.429077,-6.313797
2025-03-27 03:00:00,10.372665,-5.529434
2025-03-27 04:00:00,10.282791,-4.9760437
2025-03-27 05:00:00,10.120895,-4.569275
2025-03-27 06:00:00,10.230179,-4.087982
2025-03-27 07:00:00,10.510178,-3.3561096
2025-03-27 08:00:00,10.636734,-2.979721
2025-03-27 09:00:00,10.726364,-2.8593597
2025-03-27 10:00:00,10.008423,-4.0346985
2025-03-27 11:00:00,9.054382,-3.0952911
2025-03-27 12:00:00,10.1262665,-2.896881
2025-03-27 13:00:00,11.59053,-3.2746735
2025-03-27 14:00:00,13.0998535,-3.790268
2025-03-27 15:00:00,13.70192,-5.0994415
2025-03-27 16:00:00,13.7222595,-6.2454987
2025-03-27 17:00:00,13.521179,-6.856247
2025-03-27 18:00:00,13.234299,-7.0813293
2025-03-27 19:00:00,13.162018,-6.788101
2025-03-27 20:00:00,13.238876,-6.39093
2025-03-27 21:00:00,13.402649,-6.032028
2025-03-27 22:00:00,13.600998,-5.703964
2025-03-27 23:00:00,14.029617,-6.041443
2025-03-28 00:00:00,14.064072,-5.881027
2025-03-28 01:00:00,14.247589,-5.357193
2025-03-28 02:00:00,14.580475,-5.3486786
2025-03-28 03:00:00,14.219498,-5.7219696
2025-03-28 04:00:00,13.232376,-5.17659
2025-03-28 05:00:00,12.552307,-4.774811
2025-03-28 06:00:00,12.227631,-4.047653
2025-03-28 07:00:00,12.661942,-3.5201416
2025-03-28 08:00:00,13.131653,-3.4438324
2025-03-28 09:00:00,13.470673,-2.693695
2025-03-28 10:00:00,14.075058,-1.7710876
2025-03-28 11:00:00,14.545441,-1.7002563
2025-03-28 12:00:00,14.585342,-1.737793
2025-03-28 13:00:00,14.714569,-1.8257751
2025-03-28 14:00:00,14.465363,-2.1472626
2025-03-28 15:00:00,14.247635,-2.8317413
2025-03-28 16:00:00,14.011169,-3.706253
2025-03-28 17:00:00,13.803009,-4.214905
2025-03-28 18:00:00,13.4687805,-4.2415924
2025-03-28 19:00:00,12.996307,-4.0457916
2025-03-28 20:00:00,12.87912,-4.084717
2025-03-28 21:00:00,12.364304,-4.145996
2025-03-28 22:00:00,12.387802,-3.6700134
2025-03-28 23:00:00,12.650436,-3.173767
2025-03-29 00:00:00,13.545731,-2.2558594
2025-03-29 01:00:00,14.426987,-1.8050079
2025-03-29 02:00:00,15.235031,-2.1501923
2025-03-29 03:00:00,15.301117,-2.6914825
2025-03-29 04:00:00,15.067917,-3.395462
2025-03-29 05:00:00,14.654434,-3.4488373
2025-03-29 06:00:00,14.559433,-3.4049683
2025-03-29 07:00:00,14.407852,-3.0802765
2025-03-29 08:00:00,14.400772,-3.1727295
2025-03-29 09:00:00,13.947861,-3.025467
2025-03-29 10:00:00,13.899445,-2.2797852
2025-03-29 11:00:00,13.480972,-1.5129395
2025-03-29 12:00:00,12.923355,-0.9924927
2025-03-29 13:00:00,13.014435,-0.6551666
2025-03-29 14:00:00,14.066299,-1.1591034
2025-03-29 15:00:00,14.024292,-1.376297
2025-03-29 16:00:00,13.276718,-0.8096771
2025-03-29 17:00:00,13.217117,-1.162674
2025-03-29 18:00:00,13.311417,-2.0085297
2025-03-29 19:00:00,13.074707,-3.5543365
2025-03-29 20:00:00,12.683533,-5.1875763
2025-03-29 21:00:00,12.079941,-6.5064087
2025-03-29 22:00:00,11.024353,-5.7495117
2025-03-29 23:00:00,10.420868,-6.1631317
2025-03-30 00:00:00,9.658737,-5.9365997
2025-03-30 01:00:00,10.216232,-4.743561
2025-03-30 02:00:00,10.725891,-3.9089508
2025-03-30 03:00:00,10.5660095,-3.3405762
2025-03-30 04:00:00,10.084366,-2.427887
2025-03-30 05:00:00,8.945374,-1.7201691
2025-03-30 06:00:00,7.1515045,-1.6288605
2025-03-30 07:00:00,5.6135864,-1.3728333
2025-03-30 08:00:00,4.768509,-1.2273865
2025-03-30 09:00:00,4.793152,-1.0582123
2025-03-30 10:00:00,4.3709564,-1.2529297
2025-03-30 11:00:00,4.5500183,-1.1491699
2025-03-30 12:00:00,3.9025726,-1.6711731
2025-03-30 13:00:00,3.1428223,-2.6649933
2025-03-30 14:00:00,2.4949646,-3.7503967
2025-03-30 15:00:00,2.0698547,-4.4306793
2025-03-30 16:00:00,1.8523102,-4.7795563
2025-03-30 17:00:00,1.8877716,-5.177658
2025-03-30 18:00:00,1.8621063,-5.7834167
2025-03-30 19:00:00,0.90904236,-6.117386
2025-03-30 20:00:00,-0.5501709,-5.96019
2025-03-30 21:00:00,-1.5248108,-6.213867
2025-03-30 22:00:00,-3.5991516,-5.671875
2025-03-30 23:00:00,-4.342453,-5.6191406
2025-03-31 00:00:00,-4.442276,-5.487137
2025-03-31 01:00:00,-3.6770782,-5.974869
2025-03-31 02:00:00,-2.621231,-6.6621857
2025-03-31 03:00:00,-1.8770599,-7.1325073
2025-03-31 04:00:00,-1.1458282,-7.7140656
2025-03-31 05:00:00,-0.28723145,-7.77446
2025-03-31 06:00:00,1.1889343,-7.6146545
2025-03-31 07:00:00,2.4619293,-6.7595673
2025-03-31 08:00:00,2.9446259,-5.3041534
2025-03-31 09:00:00,3.55896,-4.447525
2025-03-31 10:00:00,3.4338684,-3.8603516
2025-03-31 11:00:00,3.9403229,-3.426941
2025-03-31 12:00:00,4.796402,-3.018219
2025-03-31 13:00:00,6.124542,-3.4598846
2025-03-31 14:00:00,6.9991302,-4.726715
2025-03-31 15:00:00,6.9389343,-6.5455017
2025-03-31 16:00:00,5.7540894,-6.916168
2025-03-31 17:00:00,5.9282227,-5.63974
2025-03-31 18:00:00,6.615204,-4.8732452
2025-03-31 19:00:00,6.761917,-5.036621
2025-03-31 20:00:00,6.4609375,-4.8260193
2025-03-31 21:00:00,6.2950134,-4.3937836
2025-03-31 22:00:00,5.9810333,-5.4554596
2025-03-31 23:00:00,5.776779,-5.866928
2025-04-01 00:00:00,5.42424,-5.428955
2025-04-01 01:00:00,4.925003,-4.458557
2025-04-01 02:00:00,4.587967,-3.7483063
2025-04-01 03:00:00,4.1466675,-3.383545
2025-04-01 04:00:00,3.3656464,-2.8843079
2025-04-01 05:00:00,3.2333374,-2.7053375
2025-04-01 06:00:00,3.4050903,-3.0214844
2025-04-01 07:00:00,3.9556427,-3.7070618
2025-04-01 08:00:00,4.3572693,-4.478241
2025-04-01 09:00:00,4.8149414,-4.990555
2025-04-01 10:00:00,5.2854614,-4.640457
2025-04-01 11:00:00,6.0799866,-5.35437
2025-04-01 12:00:00,7.3860626,-5.81633
2025-04-01 13:00:00,9.189972,-6.5726013
2025-04-01 14:00:00,9.865723,-7.184723
2025-04-01 15:00:00,10.346603,-7.8634796
2025-04-01 16:00:00,10.993866,-8.222778
2025-04-01 17:00:00,11.373123,-8.333405
2025-04-01 18:00:00,11.693634,-8.707581
2025-04-01 19:00:00,11.318573,-8.920044
2025-04-01 20:00:00,10.8172455,-8.69603
2025-04-01 21:00:00,10.729355,-8.21463
2025-04-01 22:00:00,10.673965,-8.549713
2025-04-01 23:00:00,10.577866,-8.517288
2025-04-02 00:00:00,9.597733,-8.37355
2025-04-02 01:00:00,8.757767,-8.144516
2025-04-02 02:00:00,8.121124,-8.099411
2025-04-02 03:00:00,7.295059,-7.7539825
2025-04-02 04:00:00,6.3470306,-7.087158
2025-04-02 05:00:00,5.789566,-6.008148
2025-04-02 06:00:00,5.3646545,-5.136551
2025-04-02 07:00:00,5.0249023,-4.49144
2025-04-02 08:00:00,4.4229736,-4.088669
2025-04-02 09:00:00,3.7129822,-3.6096191
2025-04-02 10:00:00,3.012024,-3.4705048
2025-04-02 11:00:00,2.4351807,-2.5582733
2025-04-02 12:00:00,2.176834,-1.5032043
2025-04-02 13:00:00,2.2716827,-1.0945282
2025-04-02 14:00:00,2.351654,-0.87698364
2025-04-02 15:00:00,2.110138,-0.83776855
2025-04-02 16:00:00,1.7414703,-0.85510254
2025-04-02 17:00:00,1.798172,-0.89089966
2025-04-02 18:00:00,1.5215302,-1.0086517
2025-04-02 19:00:00,1.0379944,-1.111206
2025-04-02 20:00:00,0.59454346,-1.0432739
2025-04-02 21:00:00,0.36930847,-0.8444214
2025-04-02 22:00:00,-0.14578247,-0.64985657
2025-04-02 23:00:00,-0.7061157,-0.6902466
2025-04-03 00:00:00,-1.4024658,-1.000061
2025-04-03 01:00:00,-2.1905518,-1.1322632
2025-04-03 02:00:00,-3.1284943,-0.90138245
2025-04-03 03:00:00,-3.257492,0.08816528
2025-04-03 04:00:00,-3.1458588,1.0956268
2025-04-03 05:00:00,-3.5818176,1.1489258
2025-04-03 06:00:00,-4.1456146,0.85002136
2025-04-03 07:00:00,-4.4960327,0.7410431
2025-04-03 08:00:00,-4.592392,0.75601196
2025-04-03 09:00:00,-4.896942,0.9920044
2025-04-03 10:00:00,-4.8196564,-0.20973206
2025-04-03 11:00:00,-4.6509094,0.18055725
2025-04-03 12:00:00,-4.170212,0.26675415
2025-04-03 13:00:00,-3.7146301,0.13661194
2025-04-03 14:00:00,-3.6587067,0.121292114
2025-04-03 15:00:00,-3.6615753,-0.11764526
2025-04-03 16:00:00,-3.5393982,-0.3333435
2025-04-03 17:00:00,-3.4888916,-0.5812683
2025-04-03 18:00:00,-3.5013428,-0.80418396
2025-04-03 19:00:00,-3.3851166,-0.8550415
2025-04-03 20:00:00,-3.2588959,-0.9224701
2025-04-03 21:00:00,-3.348755,-0.8278198
2025-04-03 22:00:00,-3.9220276,-0.30155945
2025-04-03 23:00:00,-4.1122284,0.68089294
2025-04-04 00:00:00,-4.042389,1.2364349
2025-04-04 01:00:00,-3.3540344,1.3498077
2025-04-04 02:00:00,-2.5284119,1.003067
2025-04-04 03:00:00,-2.1011047,0.3777771
2025-04-04 04:00:00,-1.8417053,-0.046524048
2025-04-04 05:00:00,-1.6404572,-0.3765869
2025-04-04 06:00:00,-1.5289612,-0.39369202
2025-04-04 07:00:00,-1.4745026,0.038131714
2025-04-04 08:00:00,-1.5870514,0.46043396
2025-04-04 09:00:00,-1.6794586,0.81251526
2025-04-04 10:00:00,-1.4109497,1.3240051
2025-04-04 11:00:00,-0.9300232,2.3085022
2025-04-04 12:00:00,-0.74739075,3.344452
2025-04-04 13:00:00,-0.19999695,3.6195068
2025-04-04 14:00:00,0.3033905,3.4139557
2025-04-04 15:00:00,0.46774292,3.262909
2025-04-04 16:00:00,0.6197052,3.2039185
2025-04-04 17:00:00,0.7043762,3.075943
2025-04-04 18:00:00,0.3128662,2.9686432
2025-04-04 19:00:00,-0.20684814,2.7781677
2025-04-04 20:00:00,-0.744812,2.9023438
2025-04-04 21:00:00,-1.0269318,2.8646393
2025-04-04 22:00:00,-1.0109406,3.0258026
2025-04-04 23:00:00,-1.0641022,3.4241638
2025-04-05 00:00:00,-0.9852295,3.3446655
2025-04-05 01:00:00,-0.94184875,3.1215515
2025-04-05 02:00:00,-0.7706299,2.9767456
2025-04-05 03:00:00,-0.3539734,2.8201904
2025-04-05 04:00:00,-0.19526672,2.0925598
2025-04-05 05:00:00,-0.28955078,1.3973694
2025-04-05 06:00:00,-0.74575806,1.1225586
2025-04-05 07:00:00,-1.3216095,1.2033691
2025-04-05 08:00:00,-2.140564,1.2191162
2025-04-05 09:00:00,-2.3138428,1.2460632
2025-04-05 10:00:00,-0.68019104,0.65093994
2025-04-05 11:00:00,0.09034729,0.87442017
2025-04-05 12:00:00,-0.052001953,1.4708252
2025-04-05 13:00:00,-0.37490845,2.1998444
2025-04-05 14:00:00,-0.78515625,2.2830963
2025-04-05 15:00:00,-0.9279785,1.6751251
2025-04-05 16:00:00,-0.09503174,1.24086
2025-04-05 17:00:00,1.2064972,0.80773926
2025-04-05 18:00:00,1.5155945,0.8009033
2025-04-05 19:00:00,1.7133179,0.3981781
2025-04-05 20:00:00,1.6775818,-0.58496094
2025-04-05 21:00:00,1.5569153,-0.9554596
2025-04-05 22:00:00,1.5476379,-0.6613159
2025-04-05 23:00:00,1.4702911,-0.24638367
2025-04-06 00:00:00,1.1182098,0.4159088
2025-04-06 01:00:00,0.9036102,0.53900146
2025-04-06 02:00:00,0.91145325,0.64556885
2025-04-06 03:00:00,1.2793427,0.7932739
2025-04-06 04:00:00,1.8931732,1.0214996
2025-04-06 05:00:00,3.069397,1.1310577
2025-04-06 06:00:00,4.2003937,1.0367432
2025-04-06 07:00:00,4.771759,0.87745667
2025-04-06 08:00:00,4.9388885,0.7732849
2025-04-06 09:00:00,4.5482025,1.0063019
2025-04-06 10:00:00,3.6977386,1.8689423
2025-04-06 11:00:00,4.401367,2.9359589
2025-04-06 12:00:00,5.688339,2.648819
2025-04-06 13:00:00,6.711136,2.0144196
2025-04-06 14:00:00,7.6210785,1.1128082
2025-04-06 15:00:00,8.037689,-0.2756195
2025-04-06 16:00:00,7.4875336,-1.5517578
2025-04-06 17:00:00,6.9502716,-2.0571442
2025-04-06 18:00:00,6.5764313,-2.1993103
2025-04-06 19:00:00,6.0876465,-2.683609
2025-04-06 20:00:00,6.029709,-2.8166504
2025-04-06 21:00:00,6.0512543,-2.9798126
2025-04-06 22:00:00,5.695236,-4.1795197
2025-04-06 23:00:00,5.2526245,-4.2206116
2025-04-07 00:00:00,3.806839,-4.5634155
2025-04-07 01:00:00,1.512497,-5.1127014
2025-04-07 02:00:00,-1.5900574,-5.234894
2025-04-07 03:00:00,-5.232956,-4.2204895
2025-04-07 04:00:00,-8.2677765,-2.8872986
2025-04-07 05:00:00,-9.651901,-2.446701
2025-04-07 06:00:00,-10.687302,-2.8569183
2025-04-07 07:00:00,-10.819382,-2.6586456
2025-04-07 08:00:00,-10.913254,-1.921463
2025-04-07 09:00:00,-11.220047,-1.7954407
2025-04-07 10:00:00,-10.56897,-3.277542
2025-04-07 11:00:00,-10.781799,-2.9867249
2025-04-07 12:00:00,-10.584915,-2.6698914
2025-04-07 13:00:00,-10.185684,-2.79776
2025-04-07 14:00:00,-9.629074,-2.7643738
2025-04-07 15:00:00,-8.956528,-2.636551
2025-04-07 16:00:00,-8.5681,-2.29245
2025-04-07 17:00:00,-8.263641,-1.7387085
2025-04-07 18:00:00,-7.7538605,-1.4486084
2025-04-07 19:00:00,-7.381241,-1.7112732
2025-04-07 20:00:00,-7.121628,-1.9077454
2025-04-07 21:00:00,-6.6612244,-1.6189423
2025-04-07 22:00:00,-6.4647827,-1.777359
2025-04-07 23:00:00,-6.383209,-1.9862823
2025-04-08 00:00:00,-6.3515167,-2.1212616
2025-04-08 01:00:00,-5.7656555,-2.143402
2025-04-08 02:00:00,-5.2301483,-2.015503
2025-04-08 03:00:00,-4.712906,-1.7331238
2025-04-08 04:00:00,-4.261978,-1.7737427
2025-04-08 05:00:00,-3.5489502,-1.7410431
2025-04-08 06:00:00,-2.830246,-1.7546234
2025-04-08 07:00:00,-2.2283173,-1.6336365
2025-04-08 08:00:00,-1.283905,-1.7688141
2025-04-08 09:00:00,-0.7716675,-1.2612762
2025-04-08 10:00:00,-0.67922974,-1.0159149
2025-04-08 11:00:00,-0.3918152,-0.050048828
2025-04-08 12:00:00,0.53338623,0.48039246
2025-04-08 13:00:00,1.6374817,0.43328857
2025-04-08 14:00:00,3.169281,0.07505798
2025-04-08 15:00:00,4.4242096,0.20272827
2025-04-08 16:00:00,5.0893555,0.46844482
2025-04-08 17:00:00,5.3011017,0.74568176
2025-04-08 18:00:00,5.2515717,0.4698944
2025-04-08 19:00:00,5.3651123,-0.17758179
2025-04-08 20:00:00,5.1467896,-0.61550903
2025-04-08 21:00:00,5.0944214,-0.8032837
2025-04-08 22:00:00,4.911728,-2.2934875
2025-04-08 23:00:00,4.471344,-2.751419
2025-04-09 00:00:00,3.9877167,-2.7838593
2025-04-09 01:00:00,3.636078,-2.7953186
2025-04-09 02:00:00,3.37352,-3.0199127
2025-04-09 03:00:00,2.6215057,-3.5538788
2025-04-09 04:00:00,1.5971527,-3.8020325
2025-04-09 05:00:00,0.65904236,-3.1803284
2025-04-09 06:00:00,-0.018692017,-2.563324
2025-04-09 07:00:00,-0.7913208,-1.9151917
2025-04-09 08:00:00,-1.6436615,-1.3591003
2025-04-09 09:00:00,-2.1723175,-0.73347473
2025-04-09 10:00:00,-3.4542236,0.51828
2025-04-09 11:00:00,-3.2606354,1.8766937
2025-04-09 12:00:00,-2.786499,2.7937164
2025-04-09 13:00:00,-2.3195496,3.1925812
2025-04-09 14:00:00,-1.9537201,3.3760376
2025-04-09 15:00:00,-1.5536499,3.3752594
2025-04-09 16:00:00,-1.3198242,3.365982
2025-04-09 17:00:00,-1.2172699,3.4961243
2025-04-09 18:00:00,-1.3878479,3.7905273
2025-04-09 19:00:00,-1.7127228,4.0358887
2025-04-09 20:00:00,-2.1373596,4.5300446
2025-04-09 21:00:00,-2.5845795,5.1045227
2025-04-09 22:00:00,-3.354782,5.446396
2025-04-09 23:00:00,-3.0968018,5.616745
2025-04-10 00:00:00,-3.0740814,5.8823395
2025-04-10 01:00:00,-3.2291412,6.227768
2025-04-10 02:00:00,-3.0979767,6.3735046
2025-04-10 03:00:00,-4.1098633,6.2677
2025-04-10 04:00:00,-5.1263123,6.4140167
2025-04-10 05:00:00,-5.742218,6.3943787
2025-04-10 06:00:00,-6.239502,6.270523
2025-04-10 07:00:00,-6.5337677,6.0405426
2025-04-10 08:00:00,-7.1123505,6.306656
2025-04-10 09:00:00,-7.2829437,6.664673
2025-04-10 10:00:00,-5.9346313,5.828476
2025-04-10 11:00:00,-5.2578278,4.9050446
2025-04-10 12:00:00,-4.752014,3.5481873
2025-04-10 13:00:00,-4.475418,2.2163086
2025-04-10 14:00:00,-4.34581,1.1392059
2025-04-10 15:00:00,-4.67128,-0.42869568
2025-04-10 16:00:00,-6.1208496,-2.0854187
2025-04-10 17:00:00,-7.4066772,-3.2689056
2025-04-10 18:00:00,-8.295441,-4.106491
2025-04-10 19:00:00,-8.801758,-4.5064545
2025-04-10 20:00:00,-8.934616,-4.292053
2025-04-10 21:00:00,-8.607834,-3.9849854
2025-04-10 22:00:00,-8.25528,-3.7222443
2025-04-10 23:00:00,-7.6682587,-3.6979065
2025-04-11 00:00:00,-7.184555,-3.7011414
2025-04-11 01:00:00,-6.750778,-3.767105
2025-04-11 02:00:00,-6.658905,-4.007019
2025-04-11 03:00:00,-6.803833,-4.2586365
2025-04-11 04:00:00,-6.48674,-4.0093536
2025-04-11 05:00:00,-6.059555,-3.6763458
2025-04-11 06:00:00,-5.8370056,-3.518036
2025-04-11 07:00:00,-5.3744507,-3.1664429
2025-04-11 08:00:00,-4.8880463,-2.761322
2025-04-11 09:00:00,-4.420395,-2.3216858
2025-04-11 10:00:00,-4.0248413,-1.7878723
2025-04-11 11:00:00,-3.4832458,-1.1254883
2025-04-11 12:00:00,-2.972351,-0.5621948
2025-04-11 13:00:00,-2.4216156,-0.07647705
2025-04-11 14:00:00,-1.924057,0.394516
2025-04-11 15:00:00,-1.4663544,0.51953125
2025-04-11 16:00:00,-0.23052979,0.66500854
2025-04-11 17:00:00,0.8605194,0.94770813
2025-04-11 18:00:00,1.9078369,1.3204346
2025-04-11 19:00:00,3.0804443,1.6521759
2025-04-11 20:00:00,3.7610626,1.7915497
2025-04-11 21:00:00,4.2382965,1.8300171
2025-04-11 22:00:00,4.189804,1.6161652
2025-04-11 23:00:00,4.086563,1.7111511
2025-04-12 00:00:00,3.4815063,1.6573792
2025-04-12 01:00:00,3.167984,1.669281
2025-04-12 02:00:00,3.3339386,1.6330566
2025-04-12 03:00:00,3.876709,1.573761
2025-04-12 04:00:00,4.10347,1.5163269
2025-04-12 05:00:00,3.3638,1.6578674
2025-04-12 06:00:00,2.90419,1.7078552
2025-04-12 07:00:00,3.2068787,1.8544617
2025-04-12 08:00:00,2.8706207,2.228836
2025-04-12 09:00:00,1.2338715,3.0050354
2025-04-12 10:00:00,1.4509583,1.7925568
2025-04-12 11:00:00,0.78816223,1.7384644
2025-04-12 12:00:00,0.9300232,1.6772308
2025-04-12 13:00:00,1.095581,2.3361816
2025-04-12 14:00:00,0.4281311,3.053833
2025-04-12 15:00:00,0.7362671,3.3443604
2025-04-12 16:00:00,1.4636688,3.0203247
2025-04-12 17:00:00,0.97280884,2.6513367
2025-04-12 18:00:00,0.259964,2.5926971
2025-04-12 19:00:00,1.2425537,1.4425049
2025-04-12 20:00:00,-0.2026062,2.5330353
2025-04-12 21:00:00,-0.5154419,3.6183472
2025-04-12 22:00:00,-2.658249,4.162323
2025-04-12 23:00:00,-0.6507263,5.653824
2025-04-13 00:00:00,-0.29629517,5.8867188
2025-04-13 01:00:00,-0.74938965,4.688568
2025-04-13 02:00:00,-1.8874817,4.086609
2025-04-13 03:00:00,-2.244995,3.8617706
2025-04-13 04:00:00,-2.9158173,3.9574432
2025-04-13 05:00:00,-3.924408,4.7320404
2025-04-13 06:00:00,-3.2614288,5.804123
2025-04-13 07:00:00,-2.5727234,6.2449036
2025-04-13 08:00:00,-4.129181,6.842331
2025-04-13 09:00:00,-5.0041504,7.3884583
2025-04-13 10:00:00,-4.949417,6.213928
2025-04-13 11:00:00,-5.0347443,6.8061523
2025-04-13 12:00:00,-4.6718597,6.5702972
2025-04-13 13:00:00,-4.8559723,6.352173
2025-04-13 14:00:00,-5.175293,6.69429
2025-04-13 15:00:00,-6.275528,7.537018
2025-04-13 16:00:00,-6.937332,8.65979
2025-04-13 17:00:00,-6.873947,9.571411
2025-04-13 18:00:00,-7.052887,10.32457
2025-04-13 19:00:00,-7.3762207,11.09613
2025-04-13 20:00:00,-7.043457,11.873093
2025-04-13 21:00:00,-6.1916046,12.338318
2025-04-13 22:00:00,-5.642395,12.869507
2025-04-13 23:00:00,-5.6827393,12.529999
2025-04-14 00:00:00,-5.374817,10.9388275
2025-04-14 01:00:00,-5.617569,8.850891
2025-04-14 02:00:00,-6.923767,7.4354553
2025-04-14 03:00:00,-8.612289,8.172592
2025-04-14 04:00:00,-10.075027,10.325684
2025-04-14 05:00:00,-9.866638,11.995224
2025-04-14 06:00:00,-9.226303,13.209686
2025-04-14 07:00:00,-8.259705,13.960693
2025-04-14 08:00:00,-8.185638,14.111969
2025-04-14 09:00:00,-7.8652496,14.261475
2025-04-14 10:00:00,-5.55249,13.483246
2025-04-14 11:00:00,-5.7053833,14.17189
2025-04-14 12:00:00,-6.1387177,14.631287
2025-04-14 13:00:00,-6.3431854,14.493866
2025-04-14 14:00:00,-5.0899963,13.330399
2025-04-14 15:00:00,-3.4366302,11.726944
2025-04-14 16:00:00,-3.3659515,10.895721
2025-04-14 17:00:00,-5.2739563,11.589218
2025-04-14 18:00:00,-5.6093445,12.579422
2025-04-14 19:00:00,-2.531067,11.221619
2025-04-14 20:00:00,-1.767807,9.740997
2025-04-14 21:00:00,-5.7899933,10.813477
2025-04-14 22:00:00,-2.9514008,11.784943
2025-04-14 23:00:00,-6.4151154,14.069611
2025-04-15 00:00:00,-9.353104,14.897263
2025-04-15 01:00:00,-9.84761,14.842773
2025-04-15 02:00:00,-9.122238,15.127213
2025-04-15 03:00:00,-9.650681,15.359024
2025-04-15 04:00:00,-9.561661,15.552902
2025-04-15 05:00:00,-9.021118,15.903992
2025-04-15 06:00:00,-9.345352,16.041855
2025-04-15 07:00:00,-8.94693,15.708603
2025-04-15 08:00:00,-7.1149597,14.362076
2025-04-15 09:00:00,-4.570862,12.550049
2025-04-15 10:00:00,-2.0794678,9.349442
2025-04-15 11:00:00,-2.9348907,8.486832
2025-04-15 12:00:00,-3.0761871,8.691147
2025-04-15 13:00:00,-1.8004456,9.304657
2025-04-15 14:00:00,-1.2458038,9.30658
2025-04-15 15:00:00,-0.7260132,9.603683
2025-04-15 16:00:00,0.077560425,9.294083
2025-04-15 17:00:00,0.31254578,8.585083
2025-04-15 18:00:00,-0.77563477,8.312698
2025-04-15 19:00:00,-2.3520813,8.870483
2025-04-15 20:00:00,-3.225113,9.642761
2025-04-15 21:00:00,-3.9113922,9.969238
2025-04-15 22:00:00,-5.3082123,9.284119
2025-04-15 23:00:00,-5.1111298,10.286011
2025-04-16 00:00:00,-4.988861,10.707947
2025-04-16 01:00:00,-4.9217224,11.339111
2025-04-16 02:00:00,-5.268692,11.827789
2025-04-16 03:00:00,-6.8672485,11.732285
2025-04-16 04:00:00,-8.621155,11.953674
2025-04-16 05:00:00,-9.001526,12.19429
2025-04-16 06:00:00,-8.576584,13.065094
2025-04-16 07:00:00,-8.187103,11.935181
2025-04-16 08:00:00,-7.4893494,11.38678
2025-04-16 09:00:00,-7.720398,12.316803
2025-04-16 10:00:00,-7.849045,13.388779
2025-04-16 11:00:00,-9.465332,13.789261
2025-04-16 12:00:00,-7.3601074,15.874893
2025-04-16 13:00:00,-7.9075165,14.934708
2025-04-16 14:00:00,-10.621246,15.113617
2025-04-16 15:00:00,-11.225906,15.320999
2025-04-16 16:00:00,-11.192703,15.570511
2025-04-16 17:00:00,-4.8193054,14.5282135
2025-04-16 18:00:00,-0.2318573,11.732925
2025-04-16 19:00:00,-1.4199524,11.637222
2025-04-16 20:00:00,-2.9970856,12.652969
2025-04-16 21:00:00,-1.6040955,12.541901
2025-04-16 22:00:00,6.435486,7.661438
2025-04-16 23:00:00,10.224091,-2.4885712
2025-04-17 00:00:00,8.9319,-6.5154724
2025-04-17 01:00:00,8.720383,-6.861862
2025-04-17 02:00:00,8.55452,-6.9264526
2025-04-17 03:00:00,8.365326,-5.8535004
2025-04-17 04:00:00,8.930801,-3.8976898
2025-04-17 05:00:00,9.997406,-3.5612183
2025-04-17 06:00:00,10.950012,-3.6555176
2025-04-17 07:00:00,11.387512,-3.4535522
2025-04-17 08:00:00,10.863617,-3.4606018
2025-04-17 09:00:00,9.7285,-2.8837433
2025-04-17 10:00:00,9.487701,-2.326004
2025-04-17 11:00:00,9.331741,-2.1182709
2025-04-17 12:00:00,9.081406,-1.7796173
2025-04-17 13:00:00,8.661072,-1.6383209
2025-04-17 14:00:00,8.282928,-1.1161804
2025-04-17 15:00:00,9.723785,-1.379242
2025-04-17 16:00:00,10.337524,-2.327423
2025-04-17 17:00:00,9.302078,-2.5216064
2025-04-17 18:00:00,7.801758,-2.4228363
2025-04-17 19:00:00,6.7489014,-2.3015747
2025-04-17 20:00:00,5.7123566,-1.8356934
2025-04-17 21:00:00,5.481476,-1.3592682
2025-04-17 22:00:00,5.544586,-0.92878723
2025-04-17 23:00:00,5.3755035,-0.98023987
2025-04-18 00:00:00,4.533905,-1.0984344
2025-04-18 01:00:00,3.3749695,-0.7065277
2025-04-18 02:00:00,2.6535034,0.2514801
2025-04-18 03:00:00,2.850235,1.8099823
2025-04-18 04:00:00,4.43721,3.4790344
2025-04-18 05:00:00,6.2935333,4.41658
2025-04-18 06:00:00,7.2906647,4.03006
2025-04-18 07:00:00,7.8559723,3.1011353
2025-04-18 08:00:00,8.169922,2.1098328
2025-04-18 09:00:00,8.219589,1.1331787
2025-04-18 10:00:00,7.6547394,-0.052017212
2025-04-18 11:00:00,7.0809174,-0.9319763
2025-04-18 12:00:00,6.267105,-1.9070282
2025-04-18 13:00:00,5.4773254,-2.5636597
2025-04-18 14:00:00,4.6243134,-2.7440948
2025-04-18 15:00:00,3.9535828,-2.449646
2025-04-18 16:00:00,3.4699402,-1.8863525
2025-04-18 17:00:00,3.3023682,-0.93751526
2025-04-18 18:00:00,3.1770782,0.06059265
2025-04-18 19:00:00,3.2826538,0.641098
2025-04-18 20:00:00,3.421402,0.98994446
2025-04-18 21:00:00,3.3333893,0.96517944
2025-04-18 22:00:00,2.0582275,0.6351013
2025-04-18 23:00:00,1.59758,1.4841766
2025-04-19 00:00:00,1.578949,2.3503418
2025-04-19 01:00:00,1.3327179,2.1564484
2025-04-19 02:00:00,0.8548279,1.5285339
2025-04-19 03:00:00,0.6081238,1.3854218
2025-04-19 04:00:00,0.6559601,1.4829102
2025-04-19 05:00:00,0.8360138,1.8154602
2025-04-19 06:00:00,0.61665344,2.0296936
2025-04-19 07:00:00,0.008712769,2.3619537
2025-04-19 08:00:00,-0.95228577,2.5965576
2025-04-19 09:00:00,-1.5626831,2.823578
2025-04-19 10:00:00,-1.3948364,2.4745483
2025-04-19 11:00:00,-1.1774292,3.2136993
2025-04-19 12:00:00,-1.0378876,3.6250916
2025-04-19 13:00:00,-1.0576782,3.552887
2025-04-19 14:00:00,-1.1683655,3.322052
2025-04-19 15:00:00,-1.4671478,3.1270905
2025-04-19 16:00:00,-1.9651337,2.882843
2025-04-19 17:00:00,-2.643097,2.5632477
2025-04-19 18:00:00,-3.3338776,2.213379
2025-04-19 19:00:00,-3.7816925,2.1053314
2025-04-19 20:00:00,-4.0063324,2.306137
2025-04-19 21:00:00,-3.934784,2.8199463
2025-04-19 22:00:00,-3.4707184,3.4762878
2025-04-19 23:00:00,-3.161148,3.930359
2025-04-20 00:00:00,-2.5657654,3.8571167
2025-04-20 01:00:00,-2.1178741,3.4742584
2025-04-20 02:00:00,-2.1300201,2.7238922
2025-04-20 03:00:00,-2.188095,1.976471
2025-04-20 04:00:00,-2.390686,1.3085785
2025-04-20 05:00:00,-2.7716675,1.0044861
2025-04-20 06:00:00,-3.0759583,0.90130615
2025-04-20 07:00:00,-3.0780334,0.8374176
2025-04-20 08:00:00,-3.1507568,0.6950073
2025-04-20 09:00:00,-3.1084747,0.8757477
2025-04-20 10:00:00,-2.2384033,0.3005371
2025-04-20 11:00:00,-2.8323212,0.33937073
2025-04-20 12:00:00,-3.5494385,0.023773193
2025-04-20 13:00:00,-3.938385,0.42115784
2025-04-20 14:00:00,-4.2222137,0.46873474
2025-04-20 15:00:00,-3.8794098,1.0128326
2025-04-20 16:00:00,-3.5717316,0.99664307
2025-04-20 17:00:00,-3.8963623,0.018371582
2025-04-20 18:00:00,-4.0914764,0.2594757
2025-04-20 19:00:00,-4.305496,1.1512299
2025-04-20 20:00:00,-4.5030212,1.5539093
2025-04-20 21:00:00,-4.2693024,1.2901154
2025-04-20 22:00:00,-4.434143,1.3718109
2025-04-20 23:00:00,-5.2191772,1.4747009
2025-04-21 00:00:00,-5.013336,1.8580627
2025-04-21 01:00:00,-5.163742,1.8320618
2025-04-21 02:00:00,-6.3133087,1.646286
2025-04-21 03:00:00,-7.278656,1.8800507
2025-04-21 04:00:00,-7.640854,2.006363
2025-04-21 05:00:00,-7.4813843,1.9311218
2025-04-21 06:00:00,-6.6734314,2.229782
2025-04-21 07:00:00,-7.600418,2.0093079
2025-04-21 08:00:00,-9.355255,-0.10824585
2025-04-21 09:00:00,-8.520187,-0.66696167
2025-04-21 10:00:00,-8.403763,0.122909546
2025-04-21 11:00:00,-8.344254,1.0382996
2025-04-21 12:00:00,-9.705154,0.48124695
2025-04-21 13:00:00,-10.5138855,0.23371887
2025-04-21 14:00:00,-10.497162,-0.35447693
2025-04-21 15:00:00,-10.22937,-2.2167358
2025-04-21 16:00:00,-9.936371,-3.7474823
2025-04-21 17:00:00,-10.101807,-6.04805
2025-04-21 18:00:00,-9.835327,-8.4522705
2025-04-21 19:00:00,-9.647232,-10.070648
2025-04-21 20:00:00,-9.033722,-11.206818
2025-04-21 21:00:00,-6.7522583,-12.15181
2025-04-21 22:00:00,-3.9732056,-12.279831
2025-04-21 23:00:00,-1.1034241,-12.102081
2025-04-22 00:00:00,-0.00541687,-11.248337
2025-04-22 01:00:00,0.027053833,-10.08963
2025-04-22 02:00:00,0.056991577,-9.110138
2025-04-22 03:00:00,0.46653748,-8.761673
2025-04-22 04:00:00,1.3893585,-8.182037
2025-04-22 05:00:00,2.0864105,-7.446808
2025-04-22 06:00:00,1.713562,-6.949188
2025-04-22 07:00:00,2.043991,-6.4403534
2025-04-22 08:00:00,2.3546143,-5.9293365
2025-04-22 09:00:00,2.0515594,-5.375595
2025-04-22 10:00:00,1.2127838,-4.9510803
2025-04-22 11:00:00,1.1829681,-3.879425
2025-04-22 12:00:00,1.8191528,-3.1792145
2025-04-22 13:00:00,2.833664,-3.009613
2025-04-22 14:00:00,3.4853668,-3.219635
2025-04-22 15:00:00,3.6119232,-3.4179535
2025-04-22 16:00:00,3.979599,-3.0996552
2025-04-22 17:00:00,4.5095215,-2.9651337
2025-04-22 18:00:00,5.111435,-3.2869263
2025-04-22 19:00:00,5.630844,-3.2797546
2025-04-22 20:00:00,6.460144,-2.9550323
2025-04-22 21:00:00,6.9692383,-3.187729
2025-04-22 22:00:00,7.0286865,-2.806366
2025-04-22 23:00:00,6.8779907,-2.8577118
2025-04-23 00:00:00,6.8943634,-2.5819092
2025-04-23 01:00:00,7.483078,-2.392044
2025-04-23 02:00:00,8.323654,-2.592102
2025-04-23 03:00:00,9.19931,-3.234909
2025-04-23 04:00:00,9.3420105,-3.7739563
2025-04-23 05:00:00,9.607651,-4.205612
2025-04-23 06:00:00,9.950531,-4.755615
2025-04-23 07:00:00,9.911499,-5.231949
2025-04-23 08:00:00,9.644714,-5.7258453
2025-04-23 09:00:00,9.623795,-5.6535797
2025-04-23 10:00:00,9.107971,-4.135788
2025-04-23 11:00:00,10.012405,-2.7737427
2025-04-23 12:00:00,10.93013,-1.9170227
2025-04-23 13:00:00,11.623642,-1.7713928
2025-04-23 14:00:00,11.991867,-1.8727417
2025-04-23 15:00:00,12.211899,-2.4137268
2025-04-23 16:00:00,12.010666,-3.2918549
2025-04-23 17:00:00,11.401535,-4.648514
2025-04-23 18:00:00,10.497391,-5.8780823
2025-04-23 19:00:00,10.047546,-6.5032806
2025-04-23 20:00:00,10.389511,-7.874588
2025-04-23 21:00:00,10.417984,-9.103638
2025-04-23 22:00:00,9.427368,-8.454285
2025-04-23 23:00:00,9.079697,-7.7379303
2025-04-24 00:00:00,9.401352,-6.9060974
2025-04-24 01:00:00,9.839493,-6.6878967
2025-04-24 02:00:00,10.060455,-6.592102
2025-04-24 03:00:00,10.517258,-6.6864166
2025-04-24 04:00:00,10.117294,-6.2259216
2025-04-24 05:00:00,10.096512,-5.896515
2025-04-24 06:00:00,10.156265,-5.2663574
2025-04-24 07:00:00,10.61792,-5.0211334
2025-04-24 08:00:00,11.13118,-5.2044067
2025-04-24 09:00:00,11.027756,-5.419754
2025-04-24 10:00:00,10.229218,-5.1481323
2025-04-24 11:00:00,10.516174,-4.708954
2025-04-24 12:00:00,10.729675,-4.4182587
2025-04-24 13:00:00,10.918945,-4.2086945
2025-04-24 14:00:00,11.065933,-4.1396637
2025-04-24 15:00:00,11.2034,-4.0023346
2025-04-24 16:00:00,11.618149,-4.328064
2025-04-24 17:00:00,11.361069,-4.6039124
2025-04-24 18:00:00,10.422394,-4.775177
2025-04-24 19:00:00,9.583313,-4.881958
2025-04-24 20:00:00,9.112961,-4.878235
2025-04-24 21:00:00,9.123505,-4.78096
2025-04-24 22:00:00,10.082993,-4.0227814
2025-04-24 23:00:00,10.250198,-3.1745453
2025-04-25 00:00:00,11.070816,-3.3919067
2025-04-25 01:00:00,12.122498,-4.1728973
2025-04-25 02:00:00,12.286682,-4.7624664
2025-04-25 03:00:00,11.887711,-5.3182373
2025-04-25 04:00:00,11.299759,-5.704529
2025-04-25 05:00:00,10.6896515,-5.951721
2025-04-25 06:00:00,9.978363,-6.228134
2025-04-25 07:00:00,8.972488,-6.1746674
2025-04-25 08:00:00,8.18512,-5.756195
2025-04-25 09:00:00,7.8573456,-4.989456
2025-04-25 10:00:00,7.2698975,-4.5448
2025-04-25 11:00:00,7.487503,-3.7130127
2025-04-25 12:00:00,7.7342224,-2.993576
2025-04-25 13:00:00,8.060318,-2.8329773
2025-04-25 14:00:00,8.097595,-3.17688
2025-04-25 15:00:00,8.078445,-3.5056305
2025-04-25 16:00:00,8.160751,-3.8673706
2025-04-25 17:00:00,8.048126,-4.133362
2025-04-25 18:00:00,7.629486,-4.021637
2025-04-25 19:00:00,7.193985,-3.191925
2025-04-25 20:00:00,7.7913055,-1.4334564
2025-04-25 21:00:00,8.111923,-1.1225433
2025-04-25 22:00:00,7.6441193,-1.7420654
2025-04-25 23:00:00,7.7283783,-1.195816
2025-04-26 00:00:00,8.513077,-0.68733215
2025-04-26 01:00:00,8.973434,-1.7057343
2025-04-26 02:00:00,8.762955,-2.632965
2025-04-26 03:00:00,8.671814,-2.9464417
2025-04-26 04:00:00,8.6545105,-3.317093
2025-04-26 05:00:00,8.32309,-3.5671234
2025-04-26 06:00:00,7.563843,-3.2514954
2025-04-26 07:00:00,6.7767944,-2.6328735
2025-04-26 08:00:00,6.394058,-2.0485535
2025-04-26 09:00:00,6.230606,-1.5270844
2025-04-26 10:00:00,5.7681885,-1.3013763
2025-04-26 11:00:00,5.925476,-1.3247681
2025-04-26 12:00:00,5.5461273,-1.5184174
2025-04-26 13:00:00,5.1562195,-1.3869171
2025-04-26 14:00:00,4.886902,-1.6841431
2025-04-26 15:00:00,4.320236,-2.2365417
2025-04-26 16:00:00,3.6178894,-2.3195648
2025-04-26 17:00:00,2.9802856,-2.4042358
2025-04-26 18:00:00,2.1887512,-2.7134705
2025-04-26 19:00:00,1.7098694,-2.7632904
2025-04-26 20:00:00,1.2673187,-2.6218872
2025-04-26 21:00:00,0.3184204,-2.892685
2025-04-26 22:00:00,-0.85557556,-3.1813965
2025-04-26 23:00:00,-1.7845612,-3.0001068
2025-04-27 00:00:00,-2.7350616,-2.6278229
2025-04-27 01:00:00,-3.6435394,-2.37883
2025-04-27 02:00:00,-4.366867,-2.0062256
2025-04-27 03:00:00,-4.751526,-1.4901886
2025-04-27 04:00:00,-5.1054688,-1.1682892
2025-04-27 05:00:00,-5.3577423,-1.050354
2025-04-27 06:00:00,-5.479233,-0.7301483
2025-04-27 07:00:00,-5.533478,-0.42211914
2025-04-27 08:00:00,-5.383789,-0.0831604
2025-04-27 09:00:00,-5.009201,0.30540466
2025-04-27 10:00:00,-4.9425354,0.4674225
2025-04-27 11:00:00,-5.0078278,1.1128998
2025-04-27 12:00:00,-5.290558,1.592865
2025-04-27 13:00:00,-5.2524567,1.7046509
2025-04-27 14:00:00,-5.083252,1.513977
2025-04-27 15:00:00,-5.0805054,0.89482117
2025-04-27 16:00:00,-5.137848,0.025299072
2025-04-27 17:00:00,-5.0694885,-0.8340454
2025-04-27 18:00:00,-4.991791,-1.4798126
2025-04-27 19:00:00,-5.138336,-2.023468
2025-04-27 20:00:00,-5.5412292,-2.3483276
2025-04-27 21:00:00,-5.771805,-2.3202362
2025-04-27 22:00:00,-5.296051,-1.6906738
2025-04-27 23:00:00,-5.372696,-1.4996033
2025-04-28 00:00:00,-5.0641937,-1.5640411
2025-04-28 01:00:00,-4.4889526,-1.949173
2025-04-28 02:00:00,-4.3016205,-2.526184
2025-04-28 03:00:00,-4.7908936,-2.9743042
2025-04-28 04:00:00,-5.2623596,-3.0695648
2025-04-28 05:00:00,-5.8352966,-2.9579163
2025-04-28 06:00:00,-6.0969696,-2.558487
2025-04-28 07:00:00,-5.8615723,-1.9329071
2025-04-28 08:00:00,-5.596054,-1.4008331
2025-04-28 09:00:00,-5.3988647,-0.9613037
2025-04-28 10:00:00,-5.2120667,-1.2372894
2025-04-28 11:00:00,-5.310791,-0.66108704
2025-04-28 12:00:00,-4.9439697,-0.20939636
2025-04-28 13:00:00,-4.5532227,0.09815979
2025-04-28 14:00:00,-4.218704,0.028320312
2025-04-28 15:00:00,-4.066803,-0.2841339
2025-04-28 16:00:00,-4.001999,-0.85554504
2025-04-28 17:00:00,-3.9844818,-1.4374237
2025-04-28 18:00:00,-3.6186218,-1.8131409
2025-04-28 19:00:00,-3.4681244,-1.9363251
2025-04-28 20:00:00,-3.6958466,-2.0395508
2025-04-28 21:00:00,-3.89534,-2.1150055
2025-04-28 22:00:00,-3.6176605,-2.3180847
2025-04-28 23:00:00,-4.049347,-2.9553223
2025-04-29 00:00:00,-4.217697,-3.259674
2025-04-29 01:00:00,-3.9002533,-3.1500244
2025-04-29 02:00:00,-3.58313,-3.404251
2025-04-29 03:00:00,-3.8842316,-3.9394226
2025-04-29 04:00:00,-4.287506,-4.222275
2025-04-29 05:00:00,-4.4421997,-4.0663605
2025-04-29 06:00:00,-4.241852,-3.825409
2025-04-29 07:00:00,-4.2404175,-3.7914886
2025-04-29 08:00:00,-4.1483765,-3.574936
2025-04-29 09:00:00,-3.735672,-3.328354
2025-04-29 10:00:00,-2.1824493,-3.34227
2025-04-29 11:00:00,-1.5373077,-3.2138824
2025-04-29 12:00:00,-1.5210266,-3.465088
2025-04-29 13:00:00,-1.4441528,-3.8697815
2025-04-29 14:00:00,-1.2338562,-3.9503632
2025-04-29 15:00:00,-0.47982788,-3.8066864
2025-04-29 16:00:00,0.45147705,-4.1622314
2025-04-29 17:00:00,1.198822,-5.3917847
2025-04-29 18:00:00,1.5059662,-6.235672
2025-04-29 19:00:00,1.3564911,-5.94693
2025-04-29 20:00:00,0.9395752,-5.432663
2025-04-29 21:00:00,0.88253784,-4.9358063
2025-04-29 22:00:00,1.3188324,-3.860733
2025-04-29 23:00:00,1.3763733,-3.4559784
2025-04-30 00:00:00,1.4564362,-3.2287445
2025-04-30 01:00:00,1.5966034,-3.1972046
2025-04-30 02:00:00,1.8234558,-3.2382965
2025-04-30 03:00:00,2.131897,-3.3237915
2025-04-30 04:00:00,2.210144,-3.6737823
2025-04-30 05:00:00,1.9459686,-3.8592987
2025-04-30 06:00:00,1.6362152,-3.8906555
2025-04-30 07:00:00,1.650711,-3.6691284
2025-04-30 08:00:00,1.4669037,-3.3385925
2025-04-30 09:00:00,1.1897125,-2.8510895
2025-04-30 10:00:00,0.47912598,-2.6532135
2025-04-30 11:00:00,0.404068,-1.7075043
2025-04-30 12:00:00,0.77264404,-0.5326233
2025-04-30 13:00:00,1.4198303,0.2516632
2025-04-30 14:00:00,2.2039032,0.659317
2025-04-30 15:00:00,3.366745,0.6480408
2025-04-30 16:00:00,4.8025513,0.18769836
2025-04-30 17:00:00,5.747574,-0.7583313
2025-04-30 18:00:00,6.044342,-1.808609
2025-04-30 19:00:00,6.2135315,-2.666504
2025-04-30 20:00:00,6.169571,-3.3045807
2025-04-30 21:00:00,5.9707336,-3.7346344
2025-04-30 22:00:00,5.3769836,-3.2723236
2025-04-30 23:00:00,4.935028,-3.2124176
2025-05-01 00:00:00,4.494095,-3.5053253
2025-05-01 01:00:00,4.1354523,-3.9786072
2025-05-01 02:00:00,3.9424438,-4.3062897
2025-05-01 03:00:00,3.9602509,-4.3822937
2025-05-01 04:00:00,3.7230225,-4.5175323
2025-05-01 05:00:00,3.1368713,-4.5755157
2025-05-01 06:00:00,2.4453125,-4.330826
2025-05-01 07:00:00,2.628891,-3.388504
2025-05-01 08:00:00,3.4262238,-2.5456848
2025-05-01 09:00:00,4.3815002,-2.2499847
2025-05-01 10:00:00,3.3730774,-2.2605743
2025-05-01 11:00:00,3.654251,-2.151245
2025-05-01 12:00:00,3.5227966,-2.123642
2025-05-01 13:00:00,3.5381622,-2.020111
2025-05-01 14:00:00,3.907425,-1.8756714
2025-05-01 15:00:00,4.5175934,-1.7748871
2025-05-01 16:00:00,5.008133,-1.8055878
2025-05-01 17:00:00,5.5692596,-1.8087921
2025-05-01 18:00:00,6.2195435,-1.8870087
2025-05-01 19:00:00,6.8909454,-2.1276398
2025-05-01 20:00:00,7.1839294,-2.5752563
2025-05-01 21:00:00,7.1594543,-2.977951
2025-05-01 22:00:00,6.50943,-2.3542633
2025-05-01 23:00:00,6.0770264,-2.5034027
2025-05-02 00:00:00,5.69899,-2.552185
2025-05-02 01:00:00,5.218918,-2.3645477
2025-05-02 02:00:00,4.7971344,-2.1356049
2025-05-02 03:00:00,4.699112,-1.8643341
2025-05-02 04:00:00,4.705658,-1.7319946
2025-05-02 05:00:00,4.420517,-1.6494751
2025-05-02 06:00:00,4.2176514,-1.6132202
2025-05-02 07:00:00,4.2117157,-1.6331482
2025-05-02 08:00:00,3.9727325,-1.8527527
2025-05-02 09:00:00,3.77359,-2.0504303
2025-05-02 10:00:00,2.9278717,-2.5107574
2025-05-02 11:00:00,2.8328857,-1.9408722
2025-05-02 12:00:00,2.916977,-1.3688354
2025-05-02 13:00:00,3.2555847,-0.9315796
2025-05-02 14:00:00,3.423706,-0.84428406
2025-05-02 15:00:00,3.4297638,-1.1979828
2025-05-02 16:00:00,3.4176788,-1.2684021
2025-05-02 17:00:00,3.7487946,-1.1623993
2025-05-02 18:00:00,4.1747284,-1.1897736
2025-05-02 19:00:00,4.3308563,-1.4981079
2025-05-02 20:00:00,4.8803253,-1.839508
2025-05-02 21:00:00,5.1434937,-2.6696167
2025-05-02 22:00:00,3.3541107,-3.1602325
2025-05-02 23:00:00,2.0025024,-3.6086273
2025-05-03 00:00:00,1.3075104,-3.5464325
2025-05-03 01:00:00,1.1944122,-3.5820465
2025-05-03 02:00:00,0.9481201,-3.4336853
2025-05-03 03:00:00,0.4718933,-3.1525269
2025-05-03 04:00:00,0.13372803,-2.5991058
2025-05-03 05:00:00,0.24182129,-1.7587433
2025-05-03 06:00:00,0.69459534,-1.1284943
2025-05-03 07:00:00,0.62545776,-0.3497162
2025-05-03 08:00:00,0.16918945,0.36413574
2025-05-03 09:00:00,0.44987488,1.351654
2025-05-03 10:00:00,1.0287781,1.3184357
2025-05-03 11:00:00,1.5028381,2.0786133
2025-05-03 12:00:00,1.1946259,2.7741852
2025-05-03 13:00:00,1.4644928,3.182785
2025-05-03 14:00:00,2.8465576,2.7517853
2025-05-03 15:00:00,3.6205597,1.8624268
2025-05-03 16:00:00,3.40242,1.2984619
2025-05-03 17:00:00,2.58786,1.0968323
2025-05-03 18:00:00,1.7416077,1.1164703
2025-05-03 19:00:00,0.86846924,1.1631317
2025-05-03 20:00:00,0.10450745,1.835556
2025-05-03 21:00:00,-0.1637268,2.697281
2025-05-03 22:00:00,-0.7207489,2.3777466
2025-05-03 23:00:00,-1.0722961,3.1952667
2025-05-04 00:00:00,-0.9594269,4.377899
2025-05-04 01:00:00,-0.31463623,5.117935
2025-05-04 02:00:00,-0.3305359,5.2462006
2025-05-04 03:00:00,-0.71154785,5.1881104
2025-05-04 04:00:00,-0.6418457,5.1392517
2025-05-04 05:00:00,-0.59754944,5.465576
2025-05-04 06:00:00,-1.1823425,6.1398926
2025-05-04 07:00:00,-0.943573,6.278946
2025-05-04 08:00:00,-0.49908447,6.005707
2025-05-04 09:00:00,-0.73220825,6.0305786
2025-05-04 10:00:00,-1.5012817,5.546768
2025-05-04 11:00:00,-1.5183868,6.6558533
2025-05-04 12:00:00,-0.89660645,7.299698
2025-05-04 13:00:00,0.17857361,7.0485687
2025-05-04 14:00:00,1.6369476,4.7793274
2025-05-04 15:00:00,1.8201141,2.82518
2025-05-04 16:00:00,0.55226135,2.552658
2025-05-04 17:00:00,0.18051147,2.7760468
2025-05-04 18:00:00,-0.19688416,2.7657928
2025-05-04 19:00:00,-0.12301636,3.4276123
2025-05-04 20:00:00,0.14665222,3.237854
2025-05-04 21:00:00,-2.2453156,2.6382294
2025-05-04 22:00:00,-3.5008392,4.1099854
2025-05-04 23:00:00,1.1093292,4.2991943
2025-05-05 00:00:00,0.64567566,3.7781982
2025-05-05 01:00:00,-1.1254578,4.620285
2025-05-05 02:00:00,-1.5033569,5.3513794
2025-05-05 03:00:00,-0.8425751,4.664276
2025-05-05 04:00:00,0.07539368,3.5616608
2025-05-05 05:00:00,1.0986328,3.54776
2025-05-05 06:00:00,1.5251007,3.3778229
2025-05-05 07:00:00,0.99627686,3.213913
2025-05-05 08:00:00,0.735199,2.8188782
2025-05-05 09:00:00,0.16474915,3.2175903
2025-05-05 10:00:00,0.20495605,2.3592834
2025-05-05 11:00:00,0.6174011,3.1029358
2025-05-05 12:00:00,1.0329437,2.4997864
2025-05-05 13:00:00,1.3100586,1.7723541
2025-05-05 14:00:00,1.4245148,1.1430511
2025-05-05 15:00:00,1.0027008,0.8291321
2025-05-05 16:00:00,0.30204773,0.75665283
2025-05-05 17:00:00,-0.115493774,0.602417
2025-05-05 18:00:00,-0.43215942,0.18345642
2025-05-05 19:00:00,-0.7250519,-0.25535583
2025-05-05 20:00:00,-0.80604553,-0.80656433
2025-05-05 21:00:00,-1.324173,-2.0120392
2025-05-05 22:00:00,-2.5082092,-2.0665894
2025-05-05 23:00:00,-2.3923492,-2.0971375
2025-05-06 00:00:00,-1.537384,-1.6512909
2025-05-06 01:00:00,-2.625412,-1.5928497
2025-05-06 02:00:00,-3.963974,-0.99816895
2025-05-06 03:00:00,-5.1957855,-0.25653076
2025-05-06 04:00:00,-6.671036,-0.45428467
2025-05-06 05:00:00,-6.908432,-1.5511017
2025-05-06 06:00:00,-6.461853,-2.813797
2025-05-06 07:00:00,-5.5331573,-2.6864777
2025-05-06 08:00:00,-5.064743,-1.4443665
2025-05-06 09:00:00,-5.7410583,-1.4271545
2025-05-06 10:00:00,-6.407028,-2.6993256
2025-05-06 11:00:00,-6.3847504,-3.6573334
2025-05-06 12:00:00,-6.389786,-4.0398865
2025-05-06 13:00:00,-6.118973,-4.2059784
2025-05-06 14:00:00,-5.9575195,-3.8388214
2025-05-06 15:00:00,-5.9903107,-3.1933746
2025-05-06 16:00:00,-5.8243713,-2.7772217
2025-05-06 17:00:00,-5.891037,-3.4217377
2025-05-06 18:00:00,-5.2734833,-5.3623962
2025-05-06 19:00:00,-3.968979,-6.5120544
2025-05-06 20:00:00,-2.5727997,-6.8866577
2025-05-06 21:00:00,-1.84729,-7.346451
2025-05-06 22:00:00,-2.4498138,-6.3908386
2025-05-06 23:00:00,-3.2118683,-5.3377533
2025-05-07 00:00:00,-3.3348694,-4.499771
2025-05-07 01:00:00,-2.6661072,-4.482315
2025-05-07 02:00:00,-1.878128,-4.660141
2025-05-07 03:00:00,-0.91160583,-5.1932526
2025-05-07 04:00:00,-0.5773773,-5.582062
2025-05-07 05:00:00,-0.26289368,-5.54126
2025-05-07 06:00:00,0.25169373,-5.659912
2025-05-07 07:00:00,0.74424744,-5.8728943
2025-05-07 08:00:00,1.028656,-6.1472015
2025-05-07 09:00:00,0.74235535,-6.3469086
2025-05-07 10:00:00,-0.05911255,-5.6339874
2025-05-07 11:00:00,-1.4472198,-4.9065247
2025-05-07 12:00:00,-2.724762,-3.7967072
2025-05-07 13:00:00,-3.4308167,-2.6027985
2025-05-07 14:00:00,-3.0336304,-1.6191101
2025-05-07 15:00:00,-2.2178345,-1.5749359
2025-05-07 16:00:00,-1.3627014,-2.00589
2025-05-07 17:00:00,-1.06073,-2.3830414
2025-05-07 18:00:00,-1.1950684,-2.3468018
2025-05-07 19:00:00,-1.3140411,-2.018097
2025-05-07 20:00:00,-1.6476288,-2.301239
2025-05-07 21:00:00,-2.1696777,-2.9522858
2025-05-07 22:00:00,-2.6809998,-3.5288544
2025-05-07 23:00:00,-2.924759,-3.8568878
2025-05-08 00:00:00,-2.564392,-2.7912292
2025-05-08 01:00:00,-2.2164612,-0.55766296
2025-05-08 02:00:00,-2.523407,0.924942
2025-05-08 03:00:00,-2.9850159,1.4393768
2025-05-08 04:00:00,-2.9919586,1.2918091
2025-05-08 05:00:00,-2.6779175,0.529129
2025-05-08 06:00:00,-2.6976318,-0.2799225
2025-05-08 07:00:00,-2.4261932,-0.9841156
2025-05-08 08:00:00,-1.5191345,-2.4978638
2025-05-08 09:00:00,0.19909668,-5.4716797
2025-05-08 10:00:00,-1.706604,-2.876892
2025-05-08 11:00:00,-1.5186462,-2.9932861
2025-05-08 12:00:00,-2.0494385,-2.9754944
2025-05-08 13:00:00,-3.5345154,-1.9230804
2025-05-08 14:00:00,-5.511673,0.006088257
2025-05-08 15:00:00,-6.9517517,1.2902832
2025-05-08 16:00:00,-8.042252,1.6603394
2025-05-08 17:00:00,-8.634872,1.5637054
2025-05-08 18:00:00,-8.730911,0.99816895
2025-05-08 19:00:00,-8.773712,0.52970886
2025-05-08 20:00:00,-9.225891,0.5449524
2025-05-08 21:00:00,-10.066635,0.78793335
2025-05-08 22:00:00,-10.742249,2.5798187
2025-05-08 23:00:00,-10.068024,3.2633972
2025-05-09 00:00:00,-8.687088,1.7225037
2025-05-09 01:00:00,-7.1208496,-2.1636658
2025-05-09 02:00:00,-6.0502777,-4.2980194
2025-05-09 03:00:00,-8.992172,-3.3225098
2025-05-09 04:00:00,-10.737473,-2.7601776
2025-05-09 05:00:00,-11.734085,-3.5595245
2025-05-09 06:00:00,-12.217926,-3.9464111
2025-05-09 07:00:00,-11.453537,-2.7722626
2025-05-09 08:00:00,-10.99202,-1.5385895
2025-05-09 09:00:00,-10.414307,-1.5351105
2025-05-09 10:00:00,-6.9091034,-4.2371826
2025-05-09 11:00:00,-6.9049377,-5.8488464
2025-05-09 12:00:00,-7.8545685,-6.903595
2025-05-09 13:00:00,-8.428024,-7.279312
2025-05-09 14:00:00,-8.540634,-7.803726
2025-05-09 15:00:00,-8.674835,-7.7969666
2025-05-09 16:00:00,-8.311157,-7.4855194
2025-05-09 17:00:00,-8.0078125,-7.5227203
2025-05-09 18:00:00,-7.9874268,-7.840042
2025-05-09 19:00:00,-7.921295,-7.8336334
2025-05-09 20:00:00,-7.660324,-7.4674225
2025-05-09 21:00:00,-7.2351837,-6.7283783
2025-05-09 22:00:00,-6.3937836,-4.7993774
2025-05-09 23:00:00,-5.119095,-3.876648
2025-05-10 00:00:00,-4.2251587,-3.5954437
2025-05-10 01:00:00,-3.9124298,-3.592926
2025-05-10 02:00:00,-4.0421753,-3.4751282
2025-05-10 03:00:00,-4.343796,-3.4284515
2025-05-10 04:00:00,-4.426697,-3.5663757
2025-05-10 05:00:00,-4.340637,-3.339203
2025-05-10 06:00:00,-3.9307098,-2.7044525
2025-05-10 07:00:00,-3.5941467,-2.4265594
2025-05-10 08:00:00,-3.3628082,-1.9767609
2025-05-10 09:00:00,-3.0430145,-1.4961853
2025-05-10 10:00:00,-3.2030487,-0.88819885
2025-05-10 11:00:00,-3.213974,0.16537476
2025-05-10 12:00:00,-2.8769226,0.9917755
2025-05-10 13:00:00,-2.3055115,1.4107819
2025-05-10 14:00:00,-1.8719635,1.5490265
2025-05-10 15:00:00,-1.4062805,1.3260498
2025-05-10 16:00:00,-1.1734161,1.1395721
2025-05-10 17:00:00,-1.2160339,0.9239502
2025-05-10 18:00:00,-1.4273529,1.2182922
2025-05-10 19:00:00,-1.9868622,1.3181152
2025-05-10 20:00:00,-2.146988,2.041809
2025-05-10 21:00:00,-2.3738708,2.1263123
2025-05-10 22:00:00,-1.8992004,2.4648285
2025-05-10 23:00:00,-2.714035,2.8278809
2025-05-11 00:00:00,-2.7249603,4.1769104
2025-05-11 01:00:00,-2.1402435,4.409073
2025-05-11 02:00:00,-3.2780151,4.016159
2025-05-11 03:00:00,-2.1692505,4.3834534
2025-05-11 04:00:00,-1.2536163,5.3326263
2025-05-11 05:00:00,-3.7366943,5.8373566
2025-05-11 06:00:00,-4.431198,6.2239685
2025-05-11 07:00:00,-4.263672,6.9046936
2025-05-11 08:00:00,-5.704529,6.3585815
2025-05-11 09:00:00,-6.53598,5.9838715
2025-05-11 10:00:00,-5.6175537,6.620987
2025-05-11 11:00:00,-5.7608337,7.333542
2025-05-11 12:00:00,-6.686905,7.3483124
2025-05-11 13:00:00,-7.102356,8.389481
2025-05-11 14:00:00,-7.1937866,9.197205
2025-05-11 15:00:00,-7.502899,8.430206
2025-05-11 16:00:00,-7.0757446,7.3130493
2025-05-11 17:00:00,-4.562744,6.348419
2025-05-11 18:00:00,-1.6407166,5.218979
2025-05-11 19:00:00,1.210083,4.6595154
2025-05-11 20:00:00,4.272232,3.5409698
2025-05-11 21:00:00,5.456497,1.1893158
2025-05-11 22:00:00,5.1736603,-0.56962585
2025-05-11 23:00:00,2.9818115,-1.9498444
2025-05-12 00:00:00,0.6264496,-3.0340881
2025-05-12 01:00:00,-0.21810913,-3.5470123
2025-05-12 02:00:00,-0.3002777,-5.400879
2025-05-12 03:00:00,-1.4593658,-8.60881
2025-05-12 04:00:00,-2.734848,-9.9405365
2025-05-12 05:00:00,-2.8649292,-10.11763
2025-05-12 06:00:00,-2.02417,-9.947662
2025-05-12 07:00:00,-0.5124817,-9.281525
2025-05-12 08:00:00,1.6460114,-8.553864
2025-05-12 09:00:00,3.0912476,-7.8999786
2025-05-12 10:00:00,2.679062,-7.0127716
2025-05-12 11:00:00,2.2625275,-5.2029266
2025-05-12 12:00:00,2.0032654,-3.8850403
2025-05-12 13:00:00,2.0600128,-3.1849518
2025-05-12 14:00:00,2.628708,-2.6110992
2025-05-12 15:00:00,2.922943,-2.6874695
2025-05-12 16:00:00,2.9740295,-2.7729645
2025-05-12 17:00:00,3.1799774,-2.481659
2025-05-12 18:00:00,3.786255,-2.5267792
2025-05-12 19:00:00,4.6108856,-2.9048767
2025-05-12 20:00:00,5.4859314,-3.5301666
2025-05-12 21:00:00,6.395996,-4.062378
2025-05-12 22:00:00,6.9829254,-4.448181
2025-05-12 23:00:00,7.50383,-4.8251038
2025-05-13 00:00:00,7.2695465,-5.2039337
2025-05-13 01:00:00,7.1692505,-5.728485
2025-05-13 02:00:00,6.932358,-6.4768524
2025-05-13 03:00:00,6.702545,-6.781433
2025-05-13 04:00:00,6.4182587,-6.706436
2025-05-13 05:00:00,5.783325,-6.110199
2025-05-13 06:00:00,5.285675,-5.004059
2025-05-13 07:00:00,5.541443,-3.9356537
2025-05-13 08:00:00,6.169998,-3.2018585
2025-05-13 09:00:00,6.872513,-2.7507477
2025-05-13 10:00:00,6.0525513,-2.3380737
2025-05-13 11:00:00,6.161316,-2.0365143
2025-05-13 12:00:00,6.12027,-2.0817719
2025-05-13 13:00:00,6.169922,-1.7348022
2025-05-13 14:00:00,6.6624756,-1.3143921
2025-05-13 15:00:00,7.2033844,-1.8218689
2025-05-13 16:00:00,6.783142,-2.5184631
2025-05-13 17:00:00,6.242569,-2.7697296
2025-05-13 18:00:00,5.6186523,-2.644806
2025-05-13 19:00:00,4.8303833,-2.3709412
2025-05-13 20:00:00,4.318039,-1.9171906
2025-05-13 21:00:00,3.864151,-1.7493896
2025-05-13 22:00:00,3.5081482,-1.4992676
2025-05-13 23:00:00,2.8400726,-0.4507141
2025-05-14 00:00:00,2.0628052,0.3260498
2025-05-14 01:00:00,1.1256866,0.9195404
2025-05-14 02:00:00,0.1000824,1.5503998
2025-05-14 03:00:00,0.5844574,2.2798004
2025-05-14 04:00:00,0.71009827,2.3604584
2025-05-14 05:00:00,-0.09970093,2.536377
2025-05-14 06:00:00,-1.2597656,2.8231812
2025-05-14 07:00:00,-2.350998,3.2216187
2025-05-14 08:00:00,-3.0063171,3.5244904
2025-05-14 09:00:00,-3.2285461,3.630127
2025-05-14 10:00:00,-4.256485,3.1733398
2025-05-14 11:00:00,-5.464569,4.136505
2025-05-14 12:00:00,-6.2794647,4.417099
2025-05-14 13:00:00,-6.1854706,4.2099304
2025-05-14 14:00:00,-6.394348,2.973877
2025-05-14 15:00:00,-7.2460938,2.4925995
2025-05-14 16:00:00,-7.6477356,2.5196228
2025-05-14 17:00:00,-8.103806,2.2371368
2025-05-14 18:00:00,-8.90918,2.2289581
2025-05-14 19:00:00,-9.502289,2.5211487
2025-05-14 20:00:00,-9.993225,3.2164154
2025-05-14 21:00:00,-10.550247,3.9533691
2025-05-14 22:00:00,-11.186295,5.13826
2025-05-14 23:00:00,-11.003052,4.49234
2025-05-15 00:00:00,-10.718002,4.3417206
2025-05-15 01:00:00,-11.512741,4.5603943
2025-05-15 02:00:00,-10.85733,5.925934
2025-05-15 03:00:00,-13.176361,5.960388
2025-05-15 04:00:00,-10.897415,10.267715
2025-05-15 05:00:00,-10.69455,10.220459
2025-05-15 06:00:00,-10.058258,10.24646
2025-05-15 07:00:00,-7.390442,10.819931
2025-05-15 08:00:00,-5.5762177,10.233505
2025-05-15 09:00:00,-3.529419,10.9608
2025-05-15 10:00:00,-3.6415405,13.293777
2025-05-15 11:00:00,-0.12042236,13.300308
2025-05-15 12:00:00,0.6204834,14.280533
2025-05-15 13:00:00,2.4471893,13.648636
2025-05-15 14:00:00,4.6138763,11.186386
2025-05-15 15:00:00,4.158142,8.419113
2025-05-15 16:00:00,-0.0957489,7.1065216
2025-05-15 17:00:00,-2.9216156,6.834549
2025-05-15 18:00:00,-5.5208435,6.336319
2025-05-15 19:00:00,-7.9304047,5.279358
2025-05-15 20:00:00,-8.277878,2.143631
2025-05-15 21:00:00,-3.8903809,-2.0261078
2025-05-15 22:00:00,1.8064575,-1.786499
2025-05-15 23:00:00,3.9297943,0.4725647
2025-05-16 00:00:00,4.0219116,2.0929108
2025-05-16 01:00:00,5.6963196,1.7518005
2025-05-16 02:00:00,6.5230255,-0.060806274
2025-05-16 03:00:00,6.993683,-2.0023346
2025-05-16 04:00:00,7.487854,-3.6464844
2025-05-16 05:00:00,8.150909,-4.0566406
2025-05-16 06:00:00,9.219101,-3.9163818
2025-05-16 07:00:00,10.326065,-4.439789
2025-05-16 08:00:00,10.821136,-5.0040436
2025-05-16 09:00:00,11.294327,-5.0669556
2025-05-16 10:00:00,10.339981,-4.7520905
2025-05-16 11:00:00,11.191132,-4.3299255
2025-05-16 12:00:00,11.811539,-4.1506805
2025-05-16 13:00:00,11.968094,-4.0146637
2025-05-16 14:00:00,11.847122,-3.3375702
2025-05-16 15:00:00,12.121292,-2.9847107
2025-05-16 16:00:00,12.329346,-2.9581451
2025-05-16 17:00:00,12.131393,-3.3991547
2025-05-16 18:00:00,11.697006,-3.962265
2025-05-16 19:00:00,10.8385315,-4.3307953
2025-05-16 20:00:00,10.234756,-4.0834656
2025-05-16 21:00:00,10.377853,-3.1613007
2025-05-16 22:00:00,10.270462,-2.163971
2025-05-16 23:00:00,10.124954,-1.094696
2025-05-17 00:00:00,9.671768,-0.99694824
2025-05-17 01:00:00,9.864517,-1.7425537
2025-05-17 02:00:00,10.121857,-3.1921844
2025-05-17 03:00:00,10.216003,-4.2876587
2025-05-17 04:00:00,9.468491,-4.1742554
2025-05-17 05:00:00,8.699951,-2.7547455
2025-05-17 06:00:00,8.649658,-1.7269592
2025-05-17 07:00:00,8.9841,-1.5705872
2025-05-17 08:00:00,9.004578,-1.9020996
2025-05-17 09:00:00,8.830719,-2.0753174
2025-05-17 10:00:00,7.7736816,-2.3442993
2025-05-17 11:00:00,7.7045593,-1.8678436
2025-05-17 12:00:00,7.9076996,-1.2874908
2025-05-17 13:00:00,8.52475,-0.99627686
2025-05-17 14:00:00,9.106583,-1.1108856
2025-05-17 15:00:00,9.254852,-1.312912
2025-05-17 16:00:00,9.215363,-1.0841675
2025-05-17 17:00:00,9.189407,-0.8276367
2025-05-17 18:00:00,8.970306,-0.89501953
2025-05-17 19:00:00,8.362625,-1.2390442
2025-05-17 20:00:00,7.9631042,-1.5447693
2025-05-17 21:00:00,7.5254974,-1.6481628
2025-05-17 22:00:00,5.946228,-1.1284332
2025-05-17 23:00:00,5.5650787,-1.1540222
2025-05-18 00:00:00,5.23999,-1.7054291
2025-05-18 01:00:00,5.045761,-2.2076569
2025-05-18 02:00:00,4.4894257,-2.5900574
2025-05-18 03:00:00,3.4699402,-2.8704834
2025-05-18 04:00:00,2.3044739,-2.7844238
2025-05-18 05:00:00,1.3693237,-2.5702515
2025-05-18 06:00:00,0.780777,-1.8739777
2025-05-18 07:00:00,1.0000916,-0.3626709
2025-05-18 08:00:00,1.2940979,1.199234
2025-05-18 09:00:00,1.4235535,2.638092
2025-05-18 10:00:00,1.8381042,2.6936493
2025-05-18 11:00:00,1.9995575,3.617157
2025-05-18 12:00:00,2.0115662,3.629486
2025-05-18 13:00:00,1.7690582,3.5335999
2025-05-18 14:00:00,1.1836853,3.7455444
2025-05-18 15:00:00,0.6308899,4.1786194
2025-05-18 16:00:00,0.1133728,4.9071655
2025-05-18 17:00:00,-0.42604065,5.471237
2025-05-18 18:00:00,-0.9904175,5.962845
2025-05-18 19:00:00,-1.5228577,6.283966
2025-05-18 20:00:00,-1.9993439,6.7691956
2025-05-18 21:00:00,-2.4026642,7.434265
2025-05-18 22:00:00,-3.1332245,8.95015
2025-05-18 23:00:00,-2.5230103,10.419144
2025-05-19 00:00:00,-1.5496521,11.195114
2025-05-19 01:00:00,-0.944397,10.986435
2025-05-19 02:00:00,-0.6565094,10.715179
2025-05-19 03:00:00,-0.41783142,10.925873
2025-05-19 04:00:00,-0.125,11.189697
2025-05-19 05:00:00,0.4920807,11.50827
2025-05-19 06:00:00,1.1643066,11.462158
2025-05-19 07:00:00,1.6010132,10.941864
2025-05-19 08:00:00,1.6913757,10.435333
2025-05-19 09:00:00,1.5535583,10.469406
2025-05-19 10:00:00,2.0903168,10.496674
2025-05-19 11:00:00,2.1871338,10.690384
2025-05-19 12:00:00,2.2258759,10.84465
2025-05-19 13:00:00,2.3085022,10.510971
2025-05-19 14:00:00,2.2996826,9.716156
2025-05-19 15:00:00,2.1647644,9.05452
2025-05-19 16:00:00,2.0349731,8.515915
2025-05-19 17:00:00,1.9917755,8.111374
2025-05-19 18:00:00,1.9200897,7.9632263
2025-05-19 19:00:00,1.7705688,7.5880585
2025-05-19 20:00:00,1.6473846,7.481186
2025-05-19 21:00:00,1.6656494,7.3972015
2025-05-19 22:00:00,1.581192,5.874054
2025-05-19 23:00:00,1.2120667,5.365219
2025-05-20 00:00:00,1.1040497,5.081665
2025-05-20 01:00:00,1.3303375,4.956955
2025-05-20 02:00:00,1.543457,4.6665955
2025-05-20 03:00:00,1.0899963,4.4665527
2025-05-20 04:00:00,0.24320984,4.618988
2025-05-20 05:00:00,-0.3635254,5.6002197
2025-05-20 06:00:00,-0.15106201,6.7967377
2025-05-20 07:00:00,0.5593872,7.2717285
2025-05-20 08:00:00,0.95062256,7.034729
2025-05-20 09:00:00,1.0415802,6.600937
2025-05-20 10:00:00,-0.286911,5.18071
2025-05-20 11:00:00,-0.73231506,4.97258
2025-05-20 12:00:00,-1.2050018,4.694458
2025-05-20 13:00:00,-1.9833832,5.014572
2025-05-20 14:00:00,-2.3980103,5.558075
2025-05-20 15:00:00,-2.2324066,6.0813446
2025-05-20 16:00:00,-2.2365112,6.6216736
2025-05-20 17:00:00,-2.3662415,6.7101135
2025-05-20 18:00:00,-2.7529297,6.362091
2025-05-20 19:00:00,-3.268158,5.3782196
2025-05-20 20:00:00,-4.031296,4.8808746
2025-05-20 21:00:00,-4.5093994,5.08992
2025-05-20 22:00:00,-2.7677917,7.0974884
2025-05-20 23:00:00,-0.74024963,7.4506226
2025-05-21 00:00:00,0.64408875,6.907303
2025-05-21 01:00:00,1.4319,5.780136
2025-05-21 02:00:00,0.80999756,5.3472137
2025-05-21 03:00:00,0.12277222,5.673172
2025-05-21 04:00:00,0.44526672,4.6857147
2025-05-21 05:00:00,0.70913696,3.5227966
2025-05-21 06:00:00,0.5962219,4.079773
2025-05-21 07:00:00,1.5886841,5.2170715
2025-05-21 08:00:00,2.9787292,4.9870453
2025-05-21 09:00:00,4.3972473,3.362503
2025-05-21 10:00:00,3.893509,-1.0772705
2025-05-21 11:00:00,3.6809845,-3.0521698
2025-05-21 12:00:00,3.1453552,-3.602829
2025-05-21 13:00:00,3.650711,-4.3876495
2025-05-21 14:00:00,3.0785828,-4.032303
2025-05-21 15:00:00,3.8279877,-4.235779
2025-05-21 16:00:00,4.7885895,-5.3015594
2025-05-21 17:00:00,4.788376,-4.9996033
2025-05-21 18:00:00,4.974884,-4.4578857
2025-05-21 19:00:00,5.453766,-4.4997864
2025-05-21 20:00:00,6.1418457,-5.0375214
2025-05-21 21:00:00,6.7693024,-5.955078
2025-05-21 22:00:00,6.9592133,-6.096634
2025-05-21 23:00:00,6.032425,-6.12088
2025-05-22 00:00:00,5.5128326,-6.283432
2025-05-22 01:00:00,5.4063416,-5.796524
2025-05-22 02:00:00,4.9081116,-5.106003
2025-05-22 03:00:00,4.610031,-4.671829
2025-05-22 04:00:00,4.5204163,-4.4342804
2025-05-22 05:00:00,4.574951,-3.7893066
2025-05-22 06:00:00,4.3343964,-3.9174652
2025-05-22 07:00:00,4.231827,-4.5638123
2025-05-22 08:00:00,3.4053497,-5.209427
2025-05-22 09:00:00,2.419571,-5.636322
2025-05-22 10:00:00,0.13163757,-5.021393
2025-05-22 11:00:00,-0.581192,-2.6003876
2025-05-22 12:00:00,-0.97854614,-0.3325348
2025-05-22 13:00:00,-0.66563416,0.43666077
2025-05-22 14:00:00,-0.554245,0.6658325
2025-05-22 15:00:00,-1.1567993,1.1090546
2025-05-22 16:00:00,-1.4702148,1.4656372
2025-05-22 17:00:00,-3.47435,1.2022705
2025-05-22 18:00:00,-5.3293457,1.072464
2025-05-22 19:00:00,-5.7530518,1.9088745
2025-05-22 20:00:00,-4.0262756,2.1550598
2025-05-22 21:00:00,-2.4067383,2.3222046
2025-05-22 22:00:00,-2.7572174,1.3981018
2025-05-22 23:00:00,-3.8922577,1.2649384
2025-05-23 00:00:00,-3.2095184,-0.3683777
2025-05-23 01:00:00,-2.2302704,-2.9799042
2025-05-23 02:00:00,-2.74469,-4.6983795
2025-05-23 03:00:00,-6.5722656,-6.0663757
2025-05-23 04:00:00,-10.921249,-7.7135315
2025-05-23 05:00:00,-9.868164,-8.752502
2025-05-23 06:00:00,-8.282776,-7.8740387
2025-05-23 07:00:00,-7.7452393,-6.3737793
2025-05-23 08:00:00,-8.910278,-5.0997925
2025-05-23 09:00:00,-9.391785,-5.7897186
2025-05-23 10:00:00,-7.6671295,-6.2201233
2025-05-23 11:00:00,-7.0951843,-6.9877777
2025-05-23 12:00:00,-6.044052,-8.776871
2025-05-23 13:00:00,-4.6903534,-9.694733
2025-05-23 14:00:00,-3.8795776,-10.308929
2025-05-23 15:00:00,-2.6025848,-11.453903
2025-05-23 16:00:00,-1.8055725,-12.237564
2025-05-23 17:00:00,-1.1262665,-12.170441
2025-05-23 18:00:00,0.5715332,-11.837448
2025-05-23 19:00:00,2.1943665,-11.706726
2025-05-23 20:00:00,2.5899353,-11.422104
2025-05-23 21:00:00,3.5730286,-10.452316
2025-05-23 22:00:00,3.9508362,-9.338547
2025-05-23 23:00:00,3.859375,-9.182083
2025-05-24 00:00:00,4.320221,-8.700409
2025-05-24 01:00:00,4.8010406,-8.336227
2025-05-24 02:00:00,4.240158,-8.380692
2025-05-24 03:00:00,2.430664,-8.271317
2025-05-24 04:00:00,2.0669556,-7.232361
2025-05-24 05:00:00,2.434906,-5.547592
2025-05-24 06:00:00,1.4802399,-5.281616
2025-05-24 07:00:00,0.39222717,-5.2642517
2025-05-24 08:00:00,-0.9298248,-5.3217316
2025-05-24 09:00:00,-2.4941406,-5.76828
2025-05-24 10:00:00,-1.3664093,-3.9911041
2025-05-24 11:00:00,-1.0763397,-3.1610718
2025-05-24 12:00:00,-0.9449158,-3.693924
2025-05-24 13:00:00,-1.3692474,-4.9260864
2025-05-24 14:00:00,-2.7155151,-4.473709
2025-05-24 15:00:00,-4.2272186,-3.8183136
2025-05-24 16:00:00,-3.7861633,-3.6640625
2025-05-24 17:00:00,-2.8519135,-3.3689117
2025-05-24 18:00:00,-1.8822937,-3.151001
2025-05-24 19:00:00,0.16629028,-4.065262
2025-05-24 20:00:00,3.0445404,-5.572174
2025-05-24 21:00:00,4.399704,-7.371643
2025-05-24 22:00:00,4.5009766,-8.110382
2025-05-24 23:00:00,5.6305084,-9.199951
2025-05-25 00:00:00,5.7181854,-9.716293
2025-05-25 01:00:00,4.843689,-9.444382
2025-05-25 02:00:00,4.2323914,-9.2452545
2025-05-25 03:00:00,3.677719,-8.879837
2025-05-25 04:00:00,2.3624725,-8.012299
2025-05-25 05:00:00,1.4645233,-6.9986725
2025-05-25 06:00:00,1.560257,-6.627487
2025-05-25 07:00:00,1.4359283,-6.649765
2025-05-25 08:00:00,1.0536957,-6.3392944
2025-05-25 09:00:00,1.3839569,-5.4541473
2025-05-25 10:00:00,2.0882568,-4.5033875
2025-05-25 11:00:00,3.6846008,-4.2526855
2025-05-25 12:00:00,5.543289,-4.725357
2025-05-25 13:00:00,7.404373,-5.394226
2025-05-25 14:00:00,8.874023,-5.948242
2025-05-25 15:00:00,10.247284,-6.5539246
2025-05-25 16:00:00,10.810211,-7.058731
2025-05-25 17:00:00,10.870789,-7.8625183
2025-05-25 18:00:00,10.429855,-9.0103
2025-05-25 19:00:00,9.042648,-9.996536
2025-05-25 20:00:00,7.1673584,-10.288803
2025-05-25 21:00:00,5.4420013,-9.719177
2025-05-25 22:00:00,3.3867493,-8.947433
2025-05-25 23:00:00,2.829361,-7.9217224
2025-05-26 00:00:00,2.9898376,-6.9697723
2025-05-26 01:00:00,3.7539825,-6.610153
2025-05-26 02:00:00,4.4539185,-6.90036
2025-05-26 03:00:00,4.65448,-7.031967
2025-05-26 04:00:00,4.3851013,-7.1421967
2025-05-26 05:00:00,3.9335938,-7.184326
2025-05-26 06:00:00,3.355423,-7.0284424
2025-05-26 07:00:00,2.7443848,-6.337082
2025-05-26 08:00:00,2.3235168,-5.6929626
2025-05-26 09:00:00,2.0387268,-4.7621307
2025-05-26 10:00:00,1.6005249,-3.5017242
2025-05-26 11:00:00,1.8922119,-2.2963715
2025-05-26 12:00:00,2.4937286,-1.5383606
2025-05-26 13:00:00,3.5419006,-1.2487183
2025-05-26 14:00:00,4.5122223,-1.3635254
2025-05-26 15:00:00,5.253235,-1.6167297
2025-05-26 16:00:00,5.657837,-2.280243
2025-05-26 17:00:00,5.6594086,-3.0666504
2025-05-26 18:00:00,5.329132,-3.6403503
2025-05-26 19:00:00,4.9425354,-3.537918
2025-05-26 20:00:00,4.522415,-3.0016632
2025-05-26 21:00:00,4.237961,-2.2932281
2025-05-26 22:00:00,3.739029,-1.1010284
2025-05-26 23:00:00,4.208481,-0.6894226
2025-05-27 00:00:00,4.80954,-0.6505585
2025-05-27 01:00:00,5.6744843,-1.1353302
2025-05-27 02:00:00,6.3424683,-1.7400208
2025-05-27 03:00:00,6.556366,-2.2054138
2025-05-27 04:00:00,6.6497955,-2.357376
2025-05-27 05:00:00,6.843399,-2.6966095
2025-05-27 06:00:00,6.733963,-3.0446167
2025-05-27 07:00:00,6.4691772,-3.0990906
2025-05-27 08:00:00,6.172287,-2.8817139
2025-05-27 09:00:00,6.0839233,-2.105362
2025-05-27 10:00:00,5.8338165,-1.0967865
2025-05-27 11:00:00,6.4249573,-0.40019226
2025-05-27 12:00:00,6.7740326,0.19007874
2025-05-27 13:00:00,7.118881,0.62197876
2025-05-27 14:00:00,7.7373047,0.64790344
2025-05-27 15:00:00,8.404236,0.22962952
2025-05-27 16:00:00,8.719788,-0.31222534
2025-05-27 17:00:00,8.6740265,-0.6012726
2025-05-27 18:00:00,8.836578,-1.179718
2025-05-27 19:00:00,8.751434,-1.4141846
2025-05-27 20:00:00,8.898239,-1.5499878
2025-05-27 21:00:00,9.336273,-2.4074554
2025-05-27 22:00:00,9.024017,-3.3252258
2025-05-27 23:00:00,9.129517,-3.711914
2025-05-28 00:00:00,9.146774,-3.749817
2025-05-28 01:00:00,9.356491,-4.2870026
2025-05-28 02:00:00,9.267807,-5.069977
2025-05-28 03:00:00,8.749084,-5.3896484
2025-05-28 04:00:00,8.618408,-5.7677
2025-05-28 05:00:00,8.37262,-6.402588
2025-05-28 06:00:00,7.4003754,-6.6384125
2025-05-28 07:00:00,6.5986633,-6.5914764
2025-05-28 08:00:00,6.2217407,-6.238907
2025-05-28 09:00:00,5.958664,-5.791519
2025-05-28 10:00:00,5.213333,-4.7562256
2025-05-28 11:00:00,5.272644,-4.1782837
2025-05-28 12:00:00,5.2336426,-3.8696594
2025-05-28 13:00:00,4.995285,-4.096756
2025-05-28 14:00:00,4.5835114,-4.264435
2025-05-28 15:00:00,3.743744,-4.4904327
2025-05-28 16:00:00,3.1861115,-4.294876
2025-05-28 17:00:00,3.002594,-3.7770233
2025-05-28 18:00:00,3.1526947,-3.6325836
2025-05-28 19:00:00,3.0496826,-3.2170868
2025-05-28 20:00:00,3.481903,-2.315216
2025-05-28 21:00:00,4.49559,-2.3350372
2025-05-28 22:00:00,4.3024597,-2.8813019
2025-05-28 23:00:00,4.2783203,-3.0861511
2025-05-29 00:00:00,4.405945,-3.3174896
2025-05-29 01:00:00,5.144821,-3.4598694
2025-05-29 02:00:00,6.187088,-3.8722992
2025-05-29 03:00:00,6.8190155,-4.738983
2025-05-29 04:00:00,7.015625,-5.2704315
2025-05-29 05:00:00,7.258209,-5.5229187
2025-05-29 06:00:00,7.382675,-5.2302856
2025-05-29 07:00:00,7.8393097,-4.8125763
2025-05-29 08:00:00,8.573273,-5.283478
2025-05-29 09:00:00,9.037903,-4.8836517
2025-05-29 10:00:00,8.263351,-3.5361786
2025-05-29 11:00:00,9.167297,-3.128769
2025-05-29 12:00:00,9.72612,-3.1529846
2025-05-29 13:00:00,9.627441,-3.222702
2025-05-29 14:00:00,9.431885,-3.5253296
2025-05-29 15:00:00,9.037186,-4.1141815
2025-05-29 16:00:00,8.560028,-4.4164276
2025-05-29 17:00:00,8.09021,-4.6246185
2025-05-29 18:00:00,7.140732,-5.1209564
2025-05-29 19:00:00,6.215332,-5.3927155
2025-05-29 20:00:00,4.9680176,-5.725174
2025-05-29 21:00:00,2.944809,-5.7063446
2025-05-29 22:00:00,-0.51356506,-5.2342377
2025-05-29 23:00:00,-3.0223541,-4.3683624
2025-05-30 00:00:00,-4.4561462,-3.6666565
2025-05-30 01:00:00,-4.7065735,-3.139206
2025-05-30 02:00:00,-4.2844696,-3.5075073
2025-05-30 03:00:00,-3.8804169,-3.5224
2025-05-30 04:00:00,-3.320404,-3.488083
2025-05-30 05:00:00,-2.3934326,-3.2863464
2025-05-30 06:00:00,-0.46662903,-2.9109955
2025-05-30 07:00:00,1.7910156,-2.673172
2025-05-30 08:00:00,3.3353577,-2.8554535
2025-05-30 09:00:00,3.9134216,-3.431366
2025-05-30 10:00:00,3.1155243,-3.9606018
2025-05-30 11:00:00,2.4998474,-3.6625214
2025-05-30 12:00:00,1.9103241,-2.8895416
2025-05-30 13:00:00,1.4059296,-2.11615
2025-05-30 14:00:00,1.495697,-1.3703918
2025-05-30 15:00:00,1.74263,-0.999588
2025-05-30 16:00:00,1.0371246,-0.43299866
2025-05-30 17:00:00,-0.0769043,0.73506165
2025-05-30 18:00:00,-0.7596588,1.7625732
2025-05-30 19:00:00,-1.2063446,2.094757
2025-05-30 20:00:00,-1.3834534,2.3980865
2025-05-30 21:00:00,-1.1358185,2.483902
2025-05-30 22:00:00,-1.3528748,1.7090607
2025-05-30 23:00:00,-0.80371094,1.4837341
2025-05-31 00:00:00,-0.2571869,1.528244
2025-05-31 01:00:00,0.45033264,1.374054
2025-05-31 02:00:00,1.1140137,0.9086609
2025-05-31 03:00:00,1.535553,0.22613525
2025-05-31 04:00:00,1.8900757,-0.5334015
2025-05-31 05:00:00,2.2409668,-1.077179
2025-05-31 06:00:00,2.4701538,-1.6001282
2025-05-31 07:00:00,2.5254517,-1.7165985
2025-05-31 08:00:00,2.4383698,-1.5382843
2025-05-31 09:00:00,2.2734985,-1.2652588
2025-05-31 10:00:00,1.2684021,-0.28834534
2025-05-31 11:00:00,1.374649,0.29551697
2025-05-31 12:00:00,1.4992676,0.8401184
2025-05-31 13:00:00,1.9311676,0.97062683
2025-05-31 14:00:00,2.552002,0.91744995
2025-05-31 15:00:00,2.9998627,0.5900116
2025-05-31 16:00:00,3.2463531,0.32981873
2025-05-31 17:00:00,3.2542572,0.1820221
2025-05-31 18:00:00,2.9260406,0.004135132
2025-05-31 19:00:00,2.5180054,-0.5159302
2025-05-31 20:00:00,2.1646423,-1.171051
2025-05-31 21:00:00,1.7595215,-1.6869965
2025-05-31 22:00:00,1.3960876,-1.1583252
2025-05-31 23:00:00,1.2038879,-1.4718475
2025-06-01 00:00:00,0.73599243,-1.5786743
2025-06-01 01:00:00,0.3938446,-1.6187286
2025-06-01 02:00:00,0.034851074,-1.5878143
2025-06-01 03:00:00,-0.28347778,-1.4850159
2025-06-01 04:00:00,-0.4643402,-1.4087524
2025-06-01 05:00:00,-0.35917664,-1.2225037
2025-06-01 06:00:00,-0.1333313,-1.0658417
2025-06-01 07:00:00,0.088378906,-0.79985046
2025-06-01 08:00:00,0.18336487,-0.478302
2025-06-01 09:00:00,0.36213684,-0.08392334
2025-06-01 10:00:00,0.48199463,-0.36386108
2025-06-01 11:00:00,0.4371338,0.17773438
2025-06-01 12:00:00,0.6395111,0.33369446
2025-06-01 13:00:00,0.94259644,-0.0103302
2025-06-01 14:00:00,1.1403046,-0.28884888
2025-06-01 15:00:00,1.3248749,-0.5532074
2025-06-01 16:00:00,1.307312,-0.5189972
2025-06-01 17:00:00,1.2992706,-0.33039856
2025-06-01 18:00:00,1.1478424,-0.3121643
2025-06-01 19:00:00,1.0016327,-0.865921
2025-06-01 20:00:00,0.9025879,-1.4135284
2025-06-01 21:00:00,0.71739197,-1.1618347
2025-06-01 22:00:00,1.1937408,-0.5925751
2025-06-01 23:00:00,1.4757538,-0.24424744
2025-06-02 00:00:00,1.6308289,-0.09700012
2025-06-02 01:00:00,1.6891327,0.05381775
2025-06-02 02:00:00,1.6609344,0.23736572
2025-06-02 03:00:00,1.4781342,0.64894104
2025-06-02 04:00:00,1.3336792,0.7051697
2025-06-02 05:00:00,1.395874,0.61099243
2025-06-02 06:00:00,1.1251678,0.47686768
2025-06-02 07:00:00,0.8795929,0.753479
2025-06-02 08:00:00,0.8031006,1.0586853
2025-06-02 09:00:00,0.8900604,1.2142792
2025-06-02 10:00:00,1.0921783,1.1279602
2025-06-02 11:00:00,1.2929382,2.142746
2025-06-02 12:00:00,1.5115509,2.5709076
2025-06-02 13:00:00,1.5925598,2.4795227
2025-06-02 14:00:00,1.4578247,2.2884064
2025-06-02 15:00:00,1.1659088,1.8886414
2025-06-02 16:00:00,0.62882996,1.678482
2025-06-02 17:00:00,0.115737915,1.7299805
2025-06-02 18:00:00,-0.49487305,2.1908417
2025-06-02 19:00:00,-0.98143005,2.9422455
2025-06-02 20:00:00,-1.158081,3.614914
2025-06-02 21:00:00,-1.0989685,3.79776
2025-06-02 22:00:00,-1.2947998,3.271515
2025-06-02 23:00:00,-1.4221649,2.957138
2025-06-03 00:00:00,-1.4155121,2.9361115
2025-06-03 01:00:00,-1.2921753,3.4917603
2025-06-03 02:00:00,-0.94833374,4.376587
2025-06-03 03:00:00,-0.5552368,4.875946
2025-06-03 04:00:00,-0.46122742,4.3043213
2025-06-03 05:00:00,-0.78097534,3.5398865
2025-06-03 06:00:00,-1.4791412,3.2524872
2025-06-03 07:00:00,-1.8759155,3.5698547
2025-06-03 08:00:00,-2.148758,3.8771667
2025-06-03 09:00:00,-2.5833435,3.6711426
2025-06-03 10:00:00,-3.1787415,3.075943
2025-06-03 11:00:00,-3.9793396,3.729477
2025-06-03 12:00:00,-4.425171,4.1979218
2025-06-03 13:00:00,-4.6600647,4.307495
2025-06-03 14:00:00,-4.8046722,4.411911
2025-06-03 15:00:00,-4.952072,4.592041
2025-06-03 16:00:00,-5.1240234,4.675064
2025-06-03 17:00:00,-5.319809,4.65831
2025-06-03 18:00:00,-5.502075,4.7494965
2025-06-03 19:00:00,-5.5659637,5.209137
2025-06-03 20:00:00,-5.559738,5.517105
2025-06-03 21:00:00,-5.560425,5.6510925
2025-06-03 22:00:00,-5.375702,5.5613403
2025-06-03 23:00:00,-5.081085,5.7559814
2025-06-04 00:00:00,-4.902054,5.6567535
2025-06-04 01:00:00,-4.779022,5.018097
2025-06-04 02:00:00,-4.7450104,4.396454
2025-06-04 03:00:00,-4.7613525,4.106064
2025-06-04 04:00:00,-4.750244,4.1663666
2025-06-04 05:00:00,-4.68573,4.4269257
2025-06-04 06:00:00,-4.9174347,4.567459
2025-06-04 07:00:00,-5.2240753,4.66803
2025-06-04 08:00:00,-5.5517426,4.9842834
2025-06-04 09:00:00,-5.8155365,5.6355896
2025-06-04 10:00:00,-5.5758057,3.96138
2025-06-04 11:00:00,-5.5352325,4.4888153
2025-06-04 12:00:00,-5.184311,5.5110016
2025-06-04 13:00:00,-5.0889435,6.453766
2025-06-04 14:00:00,-5.100586,6.8006897
2025-06-04 15:00:00,-5.0565033,6.440857
2025-06-04 16:00:00,-5.1108093,5.782242
2025-06-04 17:00:00,-5.0352936,5.2684937
2025-06-04 18:00:00,-4.768387,5.3316345
2025-06-04 19:00:00,-4.5268097,5.4608917
2025-06-04 20:00:00,-4.5749054,5.3895416
2025-06-04 21:00:00,-4.7786407,5.23703
2025-06-04 22:00:00,-4.786392,5.150772
2025-06-04 23:00:00,-4.5279083,4.791397
2025-06-05 00:00:00,-4.157074,4.318268
2025-06-05 01:00:00,-4.061905,3.8143005
2025-06-05 02:00:00,-4.414322,3.4316711
2025-06-05 03:00:00,-4.639389,3.4473114
2025-06-05 04:00:00,-4.4466553,3.6318817
2025-06-05 05:00:00,-4.2485504,4.0762634
2025-06-05 06:00:00,-4.229721,4.739731
2025-06-05 07:00:00,-4.0305176,5.2157745
2025-06-05 08:00:00,-4.130417,5.278305
2025-06-05 09:00:00,-4.2431183,5.4213715
2025-06-05 10:00:00,-3.8937073,4.508301
2025-06-05 11:00:00,-4.2927856,4.2487946
2025-06-05 12:00:00,-4.5161743,4.137802
2025-06-05 13:00:00,-4.2817383,4.112213
2025-06-05 14:00:00,-4.0189056,3.9353485
2025-06-05 15:00:00,-3.515854,4.036743
2025-06-05 16:00:00,-3.1980743,4.3663483
2025-06-05 17:00:00,-3.3177948,4.4710693
2025-06-05 18:00:00,-3.3911438,4.123184
2025-06-05 19:00:00,-3.2331238,3.5583496
2025-06-05 20:00:00,-2.87854,3.2329712
2025-06-05 21:00:00,-2.5290985,3.230545
2025-06-05 22:00:00,-2.22081,3.1848602
2025-06-05 23:00:00,-2.0055542,3.1239014
2025-06-06 00:00:00,-1.5237885,2.5692139
2025-06-06 01:00:00,-1.2700958,1.5772705
2025-06-06 02:00:00,-1.2019501,0.9611511
2025-06-06 03:00:00,-1.1891785,1.2095337
2025-06-06 04:00:00,-0.94973755,1.5380707
2025-06-06 05:00:00,-0.33328247,1.4857941
2025-06-06 06:00:00,-0.16992188,0.883728
2025-06-06 07:00:00,-0.2593994,0.06304932
2025-06-06 08:00:00,-0.44935608,-0.33216858
2025-06-06 09:00:00,-0.45066833,0.048599243
2025-06-06 10:00:00,-1.1985321,0.20805359
2025-06-06 11:00:00,-1.1822968,1.5828552
2025-06-06 12:00:00,-0.89282227,2.382248
2025-06-06 13:00:00,-0.37167358,2.5992432
2025-06-06 14:00:00,0.2059784,2.7689972
2025-06-06 15:00:00,0.9737396,2.7850037
2025-06-06 16:00:00,1.5804138,2.5769348
2025-06-06 17:00:00,2.0129395,2.1850433
2025-06-06 18:00:00,2.1962433,1.5016022
2025-06-06 19:00:00,2.1661682,0.36738586
2025-06-06 20:00:00,2.1581573,-0.4825592
2025-06-06 21:00:00,2.193283,-0.84695435
2025-06-06 22:00:00,2.165741,-1.2207947
2025-06-06 23:00:00,2.0449677,-1.4646759
2025-06-07 00:00:00,2.1511536,-1.3331604
2025-06-07 01:00:00,2.4236603,-0.99308777
2025-06-07 02:00:00,2.6963196,-0.56715393
2025-06-07 03:00:00,3.001419,-0.4144745
2025-06-07 04:00:00,2.880722,-0.74417114
2025-06-07 05:00:00,2.7818298,-0.9291229
2025-06-07 06:00:00,2.8166656,-0.6356201
2025-06-07 07:00:00,2.9238892,-0.26119995
2025-06-07 08:00:00,3.4611511,0.5342407
2025-06-07 09:00:00,3.9563751,1.038269
2025-06-07 10:00:00,3.4016113,-0.7532501
2025-06-07 11:00:00,2.6812286,-1.5058899
2025-06-07 12:00:00,2.2342072,-1.7071686
2025-06-07 13:00:00,2.1840973,-1.4127808
2025-06-07 14:00:00,2.4580688,-0.97766113
2025-06-07 15:00:00,3.0643158,-0.19618225
2025-06-07 16:00:00,3.653946,0.70632935
2025-06-07 17:00:00,4.203125,1.5068665
2025-06-07 18:00:00,4.491043,2.0014648
2025-06-07 19:00:00,4.745926,2.5239258
2025-06-07 20:00:00,4.7671967,2.8689423
2025-06-07 21:00:00,4.6055756,2.7588654
2025-06-07 22:00:00,3.7304077,1.2444763
2025-06-07 23:00:00,3.4525452,-0.007675171
2025-06-08 00:00:00,3.5164795,-0.84632874
2025-06-08 01:00:00,3.664032,-0.76872253
2025-06-08 02:00:00,3.5684814,-0.40779114
2025-06-08 03:00:00,3.2873077,-0.18067932
2025-06-08 04:00:00,3.2458344,-0.2956543
2025-06-08 05:00:00,3.5039978,-0.47184753
2025-06-08 06:00:00,3.8794403,-0.5425415
2025-06-08 07:00:00,4.3389893,-0.41200256
2025-06-08 08:00:00,4.7332916,-0.5584564
2025-06-08 09:00:00,4.9635925,-0.8279877
2025-06-08 10:00:00,3.4982452,-1.4357452
2025-06-08 11:00:00,3.6032867,-0.7539978
2025-06-08 12:00:00,3.7312927,0.39068604
2025-06-08 13:00:00,3.9764252,1.2795105
2025-06-08 14:00:00,4.1803436,1.5887146
2025-06-08 15:00:00,4.3966064,1.5592804
2025-06-08 16:00:00,4.4986267,1.3966675
2025-06-08 17:00:00,4.4631805,1.0803833
2025-06-08 18:00:00,4.491226,0.33325195
2025-06-08 19:00:00,4.795044,-1.1670685
2025-06-08 20:00:00,4.8786926,-2.4354553
2025-06-08 21:00:00,4.603714,-2.8123322
2025-06-08 22:00:00,3.5118103,-2.2026062
2025-06-08 23:00:00,3.6943054,-1.913681
2025-06-09 00:00:00,3.7706451,-1.6462708
2025-06-09 01:00:00,3.877411,-1.5148468
2025-06-09 02:00:00,4.4394226,-1.6119843
2025-06-09 03:00:00,5.223984,-1.5447388
2025-06-09 04:00:00,5.9054565,-1.6296234
2025-06-09 05:00:00,6.4014435,-1.8392487
2025-06-09 06:00:00,6.655548,-2.1409912
2025-06-09 07:00:00,6.7326965,-2.1394348
2025-06-09 08:00:00,6.780899,-1.9327698
2025-06-09 09:00:00,6.744034,-1.7095184
2025-06-09 10:00:00,5.9195557,-2.6621094
2025-06-09 11:00:00,5.8025513,-2.543991
2025-06-09 12:00:00,5.544159,-2.4481506
2025-06-09 13:00:00,5.32959,-2.5508423
2025-06-09 14:00:00,5.063751,-2.6053162
2025-06-09 15:00:00,4.918518,-2.74292
2025-06-09 16:00:00,5.022873,-3.243988
2025-06-09 17:00:00,5.1891785,-3.8364563
2025-06-09 18:00:00,5.1910706,-4.027298
2025-06-09 19:00:00,4.9615326,-3.9029388
2025-06-09 20:00:00,4.7046356,-3.5430603
2025-06-09 21:00:00,4.6756744,-3.034439
2025-06-09 22:00:00,4.725708,-2.4506989
2025-06-09 23:00:00,4.929123,-2.6835938
2025-06-10 00:00:00,4.630142,-2.9897156
2025-06-10 01:00:00,4.11882,-3.4777222
2025-06-10 02:00:00,3.5319977,-3.9043732
2025-06-10 03:00:00,3.3981476,-4.2927246
2025-06-10 04:00:00,3.1342468,-4.883621
2025-06-10 05:00:00,2.036499,-4.8862305
2025-06-10 06:00:00,0.8553009,-4.461685
2025-06-10 07:00:00,0.06788635,-3.8026886
2025-06-10 08:00:00,-0.46092224,-3.2532501
2025-06-10 09:00:00,-0.8532257,-2.8430634
2025-06-10 10:00:00,-1.6117554,-3.8981476
2025-06-10 11:00:00,-1.7363281,-3.2019043
2025-06-10 12:00:00,-1.630722,-2.5761719
2025-06-10 13:00:00,-1.3075562,-1.9616547
2025-06-10 14:00:00,-0.9027405,-1.717102
2025-06-10 15:00:00,-0.24617004,-1.8199158
2025-06-10 16:00:00,0.09970093,-2.1327667
2025-06-10 17:00:00,0.21217346,-2.3851318
2025-06-10 18:00:00,0.5206146,-2.7099304
2025-06-10 19:00:00,0.8095398,-3.2491302
2025-06-10 20:00:00,0.85546875,-3.771225
2025-06-10 21:00:00,0.60939026,-4.0773773
2025-06-10 22:00:00,-0.37480164,-3.519638
2025-06-10 23:00:00,-0.5639496,-2.930725
2025-06-11 00:00:00,-0.5372925,-2.2251282
2025-06-11 01:00:00,-0.059036255,-1.8554688
2025-06-11 02:00:00,0.5709381,-1.7399597
2025-06-11 03:00:00,0.82914734,-1.6833954
2025-06-11 04:00:00,1.2886047,-1.8012238
2025-06-11 05:00:00,2.597229,-2.058258
2025-06-11 06:00:00,3.5669556,-2.6174622
2025-06-11 07:00:00,3.096161,-3.0886688
2025-06-11 08:00:00,2.1352997,-3.2983398
2025-06-11 09:00:00,1.3196869,-3.100769
2025-06-11 10:00:00,-0.08076477,-2.7660522
2025-06-11 11:00:00,-0.44425964,-2.1472168
2025-06-11 12:00:00,-0.77427673,-1.5806885
2025-06-11 13:00:00,-0.5538788,-1.0927429
2025-06-11 14:00:00,-0.05331421,-0.8543854
2025-06-11 15:00:00,0.5116272,-0.94825745
2025-06-11 16:00:00,0.83232117,-1.3251953
2025-06-11 17:00:00,0.8730774,-1.9622955
2025-06-11 18:00:00,0.7040405,-2.3162537
2025-06-11 19:00:00,0.5196533,-2.9049988
2025-06-11 20:00:00,0.4004364,-3.1372223
2025-06-11 21:00:00,0.1787262,-3.1368866
2025-06-11 22:00:00,0.13859558,-2.9293976
2025-06-11 23:00:00,-0.021652222,-2.606491
2025-06-12 00:00:00,-0.23068237,-2.530548
2025-06-12 01:00:00,-0.35108948,-2.5038605
2025-06-12 02:00:00,-0.39259338,-2.6436615
2025-06-12 03:00:00,-0.50567627,-2.9514618
2025-06-12 04:00:00,-0.95454407,-3.036087
2025-06-12 05:00:00,-1.3356323,-2.5734558
2025-06-12 06:00:00,-1.4887695,-1.9061127
2025-06-12 07:00:00,-1.3183746,-1.392273
2025-06-12 08:00:00,-1.1003876,-1.2980499
2025-06-12 09:00:00,-0.89868164,-1.2745209
2025-06-12 10:00:00,-1.1633148,-1.0706177
2025-06-12 11:00:00,-1.0601654,-0.9142456
2025-06-12 12:00:00,-1.0903931,-0.56010437
2025-06-12 13:00:00,-1.0370636,-0.19628906
2025-06-12 14:00:00,-0.856781,-0.11087036
2025-06-12 15:00:00,-0.8154602,-0.3428955
2025-06-12 16:00:00,-0.9077759,-0.48043823
2025-06-12 17:00:00,-0.80636597,-0.5072174
2025-06-12 18:00:00,-0.64024353,-0.61582947
2025-06-12 19:00:00,-0.6371002,-1.0960693
2025-06-12 20:00:00,-0.57377625,-2.2454681
2025-06-12 21:00:00,-0.3859558,-3.105957
2025-06-12 22:00:00,-0.31243896,-3.3117676
2025-06-12 23:00:00,-0.11532593,-3.0116882
2025-06-13 00:00:00,0.09060669,-2.6802673
2025-06-13 01:00:00,0.31552124,-2.3857574
2025-06-13 02:00:00,0.67459106,-2.2765808
2025-06-13 03:00:00,0.9987793,-2.1974945
2025-06-13 04:00:00,1.1380615,-2.2866821
2025-06-13 05:00:00,1.1852417,-2.2348175
2025-06-13 06:00:00,1.1831512,-2.0830688
2025-06-13 07:00:00,1.167038,-2.0090637
2025-06-13 08:00:00,1.2598877,-2.2825623
2025-06-13 09:00:00,1.4308319,-2.5868835
2025-06-13 10:00:00,0.19294739,-2.4765625
2025-06-13 11:00:00,0.2804718,-1.8295898
2025-06-13 12:00:00,0.64520264,-0.9677429
2025-06-13 13:00:00,1.4206848,-0.013427734
2025-06-13 14:00:00,2.5190277,0.20323181
2025-06-13 15:00:00,3.4244995,-0.35983276
2025-06-13 16:00:00,3.9358978,-1.162674
2025-06-13 17:00:00,4.0266724,-1.9264832
2025-06-13 18:00:00,3.6179962,-2.4067535
2025-06-13 19:00:00,2.9762268,-2.4858093
2025-06-13 20:00:00,2.3866577,-2.2840729
2025-06-13 21:00:00,1.724823,-2.3669128
2025-06-13 22:00:00,0.6427765,-2.3086548
2025-06-13 23:00:00,0.12942505,-1.9387054
2025-06-14 00:00:00,0.065963745,-1.3859711
2025-06-14 01:00:00,0.26812744,-1.0297394
2025-06-14 02:00:00,0.39497375,-0.90486145
2025-06-14 03:00:00,0.39533997,-0.9829254
2025-06-14 04:00:00,0.22436523,-1.3052979
2025-06-14 05:00:00,0.15359497,-1.2788086
2025-06-14 06:00:00,-0.012283325,-0.7234497
2025-06-14 07:00:00,0.0014038086,-0.050231934
2025-06-14 08:00:00,-0.019989014,0.3815155
2025-06-14 09:00:00,-0.028549194,0.49153137
2025-06-14 10:00:00,-0.34205627,0.41841125
2025-06-14 11:00:00,0.18032837,0.5908966
2025-06-14 12:00:00,0.58862305,0.81340027
2025-06-14 13:00:00,0.968277,0.91355896
2025-06-14 14:00:00,1.4601593,0.7576752
2025-06-14 15:00:00,1.8013153,0.5746918
2025-06-14 16:00:00,1.6986542,0.26739502
2025-06-14 17:00:00,1.5488129,0.11477661
2025-06-14 18:00:00,1.4513245,-0.25115967
2025-06-14 19:00:00,1.3255157,-1.2313232
2025-06-14 20:00:00,1.0305634,-2.1894684
2025-06-14 21:00:00,0.732666,-2.1808167
2025-06-14 22:00:00,-0.0005645752,-1.5585022
2025-06-14 23:00:00,-0.06904602,-0.87934875
2025-06-15 00:00:00,0.16981506,-0.3210144
2025-06-15 01:00:00,0.27778625,-0.0018310547
2025-06-15 02:00:00,0.2366333,0.080444336
2025-06-15 03:00:00,0.46569824,0.17451477
2025-06-15 04:00:00,0.899765,0.10523987
2025-06-15 05:00:00,1.6867828,-0.14826965
2025-06-15 06:00:00,2.3392792,-0.43722534
2025-06-15 07:00:00,2.6256104,-0.5926666
2025-06-15 08:00:00,2.5419922,-0.370224
2025-06-15 09:00:00,2.4406738,-0.17782593
2025-06-15 10:00:00,1.2832947,-0.71520996
2025-06-15 11:00:00,0.90060425,-0.116363525
2025-06-15 12:00:00,1.0952148,0.5779114
2025-06-15 13:00:00,1.7779999,1.3392181
2025-06-15 14:00:00,2.6210938,1.8579559
2025-06-15 15:00:00,3.5590668,1.9362488
2025-06-15 16:00:00,4.2097626,1.5680542
2025-06-15 17:00:00,4.643875,1.2957153
2025-06-15 18:00:00,4.8214874,0.98184204
2025-06-15 19:00:00,4.739105,0.16996765
2025-06-15 20:00:00,4.3594055,-1.0157471
2025-06-15 21:00:00,3.740097,-1.6162109
2025-06-15 22:00:00,2.75029,-0.85098267
2025-06-15 23:00:00,2.5532227,-0.41160583
2025-06-16 00:00:00,2.6195068,0.30630493
2025-06-16 01:00:00,3.1499786,0.603775
2025-06-16 02:00:00,3.716629,0.14039612
2025-06-16 03:00:00,4.1247253,-0.33529663
2025-06-16 04:00:00,4.15654,-1.0306702
2025-06-16 05:00:00,3.9314117,-1.274765
2025-06-16 06:00:00,3.6233063,-1.0153961
2025-06-16 07:00:00,3.7722778,-0.48947144
2025-06-16 08:00:00,4.2456665,0.013870239
2025-06-16 09:00:00,4.65036,0.45237732
2025-06-16 10:00:00,3.7902527,0.9963684
2025-06-16 11:00:00,4.434677,1.2420502
2025-06-16 12:00:00,5.2604675,0.75834656
2025-06-16 13:00:00,5.667389,-0.14205933
2025-06-16 14:00:00,5.173111,-0.7553253
2025-06-16 15:00:00,4.7303314,-0.61868286
2025-06-16 16:00:00,4.3600006,-0.08242798
2025-06-16 17:00:00,4.077301,-0.12615967
2025-06-16 18:00:00,3.8742523,-0.9032135
2025-06-16 19:00:00,3.6935883,-1.6947021
2025-06-16 20:00:00,3.3274689,-1.9894867
2025-06-16 21:00:00,3.2275848,-1.6408386
2025-06-16 22:00:00,3.5351257,-1.2984314
2025-06-16 23:00:00,3.8612823,-0.77627563
2025-06-17 00:00:00,4.084091,-0.06047058
2025-06-17 01:00:00,4.492386,0.31834412
2025-06-17 02:00:00,4.8490906,0.31481934
2025-06-17 03:00:00,5.179367,-0.112350464
2025-06-17 04:00:00,5.3350983,-1.112503
2025-06-17 05:00:00,4.9470215,-1.5580139
2025-06-17 06:00:00,4.423401,-1.4536743
2025-06-17 07:00:00,4.565628,-1.410965
2025-06-17 08:00:00,4.8743134,-1.2898865
2025-06-17 09:00:00,5.1878967,-1.1401825
2025-06-17 10:00:00,4.4651184,-2.3727875
2025-06-17 11:00:00,4.056885,-2.6017609
2025-06-17 12:00:00,3.2704773,-3.1462555
2025-06-17 13:00:00,2.266098,-2.496811
2025-06-17 14:00:00,1.5515442,-1.3870392
2025-06-17 15:00:00,1.572052,-0.42105103
2025-06-17 16:00:00,2.058319,0.5291748
2025-06-17 17:00:00,3.3117676,0.70944214
2025-06-17 18:00:00,4.925003,-0.3852234
2025-06-17 19:00:00,4.969681,-1.4683685
2025-06-17 20:00:00,3.9710846,-1.5597534
2025-06-17 21:00:00,3.0460205,-1.1057281
2025-06-17 22:00:00,3.442154,0.22738647
2025-06-17 23:00:00,4.0972595,0.26679993
2025-06-18 00:00:00,5.223297,-0.59643555
2025-06-18 01:00:00,5.54335,-1.482544
2025-06-18 02:00:00,5.320175,-2.3976593
2025-06-18 03:00:00,4.707306,-3.5560455
2025-06-18 04:00:00,3.418991,-4.2608185
2025-06-18 05:00:00,2.264862,-3.8069153
2025-06-18 06:00:00,1.9477539,-2.3760834
2025-06-18 07:00:00,2.1522675,-1.1735077
2025-06-18 08:00:00,2.377472,-0.49513245
2025-06-18 09:00:00,2.9701233,-0.18106079
2025-06-18 10:00:00,3.262268,-1.366394
2025-06-18 11:00:00,3.9282837,-1.2239227
2025-06-18 12:00:00,4.5425873,-0.9707794
2025-06-18 13:00:00,4.9812317,-1.2047882
2025-06-18 14:00:00,5.1136475,-1.3155518
2025-06-18 15:00:00,4.902954,-1.1315002
2025-06-18 16:00:00,4.365387,-1.7058868
2025-06-18 17:00:00,3.580597,-2.2068024
2025-06-18 18:00:00,3.0401306,-2.1474762
2025-06-18 19:00:00,2.4625092,-2.0456543
2025-06-18 20:00:00,1.6410522,-1.1168518
2025-06-18 21:00:00,1.1873779,0.07170105
2025-06-18 22:00:00,2.320755,1.2407227
2025-06-18 23:00:00,3.5234985,0.86720276
2025-06-19 00:00:00,4.501175,-0.26670837
2025-06-19 01:00:00,4.7578278,-1.3973083
2025-06-19 02:00:00,4.1838684,-1.7332764
2025-06-19 03:00:00,3.3420258,-1.7151337
2025-06-19 04:00:00,2.696228,-1.1466675
2025-06-19 05:00:00,2.481964,-0.72540283
2025-06-19 06:00:00,2.24971,-0.62768555
2025-06-19 07:00:00,1.9585724,-0.4575348
2025-06-19 08:00:00,1.745636,-0.090652466
2025-06-19 09:00:00,1.8294983,0.3632202
2025-06-19 10:00:00,1.0820618,0.017288208
2025-06-19 11:00:00,1.276001,0.28186035
2025-06-19 12:00:00,1.1210022,0.42790222
2025-06-19 13:00:00,0.75164795,0.21173096
2025-06-19 14:00:00,0.27412415,0.098739624
2025-06-19 15:00:00,0.13444519,0.1942749
2025-06-19 16:00:00,-0.12496948,0.6646881
2025-06-19 17:00:00,-0.35998535,1.0179749
2025-06-19 18:00:00,-0.26246643,1.449173
2025-06-19 19:00:00,0.07887268,1.7303619
2025-06-19 20:00:00,0.5547943,1.8943329
2025-06-19 21:00:00,0.92736816,1.487854
2025-06-19 22:00:00,2.0384827,1.4563599
2025-06-19 23:00:00,2.5619354,1.0947266
2025-06-20 00:00:00,2.6157684,0.17770386
2025-06-20 01:00:00,2.5945435,-0.4607849
2025-06-20 02:00:00,2.8887634,-1.2640076
2025-06-20 03:00:00,3.2133484,-2.2425537
2025-06-20 04:00:00,2.9061432,-2.568283
2025-06-20 05:00:00,1.8743134,-2.1345062
2025-06-20 06:00:00,0.9773407,-1.3079834
2025-06-20 07:00:00,0.3474579,-0.9208679
2025-06-20 08:00:00,-0.09425354,-0.7000122
2025-06-20 09:00:00,-0.4142456,-0.36993408
2025-06-20 10:00:00,-0.65431213,0.5262909
2025-06-20 11:00:00,-0.3572693,0.88319397
2025-06-20 12:00:00,0.20751953,0.7912903
2025-06-20 13:00:00,0.97662354,0.8489227
2025-06-20 14:00:00,1.767334,0.4197235
2025-06-20 15:00:00,2.2253723,-1.0186462
2025-06-20 16:00:00,1.8075104,-2.3484192
2025-06-20 17:00:00,1.0609741,-3.2411041
2025-06-20 18:00:00,0.44433594,-3.8695984
2025-06-20 19:00:00,-0.21755981,-4.273468
2025-06-20 20:00:00,-0.6310425,-3.8021393
2025-06-20 21:00:00,-0.6598816,-3.5336304
2025-06-20 22:00:00,-0.65019226,-3.480896
2025-06-20 23:00:00,-0.06806946,-3.2868958
2025-06-21 00:00:00,0.14730835,-3.7516632
2025-06-21 01:00:00,0.33070374,-4.264084
2025-06-21 02:00:00,0.012252808,-4.315979
2025-06-21 03:00:00,-0.6174011,-4.065277
2025-06-21 04:00:00,-1.2969818,-3.5303345
2025-06-21 05:00:00,-1.6959991,-2.7879028
2025-06-21 06:00:00,-1.4132843,-2.5733185
2025-06-21 07:00:00,-0.6016388,-2.8314972
2025-06-21 08:00:00,0.017364502,-3.4235382
2025-06-21 09:00:00,0.117263794,-3.680603
2025-06-21 10:00:00,-0.6134186,-4.1684875
2025-06-21 11:00:00,-0.98257446,-4.0221252
2025-06-21 12:00:00,-1.3617096,-3.645523
2025-06-21 13:00:00,-1.4970245,-3.4978027
2025-06-21 14:00:00,-1.2857971,-3.7354584
2025-06-21 15:00:00,-0.7863922,-4.0344696
2025-06-21 16:00:00,-0.20231628,-4.2638702
2025-06-21 17:00:00,0.17918396,-4.2600555
2025-06-21 18:00:00,0.6036682,-4.1957855
2025-06-21 19:00:00,1.0388794,-4.3659973
2025-06-21 20:00:00,1.457367,-4.4849243
2025-06-21 21:00:00,1.7293243,-4.6196747
2025-06-21 22:00:00,1.135086,-4.3714294
2025-06-21 23:00:00,1.2843323,-4.617752
2025-06-22 00:00:00,1.1888275,-4.6744995
2025-06-22 01:00:00,0.8536835,-4.677002
2025-06-22 02:00:00,0.5363159,-4.703125
2025-06-22 03:00:00,0.277359,-4.6484222
2025-06-22 04:00:00,-0.17242432,-4.4510803
2025-06-22 05:00:00,-0.5609741,-4.058243
2025-06-22 06:00:00,-0.89572144,-3.4788208
2025-06-22 07:00:00,-1.0401459,-3.0956573
2025-06-22 08:00:00,-1.0207214,-2.9634857
2025-06-22 09:00:00,-0.7398529,-3.032486
2025-06-22 10:00:00,-0.76934814,-2.2368317
2025-06-22 11:00:00,-0.93807983,-1.8394775
2025-06-22 12:00:00,-1.2802887,-1.1894531
2025-06-22 13:00:00,-1.4331055,-0.5151062
2025-06-22 14:00:00,-1.3294067,-0.01210022
2025-06-22 15:00:00,-0.8558502,0.23153687
2025-06-22 16:00:00,-0.22111511,0.41609192
2025-06-22 17:00:00,0.27890015,0.49639893
2025-06-22 18:00:00,0.6456299,0.67601013
2025-06-22 19:00:00,0.96917725,0.6098633
2025-06-22 20:00:00,1.2764893,0.404068
2025-06-22 21:00:00,1.383194,0.34643555
2025-06-22 22:00:00,1.8712769,-0.05860901
2025-06-22 23:00:00,1.8384247,0.09199524
2025-06-23 00:00:00,1.8017731,0.20933533
2025-06-23 01:00:00,1.8873596,0.29774475
2025-06-23 02:00:00,2.2561798,-0.019607544
2025-06-23 03:00:00,2.5533295,-0.6148224
2025-06-23 04:00:00,2.751709,-1.054184
2025-06-23 05:00:00,2.8598785,-1.2826233
2025-06-23 06:00:00,2.8782654,-1.5336304
2025-06-23 07:00:00,2.8986359,-1.8586426
2025-06-23 08:00:00,2.6025696,-2.196579
2025-06-23 09:00:00,2.0274963,-2.1529846
2025-06-23 10:00:00,0.52474976,-2.5327911
2025-06-23 11:00:00,-0.12846375,-1.7773285
2025-06-23 12:00:00,-0.2930298,-0.76724243
2025-06-23 13:00:00,0.13043213,0.23072815
2025-06-23 14:00:00,0.7352295,0.768692
2025-06-23 15:00:00,1.4478302,0.39723206
2025-06-23 16:00:00,2.0485077,-0.2824707
2025-06-23 17:00:00,2.322876,-0.89582825
2025-06-23 18:00:00,2.4459991,-1.1499481
2025-06-23 19:00:00,2.4318085,-1.2990265
2025-06-23 20:00:00,2.2406158,-1.1564636
2025-06-23 21:00:00,2.2805023,-1.1279602
2025-06-23 22:00:00,2.2555084,-0.63819885
2025-06-23 23:00:00,2.3948212,-0.7631531
2025-06-24 00:00:00,2.6242676,-1.2965851
2025-06-24 01:00:00,2.8553467,-1.9582062
2025-06-24 02:00:00,2.678543,-2.2913818
2025-06-24 03:00:00,2.4327545,-2.1401825
2025-06-24 04:00:00,2.5883636,-1.8667145
2025-06-24 05:00:00,3.001999,-1.7324371
2025-06-24 06:00:00,3.3889008,-1.89888
2025-06-24 07:00:00,3.6073914,-2.3313904
2025-06-24 08:00:00,3.6886292,-2.4479675
2025-06-24 09:00:00,3.7328339,-2.0103607
2025-06-24 10:00:00,3.10643,-2.526947
2025-06-24 11:00:00,3.2427216,-1.9332275
2025-06-24 12:00:00,3.553421,-1.5130768
2025-06-24 13:00:00,4.0150146,-1.2821808
2025-06-24 14:00:00,4.3704224,-1.4173279
2025-06-24 15:00:00,4.453888,-1.7684631
2025-06-24 16:00:00,4.1891327,-2.135025
2025-06-24 17:00:00,3.7469788,-2.4640656
2025-06-24 18:00:00,3.3700562,-2.4418793
2025-06-24 19:00:00,2.9569702,-2.1303558
2025-06-24 20:00:00,2.8289185,-1.6178894
2025-06-24 21:00:00,3.0218964,-1.1208801
2025-06-24 22:00:00,3.0615692,-0.994751
2025-06-24 23:00:00,3.46315,-0.6485443
2025-06-25 00:00:00,3.8527222,-0.6908264
2025-06-25 01:00:00,4.275345,-0.84165955
2025-06-25 02:00:00,4.666092,-1.2127533
2025-06-25 03:00:00,4.9210205,-1.8438721
2025-06-25 04:00:00,4.8335114,-2.5007935
2025-06-25 05:00:00,4.647049,-2.9569397
2025-06-25 06:00:00,4.3158264,-3.24469
2025-06-25 07:00:00,3.9124908,-3.3269653
2025-06-25 08:00:00,3.6009064,-3.1274414
2025-06-25 09:00:00,3.3766785,-2.8200836
2025-06-25 10:00:00,3.0870514,-3.156845
2025-06-25 11:00:00,3.1268616,-2.52742
2025-06-25 12:00:00,3.136383,-2.0660095
2025-06-25 13:00:00,3.2391663,-1.5088501
2025-06-25 14:00:00,3.5680847,-1.1092072
2025-06-25 15:00:00,3.980835,-1.0268402
2025-06-25 16:00:00,4.3299713,-1.1123962
2025-06-25 17:00:00,4.4999847,-1.3196106
2025-06-25 18:00:00,4.318527,-1.5184021
2025-06-25 19:00:00,3.9064941,-1.8872986
2025-06-25 20:00:00,3.3809967,-2.2291565
2025-06-25 21:00:00,3.0190735,-2.1836548
2025-06-25 22:00:00,2.2848969,-2.303894
2025-06-25 23:00:00,2.2204895,-2.4837494
2025-06-26 00:00:00,2.1333618,-2.5659332
2025-06-26 01:00:00,2.1807098,-2.5012512
2025-06-26 02:00:00,2.2741852,-2.2503204
2025-06-26 03:00:00,2.5715485,-1.9875488
2025-06-26 04:00:00,2.8003235,-1.8856049
2025-06-26 05:00:00,2.9634705,-1.9770966
2025-06-26 06:00:00,2.834198,-2.3548584
2025-06-26 07:00:00,2.6791992,-2.82872
2025-06-26 08:00:00,2.4243011,-2.9758453
2025-06-26 09:00:00,2.3985596,-2.6334076
2025-06-26 10:00:00,1.5449677,-2.4893951
2025-06-26 11:00:00,1.8937836,-1.5755463
2025-06-26 12:00:00,2.4810486,-0.99594116
2025-06-26 13:00:00,3.13974,-0.81918335
2025-06-26 14:00:00,3.9124908,-0.8988342
2025-06-26 15:00:00,4.450226,-1.2040863
2025-06-26 16:00:00,4.683365,-1.8181305
2025-06-26 17:00:00,4.6106567,-2.3561707
2025-06-26 18:00:00,4.4308777,-2.7523804
2025-06-26 19:00:00,4.1604767,-3.0956726
2025-06-26 20:00:00,3.9353638,-3.1376495
2025-06-26 21:00:00,3.8160248,-3.2690277
2025-06-26 22:00:00,3.3621063,-3.2012634
2025-06-26 23:00:00,3.447235,-3.0715637
2025-06-27 00:00:00,3.7460632,-2.9816437
2025-06-27 01:00:00,4.058655,-2.7345123
2025-06-27 02:00:00,4.4459076,-2.846344
2025-06-27 03:00:00,4.7482758,-3.247818
2025-06-27 04:00:00,4.6028748,-3.5457458
2025-06-27 05:00:00,4.3706207,-3.3104095
2025-06-27 06:00:00,4.1540833,-2.9950256
2025-06-27 07:00:00,3.9605865,-2.8746796
2025-06-27 08:00:00,3.7123413,-2.9518127
2025-06-27 09:00:00,3.2100067,-3.052887
2025-06-27 10:00:00,1.9420166,-3.0598755
2025-06-27 11:00:00,1.2203522,-2.6641388
2025-06-27 12:00:00,0.83244324,-2.2753296
2025-06-27 13:00:00,1.1330109,-1.9955444
2025-06-27 14:00:00,1.7772522,-2.1029663
2025-06-27 15:00:00,2.6238098,-2.585266
2025-06-27 16:00:00,3.1408691,-3.3704987
2025-06-27 17:00:00,3.3948822,-4.1449738
2025-06-27 18:00:00,3.5705414,-4.723877
2025-06-27 19:00:00,3.494522,-5.0571136
2025-06-27 20:00:00,2.964096,-4.9299927
2025-06-27 21:00:00,2.4298706,-4.2897034
2025-06-27 22:00:00,1.7744598,-3.5090485
2025-06-27 23:00:00,1.3456726,-2.492569
2025-06-28 00:00:00,1.333374,-1.5591583
2025-06-28 01:00:00,1.9216156,-1.1657867
2025-06-28 02:00:00,2.53891,-1.4605103
2025-06-28 03:00:00,2.4739838,-1.9945068
2025-06-28 04:00:00,1.8400879,-2.3518982
2025-06-28 05:00:00,0.9588928,-2.3444214
2025-06-28 06:00:00,-0.46473694,-2.0977783
2025-06-28 07:00:00,-1.9947357,-1.8146973
2025-06-28 08:00:00,-2.9907227,-1.2746735
2025-06-28 09:00:00,-2.7661285,-0.9563141
2025-06-28 10:00:00,-1.9256287,-1.7557831
2025-06-28 11:00:00,-1.8968506,-1.6787567
2025-06-28 12:00:00,-1.5560608,-1.1425476
2025-06-28 13:00:00,-0.57302856,-0.9255066
2025-06-28 14:00:00,0.29336548,-1.6130066
2025-06-28 15:00:00,0.7571564,-2.0849915
2025-06-28 16:00:00,0.9055176,-2.449524
2025-06-28 17:00:00,0.9530182,-2.7072754
2025-06-28 18:00:00,0.92103577,-2.680481
2025-06-28 19:00:00,0.5402527,-2.2978973
2025-06-28 20:00:00,0.14083862,-1.3533478
2025-06-28 21:00:00,-0.39923096,-0.3126831
2025-06-28 22:00:00,-1.6078949,0.32406616
2025-06-28 23:00:00,-1.4029083,0.709198
2025-06-29 00:00:00,-0.99386597,0.46670532
2025-06-29 01:00:00,-0.33587646,-0.12088013
2025-06-29 02:00:00,0.17077637,-0.5782623
2025-06-29 03:00:00,0.5077362,-0.9270172
2025-06-29 04:00:00,0.3995514,-1.6855927
2025-06-29 05:00:00,0.2202301,-2.3886566
2025-06-29 06:00:00,0.20181274,-2.894989
2025-06-29 07:00:00,0.36573792,-3.3331757
2025-06-29 08:00:00,0.6606293,-3.4872894
2025-06-29 09:00:00,0.8711548,-3.5152893
2025-06-29 10:00:00,0.0054016113,-3.230896
2025-06-29 11:00:00,-0.48190308,-3.299881
2025-06-29 12:00:00,-1.4629517,-3.0948334
2025-06-29 13:00:00,-2.100113,-2.5864716
2025-06-29 14:00:00,-2.1667175,-1.9534912
2025-06-29 15:00:00,-1.8935089,-1.6029663
2025-06-29 16:00:00,-1.6709137,-1.6653442
2025-06-29 17:00:00,-1.6456909,-1.9566193
2025-06-29 18:00:00,-1.59375,-2.2550812
2025-06-29 19:00:00,-1.1929474,-2.4768677
2025-06-29 20:00:00,-0.8609314,-2.936966
2025-06-29 21:00:00,-0.6481781,-3.6202545
2025-06-29 22:00:00,-1.1140747,-4.6970215
2025-06-29 23:00:00,-1.2182465,-4.9963226
2025-06-30 00:00:00,-1.1166077,-5.229187
2025-06-30 01:00:00,-1.0919495,-5.448349
2025-06-30 02:00:00,-1.1430206,-5.5725403
2025-06-30 03:00:00,-1.320816,-5.594742
2025-06-30 04:00:00,-1.6415253,-5.6793213
2025-06-30 05:00:00,-1.8274841,-5.775482
2025-06-30 06:00:00,-2.0560913,-5.714691
2025-06-30 07:00:00,-2.1607208,-5.672699
2025-06-30 08:00:00,-2.337738,-5.398651
2025-06-30 09:00:00,-2.4211273,-4.9638977
2025-06-30 10:00:00,-2.9065552,-4.323395
2025-06-30 11:00:00,-2.730713,-3.6804657
2025-06-30 12:00:00,-2.4989166,-3.290985
2025-06-30 13:00:00,-2.0421143,-3.201004
2025-06-30 14:00:00,-1.1781464,-3.1122894
2025-06-30 15:00:00,-0.13276672,-3.231247
2025-06-30 16:00:00,0.52737427,-3.6186829
2025-06-30 17:00:00,0.85317993,-4.046356
2025-06-30 18:00:00,1.1312256,-4.127487
2025-06-30 19:00:00,1.6529236,-4.0753784
2025-06-30 20:00:00,2.1055145,-4.0354004
2025-06-30 21:00:00,2.1977997,-4.2674866
2025-06-30 22:00:00,1.8231201,-4.4432373
2025-06-30 23:00:00,1.9477234,-4.3580933
2025-07-01 00:00:00,2.0701752,-4.22847
2025-07-01 01:00:00,2.289154,-4.33049
2025-07-01 02:00:00,2.6896362,-4.5399017
2025-07-01 03:00:00,3.0770264,-4.7347107
2025-07-01 04:00:00,3.1095734,-5.107254
2025-07-01 05:00:00,2.820221,-5.109741
2025-07-01 06:00:00,2.6093445,-4.667389
2025-07-01 07:00:00,2.3083496,-4.217865
2025-07-01 08:00:00,1.8682098,-3.8976898
2025-07-01 09:00:00,1.537857,-3.4587097
2025-07-01 10:00:00,0.022903442,-2.791809
2025-07-01 11:00:00,-0.10612488,-1.919632
2025-07-01 12:00:00,0.1157074,-1.3016205
2025-07-01 13:00:00,0.7336273,-0.8207855
2025-07-01 14:00:00,1.5697174,-0.7872162
2025-07-01 15:00:00,2.6324005,-1.2160034
2025-07-01 16:00:00,3.4572601,-1.6752777
2025-07-01 17:00:00,3.7622528,-2.1445923
2025-07-01 18:00:00,3.318283,-2.6006317
2025-07-01 19:00:00,2.3880768,-3.2029114
2025-07-01 20:00:00,1.6328888,-3.2359467
2025-07-01 21:00:00,1.4934387,-2.5760193
2025-07-01 22:00:00,1.1582642,-2.0328522
2025-07-01 23:00:00,1.5765076,-1.6151733
2025-07-02 00:00:00,1.9249573,-1.224472
2025-07-02 01:00:00,2.2395782,-1.0376434
2025-07-02 02:00:00,2.258438,-0.93673706
2025-07-02 03:00:00,2.0660706,-0.785202
2025-07-02 04:00:00,1.8103485,-0.849823
2025-07-02 05:00:00,1.7369995,-0.9903412
2025-07-02 06:00:00,2.0133514,-1.2203827
2025-07-02 07:00:00,2.4679565,-1.4651489
2025-07-02 08:00:00,2.7594757,-1.8175354
2025-07-02 09:00:00,2.9148865,-2.0316315
2025-07-02 10:00:00,1.8112488,-2.453659
2025-07-02 11:00:00,1.8460541,-1.7511139
2025-07-02 12:00:00,1.98526,-1.2372131
2025-07-02 13:00:00,2.1828613,-0.94770813
2025-07-02 14:00:00,2.2299652,-0.8893738
2025-07-02 15:00:00,2.233261,-0.9489136
2025-07-02 16:00:00,2.2353516,-0.86772156
2025-07-02 17:00:00,2.0390015,-0.9424286
2025-07-02 18:00:00,1.6876373,-0.96717834
2025-07-02 19:00:00,1.3900452,-1.1292725
2025-07-02 20:00:00,1.4420471,-1.329834
2025-07-02 21:00:00,1.8361511,-1.4767151
2025-07-02 22:00:00,2.1270905,-1.1931305
2025-07-02 23:00:00,2.2832794,-1.0723419
2025-07-03 00:00:00,2.172287,-0.93640137
2025-07-03 01:00:00,1.6837311,-0.7985077
2025-07-03 02:00:00,1.1672363,-0.5554657
2025-07-03 03:00:00,1.0584869,0.016448975
2025-07-03 04:00:00,1.0176239,0.5437317
2025-07-03 05:00:00,1.3905334,0.82762146
2025-07-03 06:00:00,1.7866211,0.71884155
2025-07-03 07:00:00,2.061081,0.27192688
2025-07-03 08:00:00,2.0376892,-0.051696777
2025-07-03 09:00:00,2.1436768,-0.022216797
2025-07-03 10:00:00,1.4014587,0.016159058
2025-07-03 11:00:00,1.9366608,0.3603363
2025-07-03 12:00:00,2.5968475,0.38450623
2025-07-03 13:00:00,2.9949799,0.323761
2025-07-03 14:00:00,3.2024689,0.12939453
2025-07-03 15:00:00,3.2353668,-0.48771667
2025-07-03 16:00:00,2.8780975,-0.9875488
2025-07-03 17:00:00,2.6332855,-1.5750427
2025-07-03 18:00:00,2.3136597,-2.1499329
2025-07-03 19:00:00,1.801239,-2.5734558
2025-07-03 20:00:00,1.2002563,-2.3828125
2025-07-03 21:00:00,1.179184,-1.9274445
2025-07-03 22:00:00,1.4237213,-1.8997803
2025-07-03 23:00:00,1.9299469,-1.9642487
2025-07-04 00:00:00,2.2967072,-1.9997711
2025-07-04 01:00:00,2.545517,-2.112793
2025-07-04 02:00:00,2.7659302,-2.2002106
2025-07-04 03:00:00,2.8529816,-2.2176971
2025-07-04 04:00:00,2.6954956,-2.1838226
2025-07-04 05:00:00,2.912735,-2.125351
2025-07-04 06:00:00,3.5409393,-2.1150818
2025-07-04 07:00:00,4.144043,-2.1936646
2025-07-04 08:00:00,4.415497,-2.5192719
2025-07-04 09:00:00,4.332123,-2.7326965
2025-07-04 10:00:00,3.1450806,-2.464157
2025-07-04 11:00:00,2.9471893,-1.7701416
2025-07-04 12:00:00,3.3309631,-1.1371002
2025-07-04 13:00:00,3.837326,-0.9508209
2025-07-04 14:00:00,4.2826385,-1.4716492
2025-07-04 15:00:00,4.528015,-2.7327576
2025-07-04 16:00:00,4.004471,-3.7888947
2025-07-04 17:00:00,3.5428314,-4.262558
2025-07-04 18:00:00,3.1384583,-3.7682495
2025-07-04 19:00:00,2.9448242,-3.208969
2025-07-04 20:00:00,3.0128784,-2.8582153
2025-07-04 21:00:00,3.007141,-2.7718048
2025-07-04 22:00:00,2.520279,-2.4920807
2025-07-04 23:00:00,1.8974457,-2.413681
2025-07-05 00:00:00,1.4475098,-2.6244202
2025-07-05 01:00:00,0.9544983,-2.670929
2025-07-05 02:00:00,0.8257599,-2.5563812
2025-07-05 03:00:00,1.032547,-2.2560272
2025-07-05 04:00:00,1.3214417,-1.9496155
2025-07-05 05:00:00,1.8045197,-1.617157
2025-07-05 06:00:00,2.1191864,-1.3161316
2025-07-05 07:00:00,2.4391022,-0.8936157
2025-07-05 08:00:00,2.5934448,-0.5756836
2025-07-05 09:00:00,2.5138245,-0.7284851
2025-07-05 10:00:00,0.71292114,-1.0883942
2025-07-05 11:00:00,0.54486084,-0.4477234
2025-07-05 12:00:00,1.1402588,0.04386902
2025-07-05 13:00:00,1.7585754,0.17990112
2025-07-05 14:00:00,2.2635956,0.16035461
2025-07-05 15:00:00,2.8523102,0.014572144
2025-07-05 16:00:00,3.3550415,-0.24517822
2025-07-05 17:00:00,3.8533478,-1.1471558
2025-07-05 18:00:00,3.9800415,-2.4849548
2025-07-05 19:00:00,3.219162,-3.1293793
2025-07-05 20:00:00,2.3180695,-3.0110626
2025-07-05 21:00:00,1.833374,-3.0604706
2025-07-05 22:00:00,2.0762482,-2.4377441
2025-07-05 23:00:00,2.0421448,-2.2631073
2025-07-06 00:00:00,1.9887238,-1.779953
2025-07-06 01:00:00,2.0521698,-1.3818512
2025-07-06 02:00:00,2.2361298,-1.2662201
2025-07-06 03:00:00,2.5401611,-1.3903351
2025-07-06 04:00:00,3.0852509,-1.5324554
2025-07-06 05:00:00,3.535843,-1.6382446
2025-07-06 06:00:00,3.7321472,-1.4537048
2025-07-06 07:00:00,4.063736,-1.1909485
2025-07-06 08:00:00,4.600113,-1.3785553
2025-07-06 09:00:00,5.029297,-2.119339
2025-07-06 10:00:00,3.3517761,-2.2687378
2025-07-06 11:00:00,2.9026794,-1.676712
2025-07-06 12:00:00,3.1147308,-1.0738068
2025-07-06 13:00:00,3.893402,-0.8530884
2025-07-06 14:00:00,4.6289215,-0.9563751
2025-07-06 15:00:00,5.150131,-1.3507843
2025-07-06 16:00:00,5.2880096,-1.4304047
2025-07-06 17:00:00,5.1770782,-1.3833618
2025-07-06 18:00:00,4.8392944,-1.3339386
2025-07-06 19:00:00,4.4243774,-1.0715027
2025-07-06 20:00:00,4.1821594,-0.9241333
2025-07-06 21:00:00,3.985199,-1.1088257
2025-07-06 22:00:00,3.7347107,-0.96139526
2025-07-06 23:00:00,2.8750763,-0.6079254
2025-07-07 00:00:00,2.369751,-0.022735596
2025-07-07 01:00:00,2.1992493,0.40264893
2025-07-07 02:00:00,2.2032318,0.52388
2025-07-07 03:00:00,2.427353,0.45170593
2025-07-07 04:00:00,2.8441925,0.5152588
2025-07-07 05:00:00,3.3197784,1.0372162
2025-07-07 06:00:00,3.9095612,1.6108093
2025-07-07 07:00:00,4.6181793,1.7946777
2025-07-07 08:00:00,4.974823,1.6198273
2025-07-07 09:00:00,4.700653,1.9498596
2025-07-07 10:00:00,4.49942,1.7429199
2025-07-07 11:00:00,4.583542,2.131073
2025-07-07 12:00:00,4.788101,2.3306122
2025-07-07 13:00:00,4.679886,2.3599396
2025-07-07 14:00:00,4.2114563,2.175537
2025-07-07 15:00:00,3.6649628,2.0006409
2025-07-07 16:00:00,3.0383148,2.0497894
2025-07-07 17:00:00,2.5263367,2.2557373
2025-07-07 18:00:00,2.2526703,2.4288483
2025-07-07 19:00:00,2.0123901,2.7806702
2025-07-07 20:00:00,1.8074951,3.2545319
2025-07-07 21:00:00,1.7348328,3.7787018
2025-07-07 22:00:00,1.7354279,4.403427
2025-07-07 23:00:00,1.2688293,4.861862
2025-07-08 00:00:00,1.2631226,4.9971466
2025-07-08 01:00:00,1.4620972,4.929474
2025-07-08 02:00:00,2.0366058,4.815872
2025-07-08 03:00:00,2.8119507,4.857971
2025-07-08 04:00:00,3.7165222,4.5178375
2025-07-08 05:00:00,4.3357086,3.588028
2025-07-08 06:00:00,4.563202,2.6389923
2025-07-08 07:00:00,4.692444,2.0275269
2025-07-08 08:00:00,4.3440094,2.2246094
2025-07-08 09:00:00,3.861969,2.8437195
2025-07-08 10:00:00,2.4249725,3.2467804
2025-07-08 11:00:00,2.5095978,3.3868408
2025-07-08 12:00:00,2.4644775,3.5864105
2025-07-08 13:00:00,2.5073547,3.9381409
2025-07-08 14:00:00,2.588745,3.9333344
2025-07-08 15:00:00,2.867035,3.1430511
2025-07-08 16:00:00,3.046463,2.15831
2025-07-08 17:00:00,3.2280884,1.7975616
2025-07-08 18:00:00,3.4334412,1.4350281
2025-07-08 19:00:00,3.9525146,0.19747925
2025-07-08 20:00:00,4.608246,-1.750412
2025-07-08 21:00:00,4.8258057,-2.7719116
2025-07-08 22:00:00,4.891281,-2.585083
2025-07-08 23:00:00,5.534149,-2.8757935
2025-07-09 00:00:00,5.7107544,-3.901184
2025-07-09 01:00:00,5.701538,-4.9480133
2025-07-09 02:00:00,5.931183,-5.552765
2025-07-09 03:00:00,6.4486084,-5.720566
2025-07-09 04:00:00,7.3944397,-6.2375946
2025-07-09 05:00:00,7.8210907,-6.5021057
2025-07-09 06:00:00,7.995178,-6.610733
2025-07-09 07:00:00,8.040466,-6.623993
2025-07-09 08:00:00,8.143387,-6.924988
2025-07-09 09:00:00,8.275589,-7.4703217
2025-07-09 10:00:00,7.4056854,-7.5659637
2025-07-09 11:00:00,7.570801,-7.732773
2025-07-09 12:00:00,7.741226,-7.346512
2025-07-09 13:00:00,8.007843,-7.0331116
2025-07-09 14:00:00,8.399826,-6.9300537
2025-07-09 15:00:00,8.68927,-6.874695
2025-07-09 16:00:00,8.597885,-6.6454926
2025-07-09 17:00:00,8.162201,-6.7516937
2025-07-09 18:00:00,7.2660065,-7.2725677
2025-07-09 19:00:00,5.044739,-7.609543
2025-07-09 20:00:00,1.75531,-6.8708496
2025-07-09 21:00:00,-1.9968262,-5.168625
2025-07-09 22:00:00,-5.1774445,-3.4759827
2025-07-09 23:00:00,-6.235016,-2.6520233
2025-07-10 00:00:00,-5.9690704,-2.739563
2025-07-10 01:00:00,-5.426956,-3.0481415
2025-07-10 02:00:00,-4.8746033,-3.2593384
2025-07-10 03:00:00,-4.413513,-3.4474182
2025-07-10 04:00:00,-4.10997,-3.4476318
2025-07-10 05:00:00,-3.7378998,-3.0098267
2025-07-10 06:00:00,-3.2892456,-2.5657196
2025-07-10 07:00:00,-2.4849548,-2.3917694
2025-07-10 08:00:00,-1.7961578,-2.1865692
2025-07-10 09:00:00,-1.3929291,-1.8101349
2025-07-10 10:00:00,-0.9073944,-1.91008
2025-07-10 11:00:00,-0.34448242,-1.9027252
2025-07-10 12:00:00,0.31808472,-1.9005585
2025-07-10 13:00:00,0.91030884,-2.048523
2025-07-10 14:00:00,1.7518463,-2.32576
2025-07-10 15:00:00,2.6269836,-2.9186707
2025-07-10 16:00:00,2.9091187,-3.2299805
2025-07-10 17:00:00,2.744217,-3.2569733
2025-07-10 18:00:00,2.524231,-2.8946533
2025-07-10 19:00:00,2.4629211,-2.374878
2025-07-10 20:00:00,2.5710144,-1.7093506
2025-07-10 21:00:00,3.1555634,-0.9643707
2025-07-10 22:00:00,3.941162,-0.7580414
2025-07-10 23:00:00,5.066086,-0.49371338
2025-07-11 00:00:00,5.6770935,-0.9449158
2025-07-11 01:00:00,5.537903,-1.8585358
2025-07-11 02:00:00,5.048111,-2.5603943
2025-07-11 03:00:00,4.482193,-3.096115
2025-07-11 04:00:00,3.7254486,-3.3685913
2025-07-11 05:00:00,2.7580261,-3.281479
2025-07-11 06:00:00,1.6142426,-2.9750214
2025-07-11 07:00:00,0.81536865,-2.6437378
2025-07-11 08:00:00,0.38905334,-2.24292
2025-07-11 09:00:00,0.27648926,-2.17807
2025-07-11 10:00:00,-1.5930023,-2.5933533
2025-07-11 11:00:00,-2.373703,-2.1619263
2025-07-11 12:00:00,-2.7516937,-1.7444916
2025-07-11 13:00:00,-2.882187,-1.3115387
2025-07-11 14:00:00,-2.9172516,-1.1501007
2025-07-11 15:00:00,-2.7885132,-0.87690735
2025-07-11 16:00:00,-2.679779,-0.49661255
2025-07-11 17:00:00,-2.40654,-0.32104492
2025-07-11 18:00:00,-2.1136017,-0.094833374
2025-07-11 19:00:00,-1.6635742,-0.030761719
2025-07-11 20:00:00,-1.3643799,-0.26634216
2025-07-11 21:00:00,-1.1249084,-0.7355499
2025-07-11 22:00:00,-1.2501373,-1.1081848
2025-07-11 23:00:00,-1.7569122,-1.4150696
2025-07-12 00:00:00,-2.4745483,-1.3894806
2025-07-12 01:00:00,-3.0264282,-0.983078
2025-07-12 02:00:00,-3.3409576,-0.41056824
2025-07-12 03:00:00,-3.4486542,0.30065918
2025-07-12 04:00:00,-3.1789093,0.9285736
2025-07-12 05:00:00,-2.7808838,1.4425507
2025-07-12 06:00:00,-2.394287,1.9691925
2025-07-12 07:00:00,-1.9916077,2.477234
2025-07-12 08:00:00,-1.5620117,2.734558
2025-07-12 09:00:00,-1.2324371,2.7943726
2025-07-12 10:00:00,-0.934906,2.584549
2025-07-12 11:00:00,-0.49308777,2.57193
2025-07-12 12:00:00,-0.25254822,2.6165314
2025-07-12 13:00:00,0.0539093,2.7746887
2025-07-12 14:00:00,0.45762634,2.9181213
2025-07-12 15:00:00,0.83309937,2.6973114
2025-07-12 16:00:00,0.862854,2.2128754
2025-07-12 17:00:00,0.7289734,1.7419128
2025-07-12 18:00:00,0.3959198,1.2977905
2025-07-12 19:00:00,-0.7160797,1.3979797
2025-07-12 20:00:00,-1.2696075,1.8054352
2025-07-12 21:00:00,-1.1863861,2.5069733
2025-07-12 22:00:00,-1.0128784,3.2180176
2025-07-12 23:00:00,-0.596405,3.8929749
2025-07-13 00:00:00,-0.07815552,3.6492767
2025-07-13 01:00:00,0.15159607,2.9966278
2025-07-13 02:00:00,-0.096725464,3.0491028
2025-07-13 03:00:00,-0.21784973,3.4282837
2025-07-13 04:00:00,-0.29618835,3.61586
2025-07-13 05:00:00,-0.27218628,3.6876678
2025-07-13 06:00:00,-0.17095947,3.8776245
2025-07-13 07:00:00,-0.09150696,4.059189
2025-07-13 08:00:00,-0.06929016,4.3259277
2025-07-13 09:00:00,0.03010559,4.7698517
2025-07-13 10:00:00,-0.3708191,4.866562
2025-07-13 11:00:00,0.23130798,5.236511
2025-07-13 12:00:00,0.9312744,5.3774414
2025-07-13 13:00:00,1.4281769,5.091675
2025-07-13 14:00:00,1.7828522,4.50943
2025-07-13 15:00:00,2.0239258,3.531952
2025-07-13 16:00:00,1.5766296,3.1651306
2025-07-13 17:00:00,1.2756348,3.6032867
2025-07-13 18:00:00,1.586029,3.6276245
2025-07-13 19:00:00,1.9281464,3.049591
2025-07-13 20:00:00,1.4450531,3.4544373
2025-07-13 21:00:00,1.1290741,4.0923615
2025-07-13 22:00:00,1.3160248,4.3598175
2025-07-13 23:00:00,1.8791046,4.1482697
2025-07-14 00:00:00,2.5176697,3.5325775
2025-07-14 01:00:00,3.6313782,1.7647552
2025-07-14 02:00:00,3.1896667,0.9393616
2025-07-14 03:00:00,2.747879,1.5867004
2025-07-14 04:00:00,3.1067505,2.1202393
2025-07-14 05:00:00,3.6359253,2.4649658
2025-07-14 06:00:00,3.9934387,1.9801025
2025-07-14 07:00:00,4.0045013,0.7351074
2025-07-14 08:00:00,3.6460724,-0.10481262
2025-07-14 09:00:00,3.292221,-0.18348694
2025-07-14 10:00:00,2.5882568,-0.06222534
2025-07-14 11:00:00,3.085678,0.11882019
2025-07-14 12:00:00,3.5304718,0.31608582
2025-07-14 13:00:00,3.8707123,0.8858948
2025-07-14 14:00:00,4.4959106,1.4910736
2025-07-14 15:00:00,5.7417603,1.7128601
2025-07-14 16:00:00,7.2134857,1.4125366
2025-07-14 17:00:00,8.343643,-0.024246216
2025-07-14 18:00:00,8.568192,-2.18367
2025-07-14 19:00:00,8.1922455,-3.9183807
2025-07-14 20:00:00,8.02298,-5.041733
2025-07-14 21:00:00,7.914139,-6.1651
2025-07-14 22:00:00,5.634506,-7.167755
2025-07-14 23:00:00,2.685669,-8.0329895
2025-07-15 00:00:00,-1.5392456,-7.6849823
2025-07-15 01:00:00,-4.797806,-6.296341
2025-07-15 02:00:00,-5.1602325,-5.229492
2025-07-15 03:00:00,-4.1036377,-5.0535736
2025-07-15 04:00:00,-3.079422,-4.997238
2025-07-15 05:00:00,-2.0475159,-4.9922943
2025-07-15 06:00:00,-0.508255,-5.125534
2025-07-15 07:00:00,1.1256104,-5.285431
2025-07-15 08:00:00,1.6165466,-4.790695
2025-07-15 09:00:00,1.148346,-3.8397217
2025-07-15 10:00:00,0.35113525,-3.107895
2025-07-15 11:00:00,0.54125977,-1.8947906
2025-07-15 12:00:00,1.178833,-1.1155853
2025-07-15 13:00:00,2.264267,-0.89964294
2025-07-15 14:00:00,3.5486298,-0.73695374
2025-07-15 15:00:00,4.762329,-0.6894989
2025-07-15 16:00:00,5.421982,-0.90553284
2025-07-15 17:00:00,5.4754486,-0.9123993
2025-07-15 18:00:00,5.56723,-0.4603424
2025-07-15 19:00:00,5.6840973,-0.32551575
2025-07-15 20:00:00,5.1628113,-1.5405579
2025-07-15 21:00:00,3.645935,-3.6024475
2025-07-15 22:00:00,0.9073639,-3.787201
2025-07-15 23:00:00,-0.8288574,-3.5897522
2025-07-16 00:00:00,-1.6993561,-3.1803894
2025-07-16 01:00:00,-1.6228943,-2.882019
2025-07-16 02:00:00,-0.8567352,-3.0341034
2025-07-16 03:00:00,-0.15312195,-3.436386
2025-07-16 04:00:00,0.16410828,-3.6036377
2025-07-16 05:00:00,0.2300415,-3.2815552
2025-07-16 06:00:00,0.38458252,-2.9123383
2025-07-16 07:00:00,0.77386475,-2.7543945
2025-07-16 08:00:00,1.155838,-2.5032043
2025-07-16 09:00:00,1.7210846,-2.41893
2025-07-16 10:00:00,2.0765839,-2.4176025
2025-07-16 11:00:00,2.3685608,-1.9914703
2025-07-16 12:00:00,2.637497,-1.6789856
2025-07-16 13:00:00,3.0090027,-1.8372803
2025-07-16 14:00:00,3.0938873,-1.6921082
2025-07-16 15:00:00,3.1109772,-1.3340149
2025-07-16 16:00:00,3.2799683,-0.8791199
2025-07-16 17:00:00,3.9840546,-0.4147339
2025-07-16 18:00:00,4.979126,-0.64656067
2025-07-16 19:00:00,5.5704346,-0.9850006
2025-07-16 20:00:00,6.145218,-1.1146545
2025-07-16 21:00:00,6.873413,-1.3774109
2025-07-16 22:00:00,6.367035,-1.7247925
2025-07-16 23:00:00,6.2309875,-1.9298248
2025-07-17 00:00:00,6.176056,-2.4602203
2025-07-17 01:00:00,6.3087463,-3.1826935
2025-07-17 02:00:00,6.216614,-4.259674
2025-07-17 03:00:00,5.898697,-5.1726074
2025-07-17 04:00:00,5.7496185,-5.639267
2025-07-17 05:00:00,6.2617493,-5.9389954
2025-07-17 06:00:00,6.857605,-6.2046814
2025-07-17 07:00:00,6.9769897,-5.9682007
2025-07-17 08:00:00,7.091385,-5.16304
2025-07-17 09:00:00,7.6982117,-4.685089
2025-07-17 10:00:00,8.190399,-5.22641
2025-07-17 11:00:00,8.199417,-5.0162354
2025-07-17 12:00:00,8.17511,-4.5954437
2025-07-17 13:00:00,8.322235,-3.982315
2025-07-17 14:00:00,8.437714,-3.6008148
2025-07-17 15:00:00,8.560883,-3.380188
2025-07-17 16:00:00,8.899475,-3.138855
2025-07-17 17:00:00,8.96965,-3.090088
2025-07-17 18:00:00,8.643295,-3.2458038
2025-07-17 19:00:00,8.087112,-3.2421112
2025-07-17 20:00:00,7.576721,-2.958252
2025-07-17 21:00:00,7.357376,-2.5985107
2025-07-17 22:00:00,7.3456726,-2.3351746
2025-07-17 23:00:00,7.7695312,-2.4709625
2025-07-18 00:00:00,8.234116,-3.370575
2025-07-18 01:00:00,8.613403,-4.201065
2025-07-18 02:00:00,8.746521,-4.598755
2025-07-18 03:00:00,8.729797,-4.8296204
2025-07-18 04:00:00,8.511551,-4.8329315
2025-07-18 05:00:00,8.157181,-4.545578
2025-07-18 06:00:00,7.7407074,-4.238907
2025-07-18 07:00:00,7.2708893,-3.9534302
2025-07-18 08:00:00,6.7561035,-3.5702667
2025-07-18 09:00:00,6.639969,-3.1458435
2025-07-18 10:00:00,5.148941,-3.3997955
2025-07-18 11:00:00,4.901123,-3.0242615
2025-07-18 12:00:00,4.526306,-2.7631378
2025-07-18 13:00:00,4.1432953,-2.7917175
2025-07-18 14:00:00,3.6677856,-3.0395203
2025-07-18 15:00:00,2.995758,-3.2224731
2025-07-18 16:00:00,2.3669128,-3.2397766
2025-07-18 17:00:00,1.9695282,-3.3824615
2025-07-18 18:00:00,1.2773895,-3.61232
2025-07-18 19:00:00,0.4552307,-3.7712097
2025-07-18 20:00:00,-0.35398865,-3.7784424
2025-07-18 21:00:00,-1.0401611,-3.7322845
2025-07-18 22:00:00,-1.1448822,-3.7155914
2025-07-18 23:00:00,-1.8262024,-3.2879028
2025-07-19 00:00:00,-2.0973358,-2.9201508
2025-07-19 01:00:00,-2.1477203,-2.85495
2025-07-19 02:00:00,-2.219101,-2.89122
2025-07-19 03:00:00,-2.318863,-3.295807
2025-07-19 04:00:00,-2.4881134,-3.6965942
2025-07-19 05:00:00,-2.621292,-3.6576996
2025-07-19 06:00:00,-2.7646332,-3.2522583
2025-07-19 07:00:00,-2.722763,-2.6400604
2025-07-19 08:00:00,-2.4796906,-2.0830078
2025-07-19 09:00:00,-2.0986328,-1.6457672
2025-07-19 10:00:00,-2.4735413,-1.7669373
2025-07-19 11:00:00,-1.9867554,-1.2574158
2025-07-19 12:00:00,-1.6013336,-1.0451508
2025-07-19 13:00:00,-1.4557495,-0.7622833
2025-07-19 14:00:00,-1.473114,-0.4532776
2025-07-19 15:00:00,-1.2730713,-0.2258606
2025-07-19 16:00:00,-1.2097626,-0.10777283
2025-07-19 17:00:00,-1.2107697,0.36839294
2025-07-19 18:00:00,-1.102478,1.1325226
2025-07-19 19:00:00,-0.40715027,1.4933777
2025-07-19 20:00:00,0.38764954,1.3126221
2025-07-19 21:00:00,0.55152893,1.0736694
2025-07-19 22:00:00,0.19421387,1.0310822
2025-07-19 23:00:00,0.22547913,1.1584167
2025-07-20 00:00:00,0.63931274,1.0516815
2025-07-20 01:00:00,0.8840332,1.4771118
2025-07-20 02:00:00,1.0490723,2.0821075
2025-07-20 03:00:00,1.7896729,1.875061
2025-07-20 04:00:00,2.4027863,1.3301392
2025-07-20 05:00:00,2.7448273,1.0450287
2025-07-20 06:00:00,2.8496552,1.2644501
2025-07-20 07:00:00,3.1520386,1.5218506
2025-07-20 08:00:00,3.2754974,1.6141663
2025-07-20 09:00:00,2.9948883,1.6231842
2025-07-20 10:00:00,2.4151306,1.0372925
2025-07-20 11:00:00,2.1640778,1.3775024
2025-07-20 12:00:00,2.213379,1.9310608
2025-07-20 13:00:00,2.3759308,2.3970337
2025-07-20 14:00:00,2.592575,2.8715668
2025-07-20 15:00:00,2.5401306,3.3084412
2025-07-20 16:00:00,2.2289581,3.5112762
2025-07-20 17:00:00,2.0779877,3.4550323
2025-07-20 18:00:00,2.2360992,3.2377625
2025-07-20 19:00:00,2.492859,3.0771942
2025-07-20 20:00:00,2.762558,2.605835
2025-07-20 21:00:00,2.7065887,2.283249
2025-07-20 22:00:00,2.3770905,2.2387695
2025-07-20 23:00:00,2.5919342,3.0160828
2025-07-21 00:00:00,2.8686066,3.1617737
2025-07-21 01:00:00,3.0051117,2.9707031
2025-07-21 02:00:00,3.1287231,2.5210114
2025-07-21 03:00:00,2.955841,2.0467377
2025-07-21 04:00:00,2.3632507,2.1789856
2025-07-21 05:00:00,2.046692,2.7820435
2025-07-21 06:00:00,2.1288147,3.1994781
2025-07-21 07:00:00,2.6641083,3.4736328
2025-07-21 08:00:00,3.2502594,3.4225616
2025-07-21 09:00:00,3.6496887,3.277298
2025-07-21 10:00:00,2.9391785,2.8517914
2025-07-21 11:00:00,2.743332,3.3505096
2025-07-21 12:00:00,2.5427704,3.9210968
2025-07-21 13:00:00,2.3759003,4.470215
2025-07-21 14:00:00,2.3616028,4.582184
2025-07-21 15:00:00,2.5052795,4.117462
2025-07-21 16:00:00,2.7979736,3.4077454
2025-07-21 17:00:00,3.2956085,3.5673676
2025-07-21 18:00:00,4.2920227,4.1430664
2025-07-21 19:00:00,5.1851807,3.4916077
2025-07-21 20:00:00,5.0569305,1.8673401
2025-07-21 21:00:00,4.335388,1.6190491
2025-07-21 22:00:00,3.6420746,2.3667755
2025-07-21 23:00:00,4.1983337,2.373993
2025-07-22 00:00:00,4.7687073,1.4373169
2025-07-22 01:00:00,5.0184784,0.847702
2025-07-22 02:00:00,5.3534393,0.8058319
2025-07-22 03:00:00,5.4428406,0.9319458
2025-07-22 04:00:00,5.647232,0.60087585
2025-07-22 05:00:00,6.713928,-1.821991
2025-07-22 06:00:00,6.166397,-3.0499725
2025-07-22 07:00:00,5.4076996,-3.1750488
2025-07-22 08:00:00,5.207382,-3.0940704
2025-07-22 09:00:00,5.1139984,-3.0115051
2025-07-22 10:00:00,4.257889,-2.549057
2025-07-22 11:00:00,5.055847,-2.6592712
2025-07-22 12:00:00,6.0418396,-2.858612
2025-07-22 13:00:00,6.899246,-3.1028595
2025-07-22 14:00:00,7.464569,-3.5065155
2025-07-22 15:00:00,7.7804413,-3.8000488
2025-07-22 16:00:00,8.131485,-4.1072235
2025-07-22 17:00:00,8.409561,-4.4336395
2025-07-22 18:00:00,8.604385,-4.9575806
2025-07-22 19:00:00,8.549118,-5.4115295
2025-07-22 20:00:00,8.182571,-5.8617096
2025-07-22 21:00:00,7.825699,-6.3932037
2025-07-22 22:00:00,6.4009094,-6.652542
2025-07-22 23:00:00,4.65683,-6.688492
2025-07-23 00:00:00,2.9984741,-6.3460693
2025-07-23 01:00:00,1.8222351,-5.776108
2025-07-23 02:00:00,1.0737152,-5.096588
2025-07-23 03:00:00,0.20954895,-4.8143463
2025-07-23 04:00:00,-1.0707397,-3.854828
2025-07-23 05:00:00,-2.112442,-2.5671997
2025-07-23 06:00:00,-2.338974,-1.9893036
2025-07-23 07:00:00,-2.3075104,-1.7519531
2025-07-23 08:00:00,-2.2597961,-1.3944702
2025-07-23 09:00:00,-2.0555573,-1.4241333
2025-07-23 10:00:00,-2.9865875,-1.5803833
2025-07-23 11:00:00,-2.6406708,-1.2218018
2025-07-23 12:00:00,-2.1560974,-0.50239563
2025-07-23 13:00:00,-1.7241974,0.45484924
2025-07-23 14:00:00,-1.1195068,1.5110931
2025-07-23 15:00:00,-0.16035461,1.954956
2025-07-23 16:00:00,0.47434998,2.0469666
2025-07-23 17:00:00,0.9441986,1.943222
2025-07-23 18:00:00,1.1096191,1.4269714
2025-07-23 19:00:00,1.0637207,0.8414459
2025-07-23 20:00:00,1.0279236,0.44805908
2025-07-23 21:00:00,1.1095581,0.42530823
2025-07-23 22:00:00,1.2245941,0.9135132
2025-07-23 23:00:00,2.1852264,0.9458771
2025-07-24 00:00:00,2.8956604,0.6657562
2025-07-24 01:00:00,2.3886414,0.91464233
2025-07-24 02:00:00,1.6218872,1.6079407
2025-07-24 03:00:00,1.4751129,2.0135498
2025-07-24 04:00:00,1.6287842,2.1710052
2025-07-24 05:00:00,2.098587,2.3567352
2025-07-24 06:00:00,2.7035828,2.1232758
2025-07-24 07:00:00,3.587204,0.93470764
2025-07-24 08:00:00,4.3044434,-0.9892273
2025-07-24 09:00:00,3.6222382,-1.4820404
2025-07-24 10:00:00,1.2421112,-0.5814667
2025-07-24 11:00:00,0.77256775,0.47727966
2025-07-24 12:00:00,0.50883484,0.86968994
2025-07-24 13:00:00,0.42085266,0.69078064
2025-07-24 14:00:00,0.26358032,0.99256897
2025-07-24 15:00:00,0.3049469,1.6904297
2025-07-24 16:00:00,0.43572998,2.1614838
2025-07-24 17:00:00,0.35327148,2.3823242
2025-07-24 18:00:00,0.24494934,2.318344
2025-07-24 19:00:00,-0.2956543,2.0791473
2025-07-24 20:00:00,-0.9145508,1.8428345
2025-07-24 21:00:00,-0.9185333,1.4232483
2025-07-24 22:00:00,-0.19500732,1.598053
2025-07-24 23:00:00,0.7422333,0.8631134
2025-07-25 00:00:00,1.00383,-0.5075226
2025-07-25 01:00:00,0.37948608,-0.9744415
2025-07-25 02:00:00,-0.38121033,-0.10520935
2025-07-25 03:00:00,-0.8894043,1.2933044
2025-07-25 04:00:00,-0.9361725,2.5394745
2025-07-25 05:00:00,-0.8660126,3.68367
2025-07-25 06:00:00,-0.49951172,4.5378113
2025-07-25 07:00:00,0.8386383,4.822113
2025-07-25 08:00:00,2.8189697,4.353195
2025-07-25 09:00:00,4.1479645,3.5300446
2025-07-25 10:00:00,3.257309,1.2551117
2025-07-25 11:00:00,2.5491333,0.611496
2025-07-25 12:00:00,1.7670288,0.920166
2025-07-25 13:00:00,1.0004272,1.6673737
2025-07-25 14:00:00,-0.52679443,1.4837952
2025-07-25 15:00:00,-3.0329285,0.9138489
2025-07-25 16:00:00,-4.661026,1.622055
2025-07-25 17:00:00,-4.937195,2.9696198
2025-07-25 18:00:00,-4.711563,4.101349
2025-07-25 19:00:00,-4.0528564,5.148346
2025-07-25 20:00:00,-3.1364746,5.937958
2025-07-25 21:00:00,-2.4694214,6.5963593
2025-07-25 22:00:00,-1.8775787,7.4345093
2025-07-25 23:00:00,-2.3726196,7.5490265
2025-07-26 00:00:00,-1.9996033,6.845688
2025-07-26 01:00:00,-0.12947083,4.135849
2025-07-26 02:00:00,6.3868256,-2.2169495
2025-07-26 03:00:00,5.0737305,-4.010071
2025-07-26 04:00:00,2.6096497,-2.9976654
2025-07-26 05:00:00,1.955307,-2.5290222
2025-07-26 06:00:00,1.1638336,-2.228241
2025-07-26 07:00:00,0.19537354,-1.6560211
2025-07-26 08:00:00,-0.5352783,-0.81533813
2025-07-26 09:00:00,-1.1087189,0.43225098
2025-07-26 10:00:00,-2.4110107,2.6169434
2025-07-26 11:00:00,-1.1053925,3.370987
2025-07-26 12:00:00,2.4085388,2.4996185
2025-07-26 13:00:00,4.3130035,0.9925232
2025-07-26 14:00:00,4.79335,-0.31471252
2025-07-26 15:00:00,6.05101,-2.9684143
2025-07-26 16:00:00,6.4321136,-5.4552155
2025-07-26 17:00:00,6.659134,-6.315262
2025-07-26 18:00:00,7.8123016,-6.5122375
2025-07-26 19:00:00,9.793335,-7.520981
2025-07-26 20:00:00,10.859192,-9.438248
2025-07-26 21:00:00,10.758148,-10.805801
2025-07-26 22:00:00,10.6298065,-11.100067
2025-07-26 23:00:00,9.978455,-10.893509
2025-07-27 00:00:00,9.934784,-10.756546
2025-07-27 01:00:00,9.755707,-10.720306
2025-07-27 02:00:00,9.619308,-10.54393
2025-07-27 03:00:00,9.565933,-10.25946
2025-07-27 04:00:00,9.432632,-10.046356
2025-07-27 05:00:00,9.243301,-10.06102
2025-07-27 06:00:00,9.017761,-10.020523
2025-07-27 07:00:00,9.028381,-9.436447
2025-07-27 08:00:00,9.191803,-8.878342
2025-07-27 09:00:00,9.444641,-8.517563
2025-07-27 10:00:00,8.763489,-7.314514
2025-07-27 11:00:00,9.784317,-6.673752
2025-07-27 12:00:00,10.214783,-6.3177795
2025-07-27 13:00:00,10.291046,-6.390396
2025-07-27 14:00:00,10.160629,-6.6224213
2025-07-27 15:00:00,10.17099,-6.7113495
2025-07-27 16:00:00,10.184555,-6.5832214
2025-07-27 17:00:00,10.56749,-6.927246
2025-07-27 18:00:00,10.809509,-7.817398
2025-07-27 19:00:00,10.701569,-8.750595
2025-07-27 20:00:00,10.576233,-9.5768585
2025-07-27 21:00:00,10.330688,-10.105606
2025-07-27 22:00:00,9.583527,-10.091171
2025-07-27 23:00:00,9.148987,-9.718674
2025-07-28 00:00:00,9.295837,-9.630249
2025-07-28 01:00:00,9.165375,-9.366669
2025-07-28 02:00:00,8.419022,-8.264847
2025-07-28 03:00:00,8.572449,-7.386978
2025-07-28 04:00:00,8.764053,-6.774704
2025-07-28 05:00:00,9.099121,-6.7060547
2025-07-28 06:00:00,9.242447,-6.2269287
2025-07-28 07:00:00,9.631714,-5.876541
2025-07-28 08:00:00,10.117523,-5.7048645
2025-07-28 09:00:00,10.759689,-6.1232758
2025-07-28 10:00:00,10.534683,-5.3251343
2025-07-28 11:00:00,11.423645,-5.3135834
2025-07-28 12:00:00,11.88562,-5.7167816
2025-07-28 13:00:00,12.232178,-5.559952
2025-07-28 14:00:00,12.648468,-5.727188
2025-07-28 15:00:00,13.101578,-6.114441
2025-07-28 16:00:00,13.335098,-6.375534
2025-07-28 17:00:00,13.491913,-6.4477386
2025-07-28 18:00:00,13.363678,-7.2401733
2025-07-28 19:00:00,12.48822,-8.325653
2025-07-28 20:00:00,11.348297,-8.89415
2025-07-28 21:00:00,10.725708,-8.987656
2025-07-28 22:00:00,10.320328,-8.925461
2025-07-28 23:00:00,10.076309,-7.905792
2025-07-29 00:00:00,10.348099,-7.237137
2025-07-29 01:00:00,10.982101,-7.1335907
2025-07-29 02:00:00,11.695648,-7.3364563
2025-07-29 03:00:00,12.066116,-7.6072845
2025-07-29 04:00:00,12.187027,-7.817276
2025-07-29 05:00:00,12.382492,-7.8192444
2025-07-29 06:00:00,12.1922455,-7.453949
2025-07-29 07:00:00,11.680359,-7.279831
2025-07-29 08:00:00,11.059753,-7.1440125
2025-07-29 09:00:00,10.724991,-7.0960693
2025-07-29 10:00:00,9.092026,-6.493637
2025-07-29 11:00:00,9.687042,-5.868759
2025-07-29 12:00:00,10.214569,-5.620514
2025-07-29 13:00:00,10.491074,-5.59552
2025-07-29 14:00:00,10.6371155,-5.407608
2025-07-29 15:00:00,10.951279,-5.3141937
2025-07-29 16:00:00,11.334503,-5.812149
2025-07-29 17:00:00,11.526459,-6.335556
2025-07-29 18:00:00,11.30574,-6.7159576
2025-07-29 19:00:00,10.95871,-7.2480927
2025-07-29 20:00:00,10.366409,-7.755005
2025-07-29 21:00:00,9.535843,-8.393051
2025-07-29 22:00:00,7.61232,-8.973434
2025-07-29 23:00:00,6.6451416,-9.145035
2025-07-30 00:00:00,5.9033813,-9.070038
2025-07-30 01:00:00,5.562683,-8.309494
2025-07-30 02:00:00,5.54599,-7.6413727
2025-07-30 03:00:00,5.6967163,-7.352478
2025-07-30 04:00:00,5.5081787,-7.2387695
2025-07-30 05:00:00,5.166641,-6.902527
2025-07-30 06:00:00,4.823639,-6.056671
2025-07-30 07:00:00,4.8280487,-5.305664
2025-07-30 08:00:00,4.9649353,-4.7047577
2025-07-30 09:00:00,5.2213135,-4.3257446
2025-07-30 10:00:00,4.671921,-4.244919
2025-07-30 11:00:00,5.305847,-3.9811096
2025-07-30 12:00:00,5.8309784,-3.9300995
2025-07-30 13:00:00,6.139969,-3.9292755
2025-07-30 14:00:00,6.3808136,-4.083603
2025-07-30 15:00:00,6.4207916,-4.3969116
2025-07-30 16:00:00,6.380722,-4.828476
2025-07-30 17:00:00,6.332733,-4.8216095
2025-07-30 18:00:00,6.3642426,-4.353073
2025-07-30 19:00:00,6.113632,-3.67482
2025-07-30 20:00:00,5.8266144,-3.0631866
2025-07-30 21:00:00,5.7667084,-2.5652618
2025-07-30 22:00:00,5.92041,-2.0365753
2025-07-30 23:00:00,6.654007,-2.0939026
2025-07-31 00:00:00,7.675308,-2.5106049
2025-07-31 01:00:00,8.265533,-3.1239777
2025-07-31 02:00:00,8.348068,-4.0131226
2025-07-31 03:00:00,8.0401,-4.7055817
2025-07-31 04:00:00,7.5390167,-5.196945
2025-07-31 05:00:00,7.0415497,-5.542877
2025-07-31 06:00:00,6.464081,-5.7762756
2025-07-31 07:00:00,5.8365173,-5.975113
2025-07-31 08:00:00,5.34581,-5.9085083
2025-07-31 09:00:00,5.1558685,-5.781784
2025-07-31 10:00:00,3.730713,-5.089905
2025-07-31 11:00:00,4.508911,-4.9136963
2025-07-31 12:00:00,5.2277985,-5.288986
2025-07-31 13:00:00,5.5471954,-5.662384
2025-07-31 14:00:00,5.556717,-5.8052216
2025-07-31 15:00:00,5.7599945,-5.649933
2025-07-31 16:00:00,5.9475403,-5.2571564
2025-07-31 17:00:00,5.928131,-4.6947327
2025-07-31 18:00:00,5.6744385,-4.356476
2025-07-31 19:00:00,5.173935,-4.2274475
2025-07-31 20:00:00,4.547882,-3.8766785
2025-07-31 21:00:00,4.160385,-3.0389557
2025-07-31 22:00:00,3.7644196,-1.9373474
2025-07-31 23:00:00,4.159729,-0.95028687
2025-08-01 00:00:00,5.0593567,-0.497406
2025-08-01 01:00:00,6.0723724,-0.636673
2025-08-01 02:00:00,6.5787964,-1.3527985
2025-08-01 03:00:00,6.451248,-2.0933838
2025-08-01 04:00:00,6.0169983,-2.6809235
2025-08-01 05:00:00,5.269806,-3.0209198
2025-08-01 06:00:00,4.272751,-3.2724457
2025-08-01 07:00:00,3.3384094,-3.2047882
2025-08-01 08:00:00,2.5854187,-2.9563446
2025-08-01 09:00:00,2.0305176,-2.4027863
2025-08-01 10:00:00,1.2805786,-1.8110046
2025-08-01 11:00:00,1.3427277,-1.2271271
2025-08-01 12:00:00,1.2123718,-0.77734375
2025-08-01 13:00:00,1.0104218,-0.4022827
2025-08-01 14:00:00,1.3386841,-0.12982178
2025-08-01 15:00:00,2.1150055,0.062698364
2025-08-01 16:00:00,2.3697357,-0.039779663
2025-08-01 17:00:00,2.5207367,-0.32411194
2025-08-01 18:00:00,2.4275513,-0.78515625
2025-08-01 19:00:00,1.650528,-0.7862854
2025-08-01 20:00:00,1.1806793,-0.42752075
2025-08-01 21:00:00,1.2882233,-0.23254395
2025-08-01 22:00:00,1.313385,-0.18431091
2025-08-01 23:00:00,1.4415894,-0.33322144
2025-08-02 00:00:00,1.6113586,-0.25378418
2025-08-02 01:00:00,1.2393494,-0.30792236
2025-08-02 02:00:00,0.894928,-0.7077484
2025-08-02 03:00:00,1.5094757,-0.947052
2025-08-02 04:00:00,1.7297363,-1.1101532
2025-08-02 05:00:00,2.092331,-1.4129333
2025-08-02 06:00:00,1.9660339,-1.5886993
2025-08-02 07:00:00,1.1571808,-1.2657623
2025-08-02 08:00:00,0.1579895,-0.32852173
2025-08-02 09:00:00,-0.34909058,1.1170807
2025-08-02 10:00:00,0.55578613,1.1250305
2025-08-02 11:00:00,1.2780609,1.7191467
2025-08-02 12:00:00,2.1528015,2.039444
2025-08-02 13:00:00,2.9939117,1.4928589
2025-08-02 14:00:00,3.7736206,0.34490967
2025-08-02 15:00:00,4.337631,-0.4908142
2025-08-02 16:00:00,4.2148285,-0.9829712
2025-08-02 17:00:00,3.9089355,-1.4610901
2025-08-02 18:00:00,3.6862946,-2.1200714
2025-08-02 19:00:00,3.3435822,-2.5036163
2025-08-02 20:00:00,3.1713104,-2.5493774
2025-08-02 21:00:00,3.3415527,-2.3092957
2025-08-02 22:00:00,3.6360626,-1.4303894
2025-08-02 23:00:00,3.91568,-1.2748413
2025-08-03 00:00:00,4.4491425,-1.5784302
2025-08-03 01:00:00,4.858551,-1.8099518
2025-08-03 02:00:00,5.187866,-1.9561768
2025-08-03 03:00:00,5.376877,-1.7996674
2025-08-03 04:00:00,5.335678,-1.5681
2025-08-03 05:00:00,5.6121826,-1.49646
2025-08-03 06:00:00,5.785553,-1.7936707
2025-08-03 07:00:00,5.489334,-2.114502
2025-08-03 08:00:00,5.4343567,-2.437378
2025-08-03 09:00:00,5.666443,-2.8432312
2025-08-03 10:00:00,4.841614,-3.2002869
2025-08-03 11:00:00,5.081253,-3.3828125
2025-08-03 12:00:00,4.6704254,-3.5678253
2025-08-03 13:00:00,4.4302216,-3.440628
2025-08-03 14:00:00,4.919281,-3.0494995
2025-08-03 15:00:00,5.770294,-2.5924225
2025-08-03 16:00:00,6.1264496,-2.3502808
2025-08-03 17:00:00,6.1806793,-2.8208313
2025-08-03 18:00:00,6.15007,-3.0147247
2025-08-03 19:00:00,6.589981,-2.4132538
2025-08-03 20:00:00,7.345627,-1.912796
2025-08-03 21:00:00,8.00061,-1.768692
2025-08-03 22:00:00,8.712997,-3.4054108
2025-08-03 23:00:00,8.433334,-4.1285706
2025-08-04 00:00:00,7.697159,-4.0876465
2025-08-04 01:00:00,7.1861877,-4.0115356
2025-08-04 02:00:00,7.2747955,-4.3773346
2025-08-04 03:00:00,7.4644623,-4.5194397
2025-08-04 04:00:00,7.6228333,-4.48053
2025-08-04 05:00:00,7.8674316,-4.747986
2025-08-04 06:00:00,8.234909,-4.655731
2025-08-04 07:00:00,8.57608,-4.499237
2025-08-04 08:00:00,8.668015,-4.838684
2025-08-04 09:00:00,8.334183,-4.631958
2025-08-04 10:00:00,7.2319794,-3.8780823
2025-08-04 11:00:00,7.142029,-3.5636292
2025-08-04 12:00:00,6.80571,-3.949707
2025-08-04 13:00:00,5.95636,-4.24617
2025-08-04 14:00:00,5.354828,-4.2539673
2025-08-04 15:00:00,5.366623,-4.6841736
2025-08-04 16:00:00,5.0392303,-4.8617706
2025-08-04 17:00:00,4.878952,-4.8843994
2025-08-04 18:00:00,4.865219,-4.510544
2025-08-04 19:00:00,5.438034,-5.0483246
2025-08-04 20:00:00,5.6839447,-5.7543945
2025-08-04 21:00:00,5.123352,-6.806732
2025-08-04 22:00:00,3.5879517,-9.056259
2025-08-04 23:00:00,2.0688477,-7.956955
2025-08-05 00:00:00,1.5457001,-6.777588
2025-08-05 01:00:00,1.2237854,-6.1218414
2025-08-05 02:00:00,0.49119568,-6.367386
2025-08-05 03:00:00,-0.71321106,-6.12059
2025-08-05 04:00:00,-1.701004,-5.0604095
2025-08-05 05:00:00,-2.2180328,-4.2076874
2025-08-05 06:00:00,-2.421646,-3.667282
2025-08-05 07:00:00,-2.1947174,-3.1853943
2025-08-05 08:00:00,-1.4579773,-2.7810822
2025-08-05 09:00:00,-0.4641571,-2.4833221
2025-08-05 10:00:00,0.0030670166,-2.9432373
2025-08-05 11:00:00,0.95726013,-2.7791443
2025-08-05 12:00:00,1.7868195,-2.1896973
2025-08-05 13:00:00,2.6701813,-2.163208
2025-08-05 14:00:00,3.4855042,-2.665985
2025-08-05 15:00:00,4.079361,-3.25029
2025-08-05 16:00:00,4.201584,-3.3764954
2025-08-05 17:00:00,4.122711,-3.1772156
2025-08-05 18:00:00,4.0978394,-3.061432
2025-08-05 19:00:00,4.0825653,-2.6326294
2025-08-05 20:00:00,4.111923,-1.7050323
2025-08-05 21:00:00,4.4698334,-0.6365967
2025-08-05 22:00:00,4.9976654,-1.1291504
2025-08-05 23:00:00,4.968628,-1.6266785
2025-08-06 00:00:00,4.2083435,-2.626709
2025-08-06 01:00:00,2.5973358,-3.6047974
2025-08-06 02:00:00,0.49014282,-3.964447
2025-08-06 03:00:00,-1.5438232,-3.6550903
2025-08-06 04:00:00,-3.0472717,-3.1049805
2025-08-06 05:00:00,-3.7103882,-2.794098
2025-08-06 06:00:00,-3.8876343,-2.556549
2025-08-06 07:00:00,-3.7398376,-2.6357727
2025-08-06 08:00:00,-3.315918,-2.7444
2025-08-06 09:00:00,-2.762497,-2.959671
2025-08-06 10:00:00,-3.2559662,-2.9118347
2025-08-06 11:00:00,-3.0575562,-2.8670807
2025-08-06 12:00:00,-2.586609,-2.568283
2025-08-06 13:00:00,-1.8677673,-2.4617462
2025-08-06 14:00:00,-1.0139313,-2.6313171
2025-08-06 15:00:00,-0.019989014,-2.9820557
2025-08-06 16:00:00,0.97294617,-2.9873047
2025-08-06 17:00:00,1.6859436,-2.878601
2025-08-06 18:00:00,1.9717255,-3.13385
2025-08-06 19:00:00,1.9073029,-3.7081451
2025-08-06 20:00:00,1.8313141,-3.7285461
2025-08-06 21:00:00,1.8734894,-3.014267
2025-08-06 22:00:00,1.2331238,-2.1008759
2025-08-06 23:00:00,1.5610199,-0.8202667
2025-08-07 00:00:00,1.8281555,-0.25248718
2025-08-07 01:00:00,2.2446136,-0.14250183
2025-08-07 02:00:00,2.633667,-0.30014038
2025-08-07 03:00:00,2.9563446,-0.51368713
2025-08-07 04:00:00,3.2809753,-0.8607788
2025-08-07 05:00:00,3.5260468,-1.4725647
2025-08-07 06:00:00,3.6303406,-2.075821
2025-08-07 07:00:00,3.4773407,-2.1869507
2025-08-07 08:00:00,3.2468414,-1.9985046
2025-08-07 09:00:00,2.8883057,-1.7240295
2025-08-07 10:00:00,1.3504333,-1.9440002
2025-08-07 11:00:00,0.9160309,-1.4970398
2025-08-07 12:00:00,0.9556732,-1.3220367
2025-08-07 13:00:00,1.0275574,-1.1771545
2025-08-07 14:00:00,1.1721344,-1.0350952
2025-08-07 15:00:00,1.427948,-0.9349823
2025-08-07 16:00:00,1.5421143,-1.0006409
2025-08-07 17:00:00,1.4777374,-1.4475098
2025-08-07 18:00:00,1.1505432,-1.858429
2025-08-07 19:00:00,0.6843567,-2.2429657
2025-08-07 20:00:00,0.34651184,-2.3889465
2025-08-07 21:00:00,0.26533508,-2.579773
2025-08-07 22:00:00,-0.041229248,-2.5104828
2025-08-07 23:00:00,-0.22518921,-2.0181274
2025-08-08 00:00:00,-0.28858948,-1.7073059
2025-08-08 01:00:00,-0.34152222,-1.7636414
2025-08-08 02:00:00,-0.30256653,-2.035843
2025-08-08 03:00:00,-0.42099,-2.5059052
2025-08-08 04:00:00,-0.86628723,-2.9086761
2025-08-08 05:00:00,-1.4560089,-3.2844696
2025-08-08 06:00:00,-1.7807465,-3.4099884
2025-08-08 07:00:00,-1.9485474,-3.5426483
2025-08-08 08:00:00,-1.9729309,-3.5011292
2025-08-08 09:00:00,-2.0720367,-3.2808075
2025-08-08 10:00:00,-2.3686523,-2.992813
2025-08-08 11:00:00,-2.4439392,-2.841034
2025-08-08 12:00:00,-2.5701904,-2.5498657
2025-08-08 13:00:00,-2.5656738,-2.535263
2025-08-08 14:00:00,-2.5093231,-2.4375305
2025-08-08 15:00:00,-2.1501465,-2.6097412
2025-08-08 16:00:00,-1.6456604,-2.6071472
2025-08-08 17:00:00,-1.1161957,-2.807785
2025-08-08 18:00:00,-0.40281677,-3.2016602
2025-08-08 19:00:00,0.3434143,-3.8453064
2025-08-08 20:00:00,1.1151428,-4.5850067
2025-08-08 21:00:00,1.6525421,-5.228714
2025-08-08 22:00:00,1.8170776,-5.2750854
2025-08-08 23:00:00,1.3750916,-5.740219
2025-08-09 00:00:00,0.6407776,-6.1436157
2025-08-09 01:00:00,-0.23252869,-6.588089
2025-08-09 02:00:00,-1.0953217,-6.7191467
2025-08-09 03:00:00,-1.842453,-6.3771667
2025-08-09 04:00:00,-2.2723541,-6.033478
2025-08-09 05:00:00,-2.464325,-5.692108
2025-08-09 06:00:00,-2.4680328,-5.612076
2025-08-09 07:00:00,-2.4703217,-5.685379
2025-08-09 08:00:00,-2.6107025,-5.8473053
2025-08-09 09:00:00,-2.8657074,-6.049469
2025-08-09 10:00:00,-3.3349915,-5.942932
2025-08-09 11:00:00,-3.9158783,-5.523697
2025-08-09 12:00:00,-4.048172,-5.1336823
2025-08-09 13:00:00,-3.817627,-4.7854156
2025-08-09 14:00:00,-3.7141724,-4.6957855
2025-08-09 15:00:00,-3.5045624,-4.7310486
2025-08-09 16:00:00,-3.2988129,-4.6403503
2025-08-09 17:00:00,-2.829544,-4.591263
2025-08-09 18:00:00,-2.203125,-4.500305
2025-08-09 19:00:00,-1.3848877,-4.905365
2025-08-09 20:00:00,-0.5204773,-5.6535797
2025-08-09 21:00:00,-0.03163147,-6.2097015
2025-08-09 22:00:00,0.13430786,-6.0335846
2025-08-09 23:00:00,0.06726074,-5.6501465
2025-08-10 00:00:00,-0.13763428,-5.1536865
2025-08-10 01:00:00,-0.34545898,-4.544388
2025-08-10 02:00:00,-0.37400818,-4.280945
2025-08-10 03:00:00,-0.49954224,-4.1322937
2025-08-10 04:00:00,-0.6130066,-4.1266327
2025-08-10 05:00:00,-0.6742554,-3.9738464
2025-08-10 06:00:00,-0.5387726,-3.7349243
2025-08-10 07:00:00,-0.5484009,-3.570816
2025-08-10 08:00:00,-0.582901,-3.313446
2025-08-10 09:00:00,-0.70251465,-3.066864
2025-08-10 10:00:00,-0.6335144,-2.767395
2025-08-10 11:00:00,-0.72224426,-2.4512787
2025-08-10 12:00:00,-0.34501648,-2.1043243
2025-08-10 13:00:00,0.30122375,-1.9387054
2025-08-10 14:00:00,0.94911194,-1.8196259
2025-08-10 15:00:00,1.6053009,-1.9107361
2025-08-10 16:00:00,1.9495392,-2.1566162
2025-08-10 17:00:00,2.0808716,-2.4435577
2025-08-10 18:00:00,2.0395813,-2.6571045
2025-08-10 19:00:00,2.0663757,-2.9360504
2025-08-10 20:00:00,1.945755,-3.04924
2025-08-10 21:00:00,1.7915192,-2.8078766
2025-08-10 22:00:00,1.4173431,-2.6193848
2025-08-10 23:00:00,1.2394714,-2.239334
2025-08-11 00:00:00,1.3128357,-2.2043
2025-08-11 01:00:00,1.376709,-2.2866669
2025-08-11 02:00:00,1.4686584,-2.5712738
2025-08-11 03:00:00,1.2723083,-2.7383728
2025-08-11 04:00:00,0.6218262,-2.8540955
2025-08-11 05:00:00,-0.20812988,-2.8550262
2025-08-11 06:00:00,-0.85440063,-2.738968
2025-08-11 07:00:00,-1.0419006,-2.4569092
2025-08-11 08:00:00,-0.97268677,-2.1746063
2025-08-11 09:00:00,-0.8072357,-1.7401581
2025-08-11 10:00:00,-0.35713196,-1.153717
2025-08-11 11:00:00,0.13975525,-0.8561249
2025-08-11 12:00:00,0.16741943,-0.75720215
2025-08-11 13:00:00,0.21965027,-0.8777313
2025-08-11 14:00:00,0.39279175,-1.0953369
2025-08-11 15:00:00,0.64190674,-1.2423706
2025-08-11 16:00:00,1.097992,-1.4567566
2025-08-11 17:00:00,1.5462646,-1.7916565
2025-08-11 18:00:00,2.085907,-2.2970886
2025-08-11 19:00:00,2.4458008,-2.7360382
2025-08-11 20:00:00,2.540268,-3.1057892
2025-08-11 21:00:00,2.3362732,-3.227829
2025-08-11 22:00:00,2.041748,-3.2333374
2025-08-11 23:00:00,1.7159882,-3.0590973
2025-08-12 00:00:00,1.125412,-3.0413055
2025-08-12 01:00:00,0.6191406,-2.7980042
2025-08-12 02:00:00,0.28520203,-2.4911652
2025-08-12 03:00:00,0.6626892,-2.1720886
2025-08-12 04:00:00,1.1012268,-2.1903076
2025-08-12 05:00:00,1.2448578,-2.4193115
2025-08-12 06:00:00,1.1086731,-2.606842
2025-08-12 07:00:00,1.1086426,-2.700531
2025-08-12 08:00:00,1.1759491,-2.793274
2025-08-12 09:00:00,1.2613068,-2.6897278
2025-08-12 10:00:00,1.2890472,-2.5174408
2025-08-12 11:00:00,1.0204926,-2.5809326
2025-08-12 12:00:00,0.6591034,-2.7142181
2025-08-12 13:00:00,0.34854126,-2.7216797
2025-08-12 14:00:00,0.220932,-2.5315552
2025-08-12 15:00:00,0.3556366,-2.4756317
2025-08-12 16:00:00,0.467453,-2.4734192
2025-08-12 17:00:00,0.59552,-2.54451
2025-08-12 18:00:00,0.5408783,-2.5043488
2025-08-12 19:00:00,0.55644226,-2.3436127
2025-08-12 20:00:00,1.0592041,-2.3240662
2025-08-12 21:00:00,1.938034,-2.6727448
2025-08-12 22:00:00,1.9116211,-3.0840302
2025-08-12 23:00:00,1.5698547,-3.6256256
2025-08-13 00:00:00,0.92329407,-3.8992767
2025-08-13 01:00:00,0.29348755,-3.7264252
2025-08-13 02:00:00,-0.22369385,-3.6208801
2025-08-13 03:00:00,-0.61021423,-3.477356
2025-08-13 04:00:00,-0.831192,-3.399414
2025-08-13 05:00:00,-0.8121643,-3.044571
2025-08-13 06:00:00,-0.5239105,-2.47612
2025-08-13 07:00:00,0.22972107,-1.968811
2025-08-13 08:00:00,1.2496185,-1.8696136
2025-08-13 09:00:00,1.9732056,-2.1566925
2025-08-13 10:00:00,1.0136414,-2.079132
2025-08-13 11:00:00,0.81295776,-2.1994019
2025-08-13 12:00:00,0.7534027,-2.2501373
2025-08-13 13:00:00,0.77420044,-2.2390594
2025-08-13 14:00:00,0.74383545,-2.4209747
2025-08-13 15:00:00,0.631546,-2.8586884
2025-08-13 16:00:00,0.27156067,-3.299942
2025-08-13 17:00:00,-0.0050964355,-3.9244385
2025-08-13 18:00:00,0.06893921,-4.5641785
2025-08-13 19:00:00,0.1508789,-4.9198
2025-08-13 20:00:00,0.14976501,-5.154953
2025-08-13 21:00:00,0.09692383,-5.1020355
2025-08-13 22:00:00,-0.31251526,-4.4498596
2025-08-13 23:00:00,-0.37425232,-4.326538
2025-08-14 00:00:00,-0.5587921,-4.4048157
2025-08-14 01:00:00,-0.9580078,-4.081009
2025-08-14 02:00:00,-1.3661194,-3.6083984
2025-08-14 03:00:00,-1.4214935,-3.0309906
2025-08-14 04:00:00,-1.3239441,-2.6613922
2025-08-14 05:00:00,-1.0201416,-2.3597107
2025-08-14 06:00:00,-0.71092224,-2.1360016
2025-08-14 07:00:00,-0.20309448,-1.8474884
2025-08-14 08:00:00,0.37695312,-1.7649536
2025-08-14 09:00:00,1.193985,-1.7014465
2025-08-14 10:00:00,1.7493896,-1.7350159
2025-08-14 11:00:00,2.157669,-1.7909088
2025-08-14 12:00:00,2.1875916,-2.0043335
2025-08-14 13:00:00,2.4492798,-2.2448883
2025-08-14 14:00:00,2.5800323,-2.4753723
2025-08-14 15:00:00,2.65802,-2.8942566
2025-08-14 16:00:00,2.3099365,-3.704773
2025-08-14 17:00:00,1.5390015,-4.1949615
2025-08-14 18:00:00,1.1873627,-3.79039
2025-08-14 19:00:00,0.69522095,-2.9137573
2025-08-14 20:00:00,0.26275635,-2.098526
2025-08-14 21:00:00,-0.043670654,-1.5293579
2025-08-14 22:00:00,-0.037353516,-1.223053
2025-08-14 23:00:00,0.108291626,-0.7639618
2025-08-15 00:00:00,0.50323486,-0.61325073
2025-08-15 01:00:00,0.89733887,-0.6408386
2025-08-15 02:00:00,1.2950745,-0.9039917
2025-08-15 03:00:00,1.582367,-1.1315002
2025-08-15 04:00:00,1.9097748,-1.1672058
2025-08-15 05:00:00,2.0503235,-1.1860046
2025-08-15 06:00:00,2.0318146,-1.118576
2025-08-15 07:00:00,1.9234619,-1.3738403
2025-08-15 08:00:00,1.73349,-1.7711029
2025-08-15 09:00:00,1.6057129,-1.8540039
2025-08-15 10:00:00,0.50686646,-0.5921936
2025-08-15 11:00:00,1.122345,-0.15673828
2025-08-15 12:00:00,1.7320862,-0.013046265
2025-08-15 13:00:00,2.204132,-0.40888977
2025-08-15 14:00:00,2.4215546,-0.8191223
2025-08-15 15:00:00,2.6986847,-1.1249847
2025-08-15 16:00:00,2.6185608,-1.7801361
2025-08-15 17:00:00,2.1386871,-2.88562
2025-08-15 18:00:00,1.2984161,-3.4631653
2025-08-15 19:00:00,0.52134705,-2.670105
2025-08-15 20:00:00,0.53474426,-1.2401123
2025-08-15 21:00:00,0.940094,-0.7040405
2025-08-15 22:00:00,1.113327,-0.7033386
2025-08-15 23:00:00,1.2409515,-0.8473358
2025-08-16 00:00:00,1.411789,-0.934906
2025-08-16 01:00:00,1.6213531,-1.1020203
2025-08-16 02:00:00,1.6736755,-1.6705322
2025-08-16 03:00:00,1.0440216,-2.0861053
2025-08-16 04:00:00,0.024871826,-2.0356598
2025-08-16 05:00:00,-0.59765625,-1.8208923
2025-08-16 06:00:00,-1.0327454,-1.2170715
2025-08-16 07:00:00,-1.3786774,-0.3396759
2025-08-16 08:00:00,-1.4232483,0.57865906
2025-08-16 09:00:00,-0.903183,1.4731293
2025-08-16 10:00:00,-1.9573059,0.35783386
2025-08-16 11:00:00,-0.7370148,1.1428986
2025-08-16 12:00:00,0.23060608,1.1943359
2025-08-16 13:00:00,0.8494415,0.72540283
2025-08-16 14:00:00,1.202774,-0.22491455
2025-08-16 15:00:00,1.2805939,-1.5457001
2025-08-16 16:00:00,0.54226685,-2.0674133
2025-08-16 17:00:00,-0.33081055,-2.5064087
2025-08-16 18:00:00,-0.9932709,-2.0544434
2025-08-16 19:00:00,-1.3959045,-1.895935
2025-08-16 20:00:00,-1.7434845,-1.8926697
2025-08-16 21:00:00,-2.1242676,-1.8096466
2025-08-16 22:00:00,-2.2209778,-1.7136383
2025-08-16 23:00:00,-2.1689606,-1.502533
2025-08-17 00:00:00,-2.0535278,-0.51109314
2025-08-17 01:00:00,-1.3311157,-0.36987305
2025-08-17 02:00:00,-0.7142334,-0.55744934
2025-08-17 03:00:00,0.30949402,-1.5550385
2025-08-17 04:00:00,1.4199829,-3.8849487
2025-08-17 05:00:00,0.93011475,-5.103073
2025-08-17 06:00:00,0.2966919,-4.762726
2025-08-17 07:00:00,0.07878113,-4.1585236
2025-08-17 08:00:00,-0.3542633,-3.5771027
2025-08-17 09:00:00,-0.969635,-2.589203
2025-08-17 10:00:00,-1.23349,-2.4294739
2025-08-17 11:00:00,-0.5780029,-1.3908539
2025-08-17 12:00:00,0.25982666,-0.5426483
2025-08-17 13:00:00,1.1102905,-0.49499512
2025-08-17 14:00:00,1.7231598,-0.7915344
2025-08-17 15:00:00,1.9102173,-1.6854401
2025-08-17 16:00:00,1.8395386,-2.2997894
2025-08-17 17:00:00,1.9626617,-3.0240936
2025-08-17 18:00:00,1.7744598,-3.3184662
2025-08-17 19:00:00,1.6783752,-2.8625488
2025-08-17 20:00:00,1.5700684,-2.5383606
2025-08-17 21:00:00,1.3863373,-2.0591125
2025-08-17 22:00:00,1.1039429,-1.547821
2025-08-17 23:00:00,1.2947693,-1.0000305
2025-08-18 00:00:00,1.8275146,-1.0469513
2025-08-18 01:00:00,2.2793121,-1.0269623
2025-08-18 02:00:00,2.7931366,-1.1482391
2025-08-18 03:00:00,3.1316223,-1.3833618
2025-08-18 04:00:00,3.1529388,-1.4911194
2025-08-18 05:00:00,3.2072296,-1.6056824
2025-08-18 06:00:00,3.0167084,-1.8471069
2025-08-18 07:00:00,2.5813446,-1.9819336
2025-08-18 08:00:00,2.0498047,-1.7261353
2025-08-18 09:00:00,1.8032227,-1.48732
2025-08-18 10:00:00,1.3555756,-2.2621002
2025-08-18 11:00:00,1.5380707,-2.0067902
2025-08-18 12:00:00,1.5990753,-1.2960052
2025-08-18 13:00:00,1.847168,-0.63916016
2025-08-18 14:00:00,1.9252319,-0.18991089
2025-08-18 15:00:00,2.3560486,-0.241745
2025-08-18 16:00:00,2.8219147,-0.4633026
2025-08-18 17:00:00,3.07016,-1.6269989
2025-08-18 18:00:00,2.8719177,-2.2901306
2025-08-18 19:00:00,2.2476654,-3.241623
2025-08-18 20:00:00,1.4692078,-3.6127777
2025-08-18 21:00:00,1.1903381,-3.2338257
2025-08-18 22:00:00,1.0284576,-3.064621
2025-08-18 23:00:00,1.1906128,-2.4551697
2025-08-19 00:00:00,1.6508026,-2.1429749
2025-08-19 01:00:00,2.1135254,-1.8462219
2025-08-19 02:00:00,2.353775,-1.6425629
2025-08-19 03:00:00,2.4475555,-1.3295135
2025-08-19 04:00:00,2.2933807,-1.0094604
2025-08-19 05:00:00,2.2978363,-0.8128967
2025-08-19 06:00:00,2.3019714,-0.6217041
2025-08-19 07:00:00,2.6014862,-0.39031982
2025-08-19 08:00:00,3.1435547,-0.5586548
2025-08-19 09:00:00,3.490982,-1.0449982
2025-08-19 10:00:00,2.3372955,-2.5812836
2025-08-19 11:00:00,2.1165009,-2.576294
2025-08-19 12:00:00,2.0411835,-2.463379
2025-08-19 13:00:00,1.9164429,-1.9806976
2025-08-19 14:00:00,1.9170837,-1.6850586
2025-08-19 15:00:00,2.1533966,-1.591095
2025-08-19 16:00:00,2.4808044,-1.4889526
2025-08-19 17:00:00,2.4757538,-1.3328247
2025-08-19 18:00:00,2.3298645,-1.2387543
2025-08-19 19:00:00,1.7509613,-1.257782
2025-08-19 20:00:00,1.2686768,-0.9173889
2025-08-19 21:00:00,1.138382,-0.06011963
2025-08-19 22:00:00,1.7513123,1.1366272
2025-08-19 23:00:00,2.1611786,1.4948883
2025-08-20 00:00:00,2.1756897,1.9985046
2025-08-20 01:00:00,1.9851837,2.341446
2025-08-20 02:00:00,2.1807556,2.6451263
2025-08-20 03:00:00,2.5924988,2.768921
2025-08-20 04:00:00,2.9509125,2.4667664
2025-08-20 05:00:00,2.996109,2.5996704
2025-08-20 06:00:00,3.0499573,2.8171844
2025-08-20 07:00:00,3.135147,2.8282013
2025-08-20 08:00:00,2.854187,2.7725525
2025-08-20 09:00:00,2.4483795,2.8695984
2025-08-20 10:00:00,2.1982727,2.7236328
2025-08-20 11:00:00,2.171936,3.4132233
2025-08-20 12:00:00,2.3229065,3.804535
2025-08-20 13:00:00,2.0856323,4.14624
2025-08-20 14:00:00,1.5074768,4.5637207
2025-08-20 15:00:00,0.9807129,4.847183
2025-08-20 16:00:00,0.35842896,5.3705597
2025-08-20 17:00:00,0.029510498,6.13855
2025-08-20 18:00:00,0.15040588,6.5648956
2025-08-20 19:00:00,-0.0012969971,6.9741364
2025-08-20 20:00:00,-0.31687927,7.815689
2025-08-20 21:00:00,-0.11630249,8.423401
2025-08-20 22:00:00,0.4595642,7.9836426
2025-08-20 23:00:00,0.28425598,8.224991
2025-08-21 00:00:00,0.16903687,8.491425
2025-08-21 01:00:00,0.01689148,8.817169
2025-08-21 02:00:00,-0.34051514,9.015915
2025-08-21 03:00:00,0.21835327,8.621399
2025-08-21 04:00:00,0.7385254,8.054062
2025-08-21 05:00:00,0.5262604,8.349487
2025-08-21 06:00:00,0.6212616,8.831558
2025-08-21 07:00:00,1.0863037,8.981216
2025-08-21 08:00:00,1.2528839,9.47525
2025-08-21 09:00:00,1.3362885,9.95932
2025-08-21 10:00:00,2.1966705,9.684723
2025-08-21 11:00:00,2.743164,9.643204
2025-08-21 12:00:00,3.3725739,9.37793
2025-08-21 13:00:00,3.97789,9.001984
2025-08-21 14:00:00,4.4693146,8.277878
2025-08-21 15:00:00,4.6360474,7.603058
2025-08-21 16:00:00,4.512039,7.248703
2025-08-21 17:00:00,5.56308,5.707199
2025-08-21 18:00:00,5.7349243,4.062912
2025-08-21 19:00:00,5.102463,3.1463928
2025-08-21 20:00:00,4.6746216,1.9258575
2025-08-21 21:00:00,4.3928375,1.0701447
2025-08-21 22:00:00,4.342972,0.70121765
2025-08-21 23:00:00,4.599365,-0.48072815
2025-08-22 00:00:00,4.264435,-0.78286743
2025-08-22 01:00:00,4.3308716,-1.3859863
2025-08-22 02:00:00,4.7014923,-2.6056213
2025-08-22 03:00:00,4.462555,-4.0384674
2025-08-22 04:00:00,3.5414276,-4.567566
2025-08-22 05:00:00,2.8022919,-4.202835
2025-08-22 06:00:00,2.6807861,-3.841751
2025-08-22 07:00:00,3.0469208,-4.056549
2025-08-22 08:00:00,3.4652863,-4.5168304
2025-08-22 09:00:00,3.83432,-4.6974792
2025-08-22 10:00:00,2.7097778,-3.3440247
2025-08-22 11:00:00,3.6270294,-2.7935333
2025-08-22 12:00:00,4.8827057,-3.302826
2025-08-22 13:00:00,5.686737,-4.4785767
2025-08-22 14:00:00,5.99971,-5.079544
2025-08-22 15:00:00,6.670044,-5.402893
2025-08-22 16:00:00,7.188507,-5.782501
2025-08-22 17:00:00,7.643112,-6.405945
2025-08-22 18:00:00,8.437668,-7.2283173
2025-08-22 19:00:00,8.345947,-7.517685
2025-08-22 20:00:00,7.969803,-7.403427
2025-08-22 21:00:00,7.0046844,-7.373642
2025-08-22 22:00:00,4.9696655,-7.708084
2025-08-22 23:00:00,4.3700714,-7.1161957
2025-08-23 00:00:00,4.171219,-6.4837646
2025-08-23 01:00:00,4.0075073,-5.8192444
2025-08-23 02:00:00,4.141037,-5.302368
2025-08-23 03:00:00,4.4777985,-5.293289
2025-08-23 04:00:00,4.7048798,-5.8144836
2025-08-23 05:00:00,4.840439,-6.096237
2025-08-23 06:00:00,4.811798,-6.161682
2025-08-23 07:00:00,4.7518616,-5.892044
2025-08-23 08:00:00,4.9336853,-5.877716
2025-08-23 09:00:00,5.4053955,-6.452759
2025-08-23 10:00:00,4.7166443,-6.7325134
2025-08-23 11:00:00,4.9080963,-6.4064484
2025-08-23 12:00:00,5.2467957,-6.255371
2025-08-23 13:00:00,5.95549,-6.386795
2025-08-23 14:00:00,6.4265137,-6.2430725
2025-08-23 15:00:00,6.9178467,-5.8337097
2025-08-23 16:00:00,7.127243,-5.5139923
2025-08-23 17:00:00,6.935974,-5.292679
2025-08-23 18:00:00,7.299698,-4.952408
2025-08-23 19:00:00,7.656021,-4.8374176
2025-08-23 20:00:00,7.695709,-4.7420654
2025-08-23 21:00:00,7.9084625,-4.395279
2025-08-23 22:00:00,7.551819,-4.907608
2025-08-23 23:00:00,6.4302826,-4.848587
2025-08-24 00:00:00,5.815872,-4.7670593
2025-08-24 01:00:00,5.7940674,-4.6609955
2025-08-24 02:00:00,5.993622,-4.6461945
2025-08-24 03:00:00,6.0241547,-4.7503204
2025-08-24 04:00:00,5.326172,-5.1799164
2025-08-24 05:00:00,4.539505,-5.607666
2025-08-24 06:00:00,3.8603516,-5.795761
2025-08-24 07:00:00,3.2558746,-5.5825195
2025-08-24 08:00:00,2.6881256,-5.2068787
2025-08-24 09:00:00,2.5359192,-4.7144165
2025-08-24 10:00:00,2.3778229,-3.8861084
2025-08-24 11:00:00,2.9894867,-3.426941
2025-08-24 12:00:00,3.1217651,-3.482605
2025-08-24 13:00:00,2.728531,-3.7247772
2025-08-24 14:00:00,2.6611328,-3.5681
2025-08-24 15:00:00,2.9357605,-3.2938232
2025-08-24 16:00:00,2.990799,-2.9000397
2025-08-24 17:00:00,3.244217,-2.3848877
2025-08-24 18:00:00,3.5641785,-2.0670013
2025-08-24 19:00:00,3.810791,-1.7940216
2025-08-24 20:00:00,3.7506714,-1.7198334
2025-08-24 21:00:00,2.5089874,-1.3315735
2025-08-24 22:00:00,1.8618622,-1.2831879
2025-08-24 23:00:00,1.209671,-1.2219238
2025-08-25 00:00:00,1.2701874,-0.70706177
2025-08-25 01:00:00,2.18779,0.1616211
2025-08-25 02:00:00,3.6610413,0.5207977
2025-08-25 03:00:00,4.709488,0.53019714
2025-08-25 04:00:00,5.221527,0.24455261
2025-08-25 05:00:00,5.454056,-0.62553406
2025-08-25 06:00:00,5.416977,-1.4096527
2025-08-25 07:00:00,5.279541,-2.075592
2025-08-25 08:00:00,5.191681,-2.7260742
2025-08-25 09:00:00,4.967926,-3.1504364
2025-08-25 10:00:00,4.7115784,-3.004776
2025-08-25 11:00:00,4.6052094,-2.8339844
2025-08-25 12:00:00,4.4280396,-2.6509247
2025-08-25 13:00:00,4.0865784,-2.7758942
2025-08-25 14:00:00,3.395523,-2.9253845
2025-08-25 15:00:00,2.715805,-3.1584167
2025-08-25 16:00:00,2.244522,-3.3491364
2025-08-25 17:00:00,1.7884827,-3.4723053
2025-08-25 18:00:00,1.4269562,-3.5808868
2025-08-25 19:00:00,1.0614929,-3.3832855
2025-08-25 20:00:00,0.6349335,-2.549286
2025-08-25 21:00:00,0.72114563,-1.6348114
2025-08-25 22:00:00,0.49295044,-1.4777222
2025-08-25 23:00:00,0.4824524,-0.9137726
2025-08-26 00:00:00,1.3295898,-1.1577148
2025-08-26 01:00:00,1.5047607,-1.1051941
2025-08-26 02:00:00,0.9516754,-0.8126373
2025-08-26 03:00:00,0.30236816,-0.8278198
2025-08-26 04:00:00,-0.09605408,-0.6938629
2025-08-26 05:00:00,-0.49046326,-0.83714294
2025-08-26 06:00:00,-1.475708,-0.51379395
2025-08-26 07:00:00,-2.1597443,0.39718628
2025-08-26 08:00:00,-2.3319702,1.3654022
2025-08-26 09:00:00,-1.8901672,2.1159515
2025-08-26 10:00:00,-1.490509,1.3841858
2025-08-26 11:00:00,-0.18588257,2.107254
2025-08-26 12:00:00,1.1593628,2.7875824
2025-08-26 13:00:00,2.7805328,2.9090881
2025-08-26 14:00:00,2.9241333,2.6430511
2025-08-26 15:00:00,2.0897675,1.8423004
2025-08-26 16:00:00,2.6450653,0.7985382
2025-08-26 17:00:00,2.9027252,0.33076477
2025-08-26 18:00:00,2.9136963,-0.022888184
2025-08-26 19:00:00,2.4660797,-0.0038452148
2025-08-26 20:00:00,2.1901245,0.4755249
2025-08-26 21:00:00,2.355194,1.0988922
2025-08-26 22:00:00,2.8159485,0.8525238
2025-08-26 23:00:00,2.0781708,1.2443542
2025-08-27 00:00:00,1.143692,2.0828247
2025-08-27 01:00:00,0.49908447,2.4887085
2025-08-27 02:00:00,0.024917603,2.7710571
2025-08-27 03:00:00,-0.22000122,3.599762
2025-08-27 04:00:00,-0.434906,3.7921448
2025-08-27 05:00:00,-0.33448792,3.817154
2025-08-27 06:00:00,0.07208252,3.8378906
2025-08-27 07:00:00,0.32705688,3.792694
2025-08-27 08:00:00,0.61138916,3.36055
2025-08-27 09:00:00,0.84936523,3.2389374
2025-08-27 10:00:00,0.69470215,3.0013123
2025-08-27 11:00:00,0.17774963,3.5625916
2025-08-27 12:00:00,-0.460495,3.778778
2025-08-27 13:00:00,-0.8135071,4.087097
2025-08-27 14:00:00,-0.84962463,4.304367
2025-08-27 15:00:00,-0.85066223,4.437088
2025-08-27 16:00:00,-1.4263153,4.636917
2025-08-27 17:00:00,-2.2588654,4.509079
2025-08-27 18:00:00,-3.0877838,4.6460724
2025-08-27 19:00:00,-3.7496185,4.9051056
2025-08-27 20:00:00,-3.8683472,5.1575775
2025-08-27 21:00:00,-4.035034,5.3216248
2025-08-27 22:00:00,-4.0541687,5.8577576
2025-08-27 23:00:00,-3.9583435,5.9461823
2025-08-28 00:00:00,-3.6285858,5.8490906
2025-08-28 01:00:00,-3.5112,5.59816
2025-08-28 02:00:00,-3.8924408,5.5475006
2025-08-28 03:00:00,-4.584717,5.4112396
2025-08-28 04:00:00,-5.18631,5.4194946
2025-08-28 05:00:00,-5.312027,5.7493744
2025-08-28 06:00:00,-5.2914886,6.143982
2025-08-28 07:00:00,-5.136093,6.7036133
2025-08-28 08:00:00,-5.1182404,7.1408844
2025-08-28 09:00:00,-5.3907776,7.2445526
2025-08-28 10:00:00,-5.5307465,6.071121
2025-08-28 11:00:00,-6.4799194,6.146225
2025-08-28 12:00:00,-7.106064,5.939041
2025-08-28 13:00:00,-7.297348,5.7583313
2025-08-28 14:00:00,-7.0172577,5.4925537
2025-08-28 15:00:00,-6.826111,5.961136
2025-08-28 16:00:00,-7.2617493,6.550522
2025-08-28 17:00:00,-8.090378,6.938629
2025-08-28 18:00:00,-8.772491,7.1520233
2025-08-28 19:00:00,-8.723801,7.245041
2025-08-28 20:00:00,-7.593033,7.31131
2025-08-28 21:00:00,-6.142624,7.0724792
2025-08-28 22:00:00,-5.346039,6.0831146
2025-08-28 23:00:00,-4.910843,6.1904144
2025-08-29 00:00:00,-4.897232,5.950714
2025-08-29 01:00:00,-4.64888,5.492813
2025-08-29 02:00:00,-4.883423,5.5150757
2025-08-29 03:00:00,-5.4104767,5.8737183
2025-08-29 04:00:00,-6.2573853,6.1475525
2025-08-29 05:00:00,-5.7909546,5.8204346
2025-08-29 06:00:00,-4.0829773,4.222
2025-08-29 07:00:00,-4.258301,3.6518707
2025-08-29 08:00:00,-4.440811,3.4009552
2025-08-29 09:00:00,-4.2583313,3.2792206
2025-08-29 10:00:00,-3.5862274,1.3083649
2025-08-29 11:00:00,-4.4557037,2.1165009
2025-08-29 12:00:00,-5.186508,3.4947968
2025-08-29 13:00:00,-5.309494,5.1917114
2025-08-29 14:00:00,-4.279953,6.3178253
2025-08-29 15:00:00,-3.4505463,6.964279
2025-08-29 16:00:00,-3.263733,7.335678
2025-08-29 17:00:00,-2.163437,6.460129
2025-08-29 18:00:00,-0.79411316,4.840393
2025-08-29 19:00:00,-0.58898926,4.151016
2025-08-29 20:00:00,-1.7875671,4.340393
2025-08-29 21:00:00,-2.513382,4.447891
2025-08-29 22:00:00,-1.0912933,5.5388947
2025-08-29 23:00:00,-0.6927643,4.532547
2025-08-30 00:00:00,0.7706909,3.2251282
2025-08-30 01:00:00,1.821518,1.5358429
2025-08-30 02:00:00,1.2424011,0.96266174
2025-08-30 03:00:00,0.90538025,0.75097656
2025-08-30 04:00:00,0.33943176,1.3702393
2025-08-30 05:00:00,-0.4825592,2.5822296
2025-08-30 06:00:00,-0.8496704,3.2202759
2025-08-30 07:00:00,-0.54447937,3.0599213
2025-08-30 08:00:00,0.29315186,2.805832
2025-08-30 09:00:00,1.0964203,2.7465668
2025-08-30 10:00:00,1.1338959,3.3447723
2025-08-30 11:00:00,2.3102112,3.0995636
2025-08-30 12:00:00,3.2154999,2.5603027
2025-08-30 13:00:00,3.938919,0.9334259
2025-08-30 14:00:00,3.9504547,-2.2912292
2025-08-30 15:00:00,3.1943054,-4.5014496
2025-08-30 16:00:00,2.7825775,-4.5780334
2025-08-30 17:00:00,3.1431274,-3.9078064
2025-08-30 18:00:00,4.4634094,-3.9553986
2025-08-30 19:00:00,5.9108887,-4.4077454
2025-08-30 20:00:00,6.959656,-4.428833
2025-08-30 21:00:00,7.3068695,-4.5214386
2025-08-30 22:00:00,7.5792084,-4.8312683
2025-08-30 23:00:00,7.7510986,-4.8845215
2025-08-31 00:00:00,7.5457916,-5.6831512
2025-08-31 01:00:00,6.6953125,-6.417267
2025-08-31 02:00:00,5.7836914,-6.8197784
2025-08-31 03:00:00,5.1521606,-6.8822784
2025-08-31 04:00:00,4.7799835,-6.788559
2025-08-31 05:00:00,4.6580353,-6.4348755
2025-08-31 06:00:00,4.5,-6.034912
2025-08-31 07:00:00,4.447708,-5.6446533
2025-08-31 08:00:00,4.294815,-5.463455
2025-08-31 09:00:00,4.0388947,-5.3256226
2025-08-31 10:00:00,2.999237,-5.061142
2025-08-31 11:00:00,3.21167,-5.071213
2025-08-31 12:00:00,3.246231,-5.205673
2025-08-31 13:00:00,3.1903534,-5.4144135
2025-08-31 14:00:00,2.904953,-5.211319
2025-08-31 15:00:00,2.6659698,-4.7597046
2025-08-31 16:00:00,2.5606232,-4.1519012
2025-08-31 17:00:00,2.5089722,-3.2830505
2025-08-31 18:00:00,2.3197632,-2.4763336
2025-08-31 19:00:00,1.8370972,-1.9229889
2025-08-31 20:00:00,1.4482727,-1.3990784
2025-08-31 21:00:00,1.1804657,-0.5531006
2025-08-31 22:00:00,1.0250549,0.27087402
2025-08-31 23:00:00,1.2480316,1.2464447
2025-09-01 00:00:00,1.7234344,1.7285461
2025-09-01 01:00:00,2.0463104,1.6831818
2025-09-01 02:00:00,1.7996368,1.2864227
2025-09-01 03:00:00,1.5832825,1.2840881
2025-09-01 04:00:00,1.5915222,1.0672913
2025-09-01 05:00:00,1.8859711,0.9346161
2025-09-01 06:00:00,1.7967072,0.6830292
2025-09-01 07:00:00,1.4527283,0.66282654
2025-09-01 08:00:00,0.8412781,0.9641876
2025-09-01 09:00:00,0.35247803,1.3590851
2025-09-01 10:00:00,0.18803406,1.3566437
2025-09-01 11:00:00,0.41923523,1.7038574
2025-09-01 12:00:00,0.4679718,2.198227
2025-09-01 13:00:00,0.45776367,2.5375671
2025-09-01 14:00:00,0.39050293,2.774109
2025-09-01 15:00:00,0.32156372,2.691803
2025-09-01 16:00:00,0.36662292,2.1283875
2025-09-01 17:00:00,0.29989624,1.7027588
2025-09-01 18:00:00,-0.042755127,2.1732178
2025-09-01 19:00:00,-0.40179443,3.153717
2025-09-01 20:00:00,-0.4515381,3.914093
2025-09-01 21:00:00,-0.15298462,4.2828064
2025-09-01 22:00:00,0.5820465,4.2320404
2025-09-01 23:00:00,0.51776123,4.242523
2025-09-02 00:00:00,0.3952942,3.7074585
2025-09-02 01:00:00,0.16664124,3.2962189
2025-09-02 02:00:00,0.684845,2.8434906
2025-09-02 03:00:00,1.3165894,2.3159332
2025-09-02 04:00:00,1.6792603,1.7395325
2025-09-02 05:00:00,2.7924194,0.6909485
2025-09-02 06:00:00,3.633606,-0.7112274
2025-09-02 07:00:00,4.0934906,-1.8405304
2025-09-02 08:00:00,4.65744,-3.2125092
2025-09-02 09:00:00,4.306793,-3.7967224
2025-09-02 10:00:00,1.8383484,-3.7116547
2025-09-02 11:00:00,1.0948792,-2.1234283
2025-09-02 12:00:00,1.5377655,-1.1472473
2025-09-02 13:00:00,2.3120422,-0.58662415
2025-09-02 14:00:00,2.1416626,-0.5519104
2025-09-02 15:00:00,0.6398926,-0.3678131
2025-09-02 16:00:00,-1.1315308,1.0584259
2025-09-02 17:00:00,-1.1034546,2.337738
2025-09-02 18:00:00,3.9414062,0.40003967
2025-09-02 19:00:00,7.108734,-5.1739655
2025-09-02 20:00:00,4.372696,-6.908386
2025-09-02 21:00:00,2.433609,-6.6752625
2025-09-02 22:00:00,1.9186401,-6.8421326
2025-09-02 23:00:00,1.3786469,-6.45903
2025-09-03 00:00:00,0.3609619,-5.5879974
2025-09-03 01:00:00,1.0333099,-5.2649994
2025-09-03 02:00:00,1.5323181,-4.7180023
2025-09-03 03:00:00,1.7928925,-3.9550781
2025-09-03 04:00:00,3.034729,-4.6526794
2025-09-03 05:00:00,3.0950775,-6.261322
2025-09-03 06:00:00,2.2931976,-7.6928253
2025-09-03 07:00:00,2.0394287,-7.6770782
2025-09-03 08:00:00,2.3027954,-6.590637
2025-09-03 09:00:00,3.1146698,-5.879257
2025-09-03 10:00:00,2.1534576,-5.4313354
2025-09-03 11:00:00,2.7066193,-4.835434
2025-09-03 12:00:00,3.220581,-4.1355133
2025-09-03 13:00:00,3.812088,-3.859848
2025-09-03 14:00:00,3.8210602,-3.637497
2025-09-03 15:00:00,3.6158752,-3.5766144
2025-09-03 16:00:00,3.0972748,-3.40773
2025-09-03 17:00:00,2.44487,-3.343216
2025-09-03 18:00:00,1.8936157,-3.3450623
2025-09-03 19:00:00,1.4946747,-3.2642975
2025-09-03 20:00:00,1.0475006,-2.8377533
2025-09-03 21:00:00,0.4381714,-2.0078583
2025-09-03 22:00:00,0.82424927,-1.6454315
2025-09-03 23:00:00,0.2681427,-0.9961548
2025-09-04 00:00:00,-0.2334137,-1.0326385
2025-09-04 01:00:00,-0.6739044,-0.65509033
2025-09-04 02:00:00,-0.8002167,-0.30430603
2025-09-04 03:00:00,-0.84902954,-0.060821533
2025-09-04 04:00:00,-0.81936646,-0.2949829
2025-09-04 05:00:00,-0.9179535,-0.47981262
2025-09-04 06:00:00,-1.2528992,-0.7840271
2025-09-04 07:00:00,-1.5429688,-0.7538147
2025-09-04 08:00:00,-1.7191925,-0.5732269
2025-09-04 09:00:00,-1.5226746,-0.3985443
2025-09-04 10:00:00,-0.8926239,-1.1681061
2025-09-04 11:00:00,-1.3365936,-1.6094055
2025-09-04 12:00:00,-1.7967224,-1.8435974
2025-09-04 13:00:00,-2.0924225,-1.7524261
2025-09-04 14:00:00,-1.9695587,-1.360611
2025-09-04 15:00:00,-1.824295,-1.2283173
2025-09-04 16:00:00,-1.5317535,-0.8489685
2025-09-04 17:00:00,-1.0803528,-0.4242096
2025-09-04 18:00:00,-0.57670593,-0.034347534
2025-09-04 19:00:00,-0.43579102,0.27624512
2025-09-04 20:00:00,-0.42382812,0.60691833
2025-09-04 21:00:00,-0.12869263,0.71295166
2025-09-04 22:00:00,0.9289093,-0.18382263
2025-09-04 23:00:00,1.4947968,-0.4257202
2025-09-05 00:00:00,1.446167,-0.6320801
2025-09-05 01:00:00,1.3480835,-0.49502563
2025-09-05 02:00:00,1.3799744,-0.6655884
2025-09-05 03:00:00,1.7403107,-1.243576
2025-09-05 04:00:00,2.0085907,-1.588562
2025-09-05 05:00:00,2.2574005,-1.744339
2025-09-05 06:00:00,2.3772888,-1.8384247
2025-09-05 07:00:00,2.2465515,-1.7350006
2025-09-05 08:00:00,2.0099945,-1.5662231
2025-09-05 09:00:00,1.7857513,-1.2595978
2025-09-05 10:00:00,2.3446808,-0.79208374
2025-09-05 11:00:00,3.0443573,-0.32385254
2025-09-05 12:00:00,3.7317505,-0.35128784
2025-09-05 13:00:00,4.140732,-0.70376587
2025-09-05 14:00:00,4.3656464,-1.0461273
2025-09-05 15:00:00,4.394638,-1.2045746
2025-09-05 16:00:00,4.289551,-1.3608551
2025-09-05 17:00:00,3.7507477,-1.6583862
2025-09-05 18:00:00,2.863327,-2.1549072
2025-09-05 19:00:00,1.7985687,-2.1781158
2025-09-05 20:00:00,1.2467499,-1.7025452
2025-09-05 21:00:00,1.0741272,-0.96229553
2025-09-05 22:00:00,1.5569916,-0.3896637
2025-09-05 23:00:00,1.5245819,0.52090454
2025-09-06 00:00:00,1.7696686,1.0576477
2025-09-06 01:00:00,2.1846008,1.075592
2025-09-06 02:00:00,2.4070435,0.82862854
2025-09-06 03:00:00,2.7541199,0.4777527
2025-09-06 04:00:00,3.25885,0.26330566
2025-09-06 05:00:00,3.9890442,0.04899597
2025-09-06 06:00:00,3.9626617,0.015563965
2025-09-06 07:00:00,3.5328064,-0.06289673
2025-09-06 08:00:00,2.4929047,-0.15188599
2025-09-06 09:00:00,1.6858215,-0.061462402
2025-09-06 10:00:00,-1.0737,0.082229614
2025-09-06 11:00:00,-1.0480194,1.4166107
2025-09-06 12:00:00,-0.06903076,2.5890808
2025-09-06 13:00:00,1.531189,2.8802032
2025-09-06 14:00:00,2.625351,2.4803162
2025-09-06 15:00:00,2.9087372,1.5542755
2025-09-06 16:00:00,2.8432007,0.74554443
2025-09-06 17:00:00,2.9067688,0.43743896
2025-09-06 18:00:00,3.4184875,-0.13191223
2025-09-06 19:00:00,3.0489502,-0.98176575
2025-09-06 20:00:00,2.100937,-1.1608582
2025-09-06 21:00:00,1.6269684,-0.8795929
2025-09-06 22:00:00,1.5323944,-0.15982056
2025-09-06 23:00:00,1.5529938,0.6775665
2025-09-07 00:00:00,1.9400482,0.85232544
2025-09-07 01:00:00,2.0637054,0.6418762
2025-09-07 02:00:00,1.9207153,0.06982422
2025-09-07 03:00:00,1.6558075,-0.3404541
2025-09-07 04:00:00,1.2243652,-0.40826416
2025-09-07 05:00:00,1.0513611,-0.19874573
2025-09-07 06:00:00,1.1232452,-0.26332092
2025-09-07 07:00:00,1.2473145,-0.5249634
2025-09-07 08:00:00,1.0934753,-0.6198883
2025-09-07 09:00:00,1.1114655,-0.39997864
2025-09-07 10:00:00,0.47291565,-0.3052826
2025-09-07 11:00:00,0.21360779,0.14291382
2025-09-07 12:00:00,0.13059998,0.55618286
2025-09-07 13:00:00,0.40859985,0.654068
2025-09-07 14:00:00,0.67959595,0.7720947
2025-09-07 15:00:00,1.1724243,0.8051605
2025-09-07 16:00:00,1.6589508,0.69226074
2025-09-07 17:00:00,2.1174774,0.449234
2025-09-07 18:00:00,2.7512512,-0.06187439
2025-09-07 19:00:00,2.6743011,-0.5070801
2025-09-07 20:00:00,2.2795105,-0.83110046
2025-09-07 21:00:00,1.5203552,-0.9168854
2025-09-07 22:00:00,1.1118317,-0.6560669
2025-09-07 23:00:00,1.0571747,-0.6233368
2025-09-08 00:00:00,1.1773987,-0.7328644
2025-09-08 01:00:00,1.0553131,-0.64468384
2025-09-08 02:00:00,0.59580994,-0.6082001
2025-09-08 03:00:00,0.15361023,-0.3813324
2025-09-08 04:00:00,0.010284424,0.08039856
2025-09-08 05:00:00,0.10142517,0.31278992
2025-09-08 06:00:00,-0.23161316,0.35227966
2025-09-08 07:00:00,-0.34092712,0.6015167
2025-09-08 08:00:00,-0.034576416,0.8187866
2025-09-08 09:00:00,0.24313354,0.8193207
2025-09-08 10:00:00,0.65534973,-0.10652161
2025-09-08 11:00:00,0.7796478,-0.18769836
2025-09-08 12:00:00,0.9431,-0.30952454
2025-09-08 13:00:00,0.97772217,-0.33792114
2025-09-08 14:00:00,1.3605652,-0.6057739
2025-09-08 15:00:00,1.4422913,-1.0886536
2025-09-08 16:00:00,1.3454437,-1.0785065
2025-09-08 17:00:00,1.4412842,-0.6281128
2025-09-08 18:00:00,1.4918671,-0.05569458
2025-09-08 19:00:00,1.1113434,0.36987305
2025-09-08 20:00:00,0.77645874,0.6657715
2025-09-08 21:00:00,0.39915466,0.89224243
2025-09-08 22:00:00,0.71409607,1.1952057
2025-09-08 23:00:00,0.16578674,2.024414
2025-09-09 00:00:00,-0.013870239,2.5843353
2025-09-09 01:00:00,0.04246521,2.914688
2025-09-09 02:00:00,0.64068604,3.1318817
2025-09-09 03:00:00,1.0726624,3.315094
2025-09-09 04:00:00,0.7901306,3.6067047
2025-09-09 05:00:00,1.4432373,3.9292908
2025-09-09 06:00:00,2.0798035,3.829956
2025-09-09 07:00:00,2.1369019,3.6210327
2025-09-09 08:00:00,1.5544586,3.6951141
2025-09-09 09:00:00,0.8602295,4.3119965
2025-09-09 10:00:00,1.2162781,3.7389832
2025-09-09 11:00:00,1.6415405,4.3192444
2025-09-09 12:00:00,1.769165,4.892563
2025-09-09 13:00:00,2.0760345,5.334091
2025-09-09 14:00:00,2.5398712,4.993973
2025-09-09 15:00:00,2.7900085,4.3498535
2025-09-09 16:00:00,2.399582,3.720047
2025-09-09 17:00:00,1.543045,3.4158783
2025-09-09 18:00:00,0.8005066,3.496872
2025-09-09 19:00:00,-0.095962524,3.6225128
2025-09-09 20:00:00,-0.7999573,4.0913696
2025-09-09 21:00:00,-1.0053406,4.735489
2025-09-09 22:00:00,-0.29153442,5.374771
2025-09-09 23:00:00,-0.49876404,5.873596
2025-09-10 00:00:00,-0.77659607,6.0290527
2025-09-10 01:00:00,-1.495285,6.5355377
2025-09-10 02:00:00,-2.1523895,7.460495
2025-09-10 03:00:00,-2.0305634,8.545959
2025-09-10 04:00:00,-2.0577545,9.614471
2025-09-10 05:00:00,-2.0997467,10.417755
2025-09-10 06:00:00,-1.6737976,10.219055
2025-09-10 07:00:00,-1.072876,9.846146
2025-09-10 08:00:00,-0.69033813,9.583527
2025-09-10 09:00:00,-0.53286743,9.595367
2025-09-10 10:00:00,0.10681152,7.8311005
2025-09-10 11:00:00,-0.38146973,7.351639
2025-09-10 12:00:00,-0.77264404,7.1796417
2025-09-10 13:00:00,-1.253952,7.3349457
2025-09-10 14:00:00,-2.015747,7.5984344
2025-09-10 15:00:00,-2.6602173,7.632309
2025-09-10 16:00:00,-3.0820007,7.424286
2025-09-10 17:00:00,-3.950348,7.38916
2025-09-10 18:00:00,-4.8418884,7.9999084
2025-09-10 19:00:00,-5.5057983,8.560913
2025-09-10 20:00:00,-5.831192,9.313797
2025-09-10 21:00:00,-5.982773,9.543396
2025-09-10 22:00:00,-2.9836884,7.9025116
2025-09-10 23:00:00,-1.9082642,5.6352234
2025-09-11 00:00:00,-3.3398132,3.9084625
2025-09-11 01:00:00,-4.8534393,4.584259
2025-09-11 02:00:00,-5.960327,5.453644
2025-09-11 03:00:00,-5.8772736,6.3030853
2025-09-11 04:00:00,-3.067215,5.5691223
2025-09-11 05:00:00,-2.616684,4.6928406
2025-09-11 06:00:00,-2.846115,3.9529266
2025-09-11 07:00:00,-3.0934448,3.3910828
2025-09-11 08:00:00,-3.542923,3.3433075
2025-09-11 09:00:00,-4.2669373,3.668518
2025-09-11 10:00:00,-3.892517,3.0867157
2025-09-11 11:00:00,-2.706726,1.9039307
2025-09-11 12:00:00,-2.984436,1.04245
2025-09-11 13:00:00,-3.4377136,0.58535767
2025-09-11 14:00:00,-3.6095428,0.69944763
2025-09-11 15:00:00,-3.675232,0.81858826
2025-09-11 16:00:00,-3.5866394,0.4340515
2025-09-11 17:00:00,-3.3160553,0.21562195
2025-09-11 18:00:00,-2.9985962,-0.17774963
2025-09-11 19:00:00,-2.9208527,-0.7984314
2025-09-11 20:00:00,-2.9447937,-1.4486084
2025-09-11 21:00:00,-2.8401184,-1.704483
2025-09-11 22:00:00,-2.1029205,-1.75
2025-09-11 23:00:00,-2.044098,-1.729599
2025-09-12 00:00:00,-2.284958,-1.9654388
2025-09-12 01:00:00,-2.4730072,-2.3274384
2025-09-12 02:00:00,-2.9995575,-2.5875702
2025-09-12 03:00:00,-3.5559998,-2.98143
2025-09-12 04:00:00,-4.072937,-3.3745575
2025-09-12 05:00:00,-4.8545074,-3.4297943
2025-09-12 06:00:00,-5.4656982,-3.167282
2025-09-12 07:00:00,-5.4767456,-2.9081268
2025-09-12 08:00:00,-5.4819336,-2.8766632
2025-09-12 09:00:00,-5.4577026,-2.7257843
2025-09-12 10:00:00,-5.2767944,-3.1558838
2025-09-12 11:00:00,-5.0315857,-2.6219635
2025-09-12 12:00:00,-4.6832275,-2.4110718
2025-09-12 13:00:00,-4.1483917,-2.379547
2025-09-12 14:00:00,-3.6419525,-2.5976105
2025-09-12 15:00:00,-3.3628387,-2.9580536
2025-09-12 16:00:00,-3.1712036,-3.036438
2025-09-12 17:00:00,-3.074356,-2.8666382
2025-09-12 18:00:00,-2.6393585,-2.7657623
2025-09-12 19:00:00,-2.3295288,-2.8723145
2025-09-12 20:00:00,-2.082199,-3.0374603
2025-09-12 21:00:00,-2.0120392,-3.3768005
2025-09-12 22:00:00,-1.3652954,-3.9371796
2025-09-12 23:00:00,-1.4314728,-4.0543213
2025-09-13 00:00:00,-1.4329376,-3.9445343
2025-09-13 01:00:00,-1.6115875,-3.670868
2025-09-13 02:00:00,-2.0210266,-3.3181915
2025-09-13 03:00:00,-2.6413422,-2.8584595
2025-09-13 04:00:00,-2.9888153,-2.2236176
2025-09-13 05:00:00,-3.113388,-1.6391296
2025-09-13 06:00:00,-3.263916,-1.1803284
2025-09-13 07:00:00,-3.0231934,-0.73921204
2025-09-13 08:00:00,-2.5699005,-0.4025116
2025-09-13 09:00:00,-1.8349762,-0.23674011
2025-09-13 10:00:00,-0.6200104,-0.22639465
2025-09-13 11:00:00,0.17016602,-0.41220093
2025-09-13 12:00:00,0.6405945,-0.78030396
2025-09-13 13:00:00,0.83470154,-1.1689606
2025-09-13 14:00:00,0.7532959,-1.4119568
2025-09-13 15:00:00,0.6608124,-1.4999084
2025-09-13 16:00:00,0.48937988,-1.4417114
2025-09-13 17:00:00,0.30221558,-1.1863403
2025-09-13 18:00:00,0.09793091,-0.82463074
2025-09-13 19:00:00,0.0365448,-0.28408813
2025-09-13 20:00:00,0.16766357,0.40649414
2025-09-13 21:00:00,0.65623474,0.6584015
2025-09-13 22:00:00,1.7623444,0.31877136
2025-09-13 23:00:00,2.1044006,0.06466675
2025-09-14 00:00:00,2.1208954,-0.027572632
2025-09-14 01:00:00,2.116562,-0.12310791
2025-09-14 02:00:00,2.2254944,-0.34483337
2025-09-14 03:00:00,2.4550323,-0.66378784
2025-09-14 04:00:00,2.4975586,-0.8553009
2025-09-14 05:00:00,2.3865204,-0.5997162
2025-09-14 06:00:00,2.5547485,-0.60905457
2025-09-14 07:00:00,3.0585327,-0.8280029
2025-09-14 08:00:00,3.2745056,-0.79325867
2025-09-14 09:00:00,3.6137543,-1.0459442
2025-09-14 10:00:00,3.5882416,-1.0384369
2025-09-14 11:00:00,3.6578064,-0.5378876
2025-09-14 12:00:00,3.8348083,-0.80859375
2025-09-14 13:00:00,3.8445282,-0.7611084
2025-09-14 14:00:00,3.530243,-0.63705444
2025-09-14 15:00:00,3.3598175,-0.71022034
2025-09-14 16:00:00,3.4979858,-0.610672
2025-09-14 17:00:00,3.9400482,-0.75146484
2025-09-14 18:00:00,3.9691467,-1.0050659
2025-09-14 19:00:00,3.8851776,-1.4773712
2025-09-14 20:00:00,3.7890015,-1.5093842
2025-09-14 21:00:00,3.846756,-1.62854
2025-09-14 22:00:00,3.7970886,-2.052475
2025-09-14 23:00:00,3.973465,-1.5884552
2025-09-15 00:00:00,4.144348,-1.659668
2025-09-15 01:00:00,4.3578796,-1.9264526
2025-09-15 02:00:00,4.5543976,-2.4673462
2025-09-15 03:00:00,4.5596924,-2.8462982
2025-09-15 04:00:00,4.552124,-3.0572205
2025-09-15 05:00:00,4.2585907,-3.1957397
2025-09-15 06:00:00,3.6344757,-3.2462158
2025-09-15 07:00:00,2.7361755,-3.0448456
2025-09-15 08:00:00,1.8829651,-2.7044983
2025-09-15 09:00:00,1.3959656,-2.321869
2025-09-15 10:00:00,0.8556671,-2.345749
2025-09-15 11:00:00,0.90678406,-1.8625793
2025-09-15 12:00:00,1.0426941,-1.4581299
2025-09-15 13:00:00,1.1000519,-1.4987335
2025-09-15 14:00:00,1.0379486,-1.693573
2025-09-15 15:00:00,0.9897766,-1.835434
2025-09-15 16:00:00,0.696228,-1.9299774
2025-09-15 17:00:00,0.3366089,-1.7762756
2025-09-15 18:00:00,0.1678772,-1.3881378
2025-09-15 19:00:00,-0.13092041,-1.1574402
2025-09-15 20:00:00,-0.3776245,-0.9650116
2025-09-15 21:00:00,-0.57159424,-0.77993774
2025-09-15 22:00:00,-0.20436096,-0.3229828
2025-09-15 23:00:00,-0.20144653,-0.13230896
2025-09-16 00:00:00,-0.037094116,0.06225586
2025-09-16 01:00:00,0.30038452,0.14144897
2025-09-16 02:00:00,0.44178772,0.14894104
2025-09-16 03:00:00,0.3925476,-0.016235352
2025-09-16 04:00:00,0.13267517,-0.0013122559
2025-09-16 05:00:00,0.2197876,0.0287323
2025-09-16 06:00:00,0.55067444,0.3260193
2025-09-16 07:00:00,0.980484,0.40596008
2025-09-16 08:00:00,1.0428162,0.42352295
2025-09-16 09:00:00,0.9781647,0.44177246
2025-09-16 10:00:00,1.1558533,0.08325195
2025-09-16 11:00:00,0.8543091,0.38327026
2025-09-16 12:00:00,0.95318604,0.32359314
2025-09-16 13:00:00,1.1262512,0.09378052
2025-09-16 14:00:00,1.157486,0.18467712
2025-09-16 15:00:00,1.2170563,0.6933594
2025-09-16 16:00:00,1.5674438,1.1060791
2025-09-16 17:00:00,2.3777924,0.76638794
2025-09-16 18:00:00,3.089447,0.09225464
2025-09-16 19:00:00,3.0764923,-0.52485657
2025-09-16 20:00:00,2.993988,-0.6659241
2025-09-16 21:00:00,3.104538,-0.84994507
2025-09-16 22:00:00,3.063858,-1.051178
2025-09-16 23:00:00,2.9641266,-0.6339569
2025-09-17 00:00:00,3.209259,-0.24214172
2025-09-17 01:00:00,3.8748322,-0.6399994
2025-09-17 02:00:00,4.0436707,-1.4114227
2025-09-17 03:00:00,3.69693,-2.148758
2025-09-17 04:00:00,2.5693817,-2.5751953
2025-09-17 05:00:00,1.2935028,-2.5256195
2025-09-17 06:00:00,0.21920776,-2.1219177
2025-09-17 07:00:00,-0.26856995,-1.987915
2025-09-17 08:00:00,-0.52911377,-2.1059723
2025-09-17 09:00:00,-0.69285583,-2.1111755
2025-09-17 10:00:00,-1.0300446,-2.0391693
2025-09-17 11:00:00,-0.8484955,-1.8812714
2025-09-17 12:00:00,-0.2629547,-1.9358215
2025-09-17 13:00:00,0.6195221,-2.0753326
2025-09-17 14:00:00,1.2056885,-2.1841583
2025-09-17 15:00:00,1.7406616,-2.2731323
2025-09-17 16:00:00,2.164444,-2.3029327
2025-09-17 17:00:00,2.49823,-2.402008
2025-09-17 18:00:00,2.5723114,-2.6281738
2025-09-17 19:00:00,2.3111877,-2.707077
2025-09-17 20:00:00,2.0589294,-2.6375122
2025-09-17 21:00:00,1.6644745,-2.188446
2025-09-17 22:00:00,1.3863983,-1.5734406
2025-09-17 23:00:00,0.80174255,-0.60858154
2025-09-18 00:00:00,0.25823975,-0.0778656
2025-09-18 01:00:00,-0.26652527,0.066848755
2025-09-18 02:00:00,-1.1371918,-0.27697754
2025-09-18 03:00:00,-1.7757721,-0.4460907
2025-09-18 04:00:00,-2.4307556,-0.38284302
2025-09-18 05:00:00,-3.0731506,-0.2565918
2025-09-18 06:00:00,-3.9172058,-0.11909485
2025-09-18 07:00:00,-4.6845245,-0.051712036
2025-09-18 08:00:00,-5.6693726,-0.18431091
2025-09-18 09:00:00,-6.4373627,-0.5268402
2025-09-18 10:00:00,-7.00412,-1.4835663
2025-09-18 11:00:00,-7.562973,-1.4842072
2025-09-18 12:00:00,-7.787094,-1.4057312
2025-09-18 13:00:00,-7.7708893,-1.7217865
2025-09-18 14:00:00,-7.788376,-1.7400665
2025-09-18 15:00:00,-7.7061157,-1.4630737
2025-09-18 16:00:00,-7.203949,-1.1369324
2025-09-18 17:00:00,-6.6061554,-0.7927551
2025-09-18 18:00:00,-6.2167816,-0.7618408
2025-09-18 19:00:00,-6.217392,-1.5879974
2025-09-18 20:00:00,-6.078064,-2.5503998
2025-09-18 21:00:00,-5.90065,-3.2491913
2025-09-18 22:00:00,-5.4879913,-3.6514435
2025-09-18 23:00:00,-5.9134674,-3.7839966
2025-09-19 00:00:00,-6.448044,-3.8880768
2025-09-19 01:00:00,-6.874817,-3.71875
2025-09-19 02:00:00,-7.234192,-3.6670837
2025-09-19 03:00:00,-7.7647705,-3.7058105
2025-09-19 04:00:00,-8.095184,-3.7539215
2025-09-19 05:00:00,-8.34169,-3.815796
2025-09-19 06:00:00,-8.405792,-3.771576
2025-09-19 07:00:00,-8.187805,-3.6788025
2025-09-19 08:00:00,-8.007492,-3.840744
2025-09-19 09:00:00,-7.525894,-4.084732
2025-09-19 10:00:00,-6.3345337,-4.0200043
2025-09-19 11:00:00,-6.0664673,-4.0788727
2025-09-19 12:00:00,-5.789093,-4.409836
2025-09-19 13:00:00,-5.649536,-4.801941
2025-09-19 14:00:00,-5.7029724,-5.0451202
2025-09-19 15:00:00,-5.8918457,-5.0990143
2025-09-19 16:00:00,-6.0059814,-5.0974884
2025-09-19 17:00:00,-6.0546722,-4.934143
2025-09-19 18:00:00,-6.17836,-4.51091
2025-09-19 19:00:00,-6.0618286,-4.227829
2025-09-19 20:00:00,-5.6737366,-4.2401276
2025-09-19 21:00:00,-5.4464874,-4.641556
2025-09-19 22:00:00,-5.2555084,-5.194519
2025-09-19 23:00:00,-5.194977,-4.994232
2025-09-20 00:00:00,-5.159424,-4.9495544
2025-09-20 01:00:00,-5.1634064,-4.9583282
2025-09-20 02:00:00,-5.5996246,-4.9958344
2025-09-20 03:00:00,-6.1804047,-4.572754
2025-09-20 04:00:00,-6.4798584,-4.0928955
2025-09-20 05:00:00,-6.519516,-3.7042084
2025-09-20 06:00:00,-6.5286407,-3.2681732
2025-09-20 07:00:00,-6.528427,-2.809311
2025-09-20 08:00:00,-6.775223,-2.4087982
2025-09-20 09:00:00,-6.9541626,-1.9741058
2025-09-20 10:00:00,-6.6408234,-1.2072296
2025-09-20 11:00:00,-6.629593,-0.5634918
2025-09-20 12:00:00,-6.244934,-0.095443726
2025-09-20 13:00:00,-5.8989716,0.1583252
2025-09-20 14:00:00,-5.598236,0.09613037
2025-09-20 15:00:00,-5.429291,0.046310425
2025-09-20 16:00:00,-5.378296,-0.09727478
2025-09-20 17:00:00,-5.4984436,-0.015426636
2025-09-20 18:00:00,-5.70665,0.10801697
2025-09-20 19:00:00,-5.8615723,0.34254456
2025-09-20 20:00:00,-5.640991,0.72673035
2025-09-20 21:00:00,-5.097763,1.1861725
2025-09-20 22:00:00,-3.645584,1.3205872
2025-09-20 23:00:00,-2.9860992,1.4528046
2025-09-21 00:00:00,-2.5154572,1.1374207
2025-09-21 01:00:00,-2.081314,0.87590027
2025-09-21 02:00:00,-2.0139313,0.40501404
2025-09-21 03:00:00,-2.1125488,-0.17944336
2025-09-21 04:00:00,-2.3937225,-0.55818176
2025-09-21 05:00:00,-2.6006927,-0.7120056
2025-09-21 06:00:00,-2.9543915,-0.76698303
2025-09-21 07:00:00,-3.0278625,-0.54974365
2025-09-21 08:00:00,-2.9068909,-0.06478882
2025-09-21 09:00:00,-2.620163,0.31947327
2025-09-21 10:00:00,-2.330597,0.777359
2025-09-21 11:00:00,-2.155426,0.97558594
2025-09-21 12:00:00,-1.9684448,0.97221375
2025-09-21 13:00:00,-1.8946228,0.83706665
2025-09-21 14:00:00,-2.0181885,0.532074
2025-09-21 15:00:00,-2.0402832,0.48266602
2025-09-21 16:00:00,-1.9084167,0.6335907
2025-09-21 17:00:00,-1.912323,0.89305115
2025-09-21 18:00:00,-1.9830017,1.286438
2025-09-21 19:00:00,-2.0512238,1.8077087
2025-09-21 20:00:00,-2.0219574,2.1017914
2025-09-21 21:00:00,-1.8634033,2.1885986
2025-09-21 22:00:00,-1.546524,1.5797882
2025-09-21 23:00:00,-1.6655884,1.6914215
2025-09-22 00:00:00,-1.7217102,1.8399963
2025-09-22 01:00:00,-1.4186401,1.9762573
2025-09-22 02:00:00,-1.2433472,1.9394379
2025-09-22 03:00:00,-1.3429413,1.862503
2025-09-22 04:00:00,-1.5702515,1.822403
2025-09-22 05:00:00,-1.7141876,2.0586243
2025-09-22 06:00:00,-1.693924,2.018509
2025-09-22 07:00:00,-1.6713257,1.944107
2025-09-22 08:00:00,-2.0532227,2.0816193
2025-09-22 09:00:00,-2.066803,2.3179016
2025-09-22 10:00:00,-1.8676758,1.2674866
2025-09-22 11:00:00,-1.2879486,1.7019958
2025-09-22 12:00:00,-0.71417236,1.6186981
2025-09-22 13:00:00,-0.91703796,1.509201
2025-09-22 14:00:00,-1.4695892,1.4203644
2025-09-22 15:00:00,-2.0324402,1.4645844
2025-09-22 16:00:00,-2.0635223,1.8123932
2025-09-22 17:00:00,-1.4741516,2.1352844
2025-09-22 18:00:00,-1.5158691,2.3972626
2025-09-22 19:00:00,-1.2282715,2.4265442
2025-09-22 20:00:00,-0.8857269,2.3863068
2025-09-22 21:00:00,-0.43318176,2.2585602
2025-09-22 22:00:00,0.953125,1.4137268
2025-09-22 23:00:00,0.48843384,1.1686554
2025-09-23 00:00:00,-0.06770325,1.2344818
2025-09-23 01:00:00,-0.6967163,0.59706116
2025-09-23 02:00:00,-1.9463806,0.8630676
2025-09-23 03:00:00,-2.1310425,1.6141205
2025-09-23 04:00:00,-1.6916504,2.2282257
2025-09-23 05:00:00,-1.7993927,2.741455
2025-09-23 06:00:00,-1.8033142,3.2542572
2025-09-23 07:00:00,-1.7602386,3.7288055
2025-09-23 08:00:00,-1.5905914,4.1429443
2025-09-23 09:00:00,-0.76327515,4.131302
2025-09-23 10:00:00,0.7072296,2.6759338
2025-09-23 11:00:00,0.69825745,2.608612
2025-09-23 12:00:00,1.0925751,2.1738586
2025-09-23 13:00:00,0.7306366,2.1887054
2025-09-23 14:00:00,0.92970276,1.3833771
2025-09-23 15:00:00,1.0852814,0.73677063
2025-09-23 16:00:00,0.1006012,0.85702515
2025-09-23 17:00:00,-0.6873779,1.1938934
2025-09-23 18:00:00,-0.8956604,1.4678955
2025-09-23 19:00:00,-1.0388336,1.7510071
2025-09-23 20:00:00,-1.4093933,2.1564484
2025-09-23 21:00:00,-1.6305084,2.5910187
2025-09-23 22:00:00,-0.8815613,3.3374786
2025-09-23 23:00:00,-0.94451904,3.7464447
2025-09-24 00:00:00,-0.36714172,3.8233032
2025-09-24 01:00:00,-0.3283081,4.099594
2025-09-24 02:00:00,-1.0084381,4.8404083
2025-09-24 03:00:00,-0.66638184,5.523758
2025-09-24 04:00:00,0.13594055,6.265457
2025-09-24 05:00:00,0.6628723,7.0212097
2025-09-24 06:00:00,1.1080627,7.329727
2025-09-24 07:00:00,1.5825806,7.490326
2025-09-24 08:00:00,1.9428406,7.4350586
2025-09-24 09:00:00,2.1164703,6.544571
2025-09-24 10:00:00,2.2735596,4.122925
2025-09-24 11:00:00,1.6029205,2.2777252
2025-09-24 12:00:00,0.61494446,1.4558105
2025-09-24 13:00:00,-0.31202698,1.3653107
2025-09-24 14:00:00,-0.9440613,1.2055969
2025-09-24 15:00:00,-1.4145508,1.0693359
2025-09-24 16:00:00,-1.3174744,1.3234558
2025-09-24 17:00:00,-0.80052185,1.526825
2025-09-24 18:00:00,-0.012924194,1.2007904
2025-09-24 19:00:00,0.4092865,0.91355896
2025-09-24 20:00:00,1.0304718,-0.2739563
2025-09-24 21:00:00,2.3508606,-1.3913574
2025-09-24 22:00:00,2.1983643,-1.9907379
2025-09-24 23:00:00,1.947052,-2.7992554
2025-09-25 00:00:00,2.5772552,-3.4888458
2025-09-25 01:00:00,3.2496033,-3.7916565
2025-09-25 02:00:00,3.777542,-3.7593231
2025-09-25 03:00:00,4.081894,-3.9123993
2025-09-25 04:00:00,4.0052795,-4.0845947
2025-09-25 05:00:00,4.402191,-4.6771393
2025-09-25 06:00:00,4.5408783,-5.5023193
2025-09-25 07:00:00,3.9619904,-6.0367737
2025-09-25 08:00:00,2.7461548,-5.928467
2025-09-25 09:00:00,2.0690918,-5.295059
2025-09-25 10:00:00,0.61779785,-4.898468
2025-09-25 11:00:00,0.072250366,-3.9014282
2025-09-25 12:00:00,0.5388794,-3.0348816
2025-09-25 13:00:00,1.4736176,-2.721466
2025-09-25 14:00:00,2.280365,-3.0052338
2025-09-25 15:00:00,2.9082031,-3.5848541
2025-09-25 16:00:00,2.8772888,-4.279785
2025-09-25 17:00:00,2.7871094,-4.618744
2025-09-25 18:00:00,2.0965118,-4.252762
2025-09-25 19:00:00,1.5949707,-3.6010132
2025-09-25 20:00:00,1.2766876,-2.9879913
2025-09-25 21:00:00,1.4069366,-2.5592957
2025-09-25 22:00:00,1.4357452,-2.3358002
2025-09-25 23:00:00,1.6639099,-1.902771
2025-09-26 00:00:00,1.8065948,-1.5080109
2025-09-26 01:00:00,1.2728119,-1.1941528
2025-09-26 02:00:00,0.812027,-1.0321045
2025-09-26 03:00:00,0.36894226,-1.2114868
2025-09-26 04:00:00,-0.309021,-1.2335052
2025-09-26 05:00:00,-0.72654724,-0.87583923
2025-09-26 06:00:00,-1.2552643,-0.18661499
2025-09-26 07:00:00,-0.97587585,0.44729614
2025-09-26 08:00:00,-1.0574493,0.9854431
2025-09-26 09:00:00,-1.0865936,1.8447571
2025-09-26 10:00:00,-0.6412201,2.858017
2025-09-26 11:00:00,-0.31365967,3.5103607
2025-09-26 12:00:00,0.10369873,3.331665
2025-09-26 13:00:00,-0.030319214,2.8118591
2025-09-26 14:00:00,-0.5487671,2.1339264
2025-09-26 15:00:00,-1.0128784,1.394455
2025-09-26 16:00:00,-0.7333832,1.7713776
2025-09-26 17:00:00,-1.7549133,2.4430695
2025-09-26 18:00:00,-1.3574677,2.2718048
2025-09-26 19:00:00,-0.8643799,1.9971924
2025-09-26 20:00:00,-1.0026703,1.8877869
2025-09-26 21:00:00,-1.5518188,2.4789734
2025-09-26 22:00:00,0.015213013,2.3510895
2025-09-26 23:00:00,0.81500244,-0.8091583
2025-09-27 00:00:00,0.6425476,-2.535263
2025-09-27 01:00:00,0.33769226,-2.1697693
2025-09-27 02:00:00,0.9255676,-0.13174438
2025-09-27 03:00:00,1.7289276,1.208725
2025-09-27 04:00:00,2.942978,2.6976166
2025-09-27 05:00:00,3.3277588,4.4868317
2025-09-27 06:00:00,2.254486,5.6851807
2025-09-27 07:00:00,-0.5281067,5.6569824
2025-09-27 08:00:00,-0.5641327,6.103424
2025-09-27 09:00:00,1.886795,6.5188904
2025-09-27 10:00:00,-1.6571503,1.9268646
2025-09-27 11:00:00,-0.77233887,2.6038055
2025-09-27 12:00:00,3.731598,2.708191
2025-09-27 13:00:00,5.706314,-0.36383057
2025-09-27 14:00:00,3.23201,-0.85765076
2025-09-27 15:00:00,1.6513824,1.5328674
2025-09-27 16:00:00,1.5577087,3.6109924
2025-09-27 17:00:00,1.058075,4.377487
2025-09-27 18:00:00,1.0391388,4.181198
2025-09-27 19:00:00,3.259735,2.534439
2025-09-27 20:00:00,4.897171,-0.56843567
2025-09-27 21:00:00,5.5037537,-1.74469
2025-09-27 22:00:00,1.9650726,-4.534424
2025-09-27 23:00:00,-0.5027008,-2.3529358
2025-09-28 00:00:00,0.58221436,-2.321701
2025-09-28 01:00:00,0.09214783,-3.6723022
2025-09-28 02:00:00,0.51924133,-4.970398
2025-09-28 03:00:00,0.4085083,-5.623932
2025-09-28 04:00:00,0.52716064,-6.786484
2025-09-28 05:00:00,1.1671143,-7.7030945
2025-09-28 06:00:00,0.752594,-7.1546783
2025-09-28 07:00:00,0.832016,-6.2125397
2025-09-28 08:00:00,1.3999634,-5.713608
2025-09-28 09:00:00,1.8323059,-5.562317
2025-09-28 10:00:00,2.4844666,-6.2232056
2025-09-28 11:00:00,1.5983582,-5.7594147
2025-09-28 12:00:00,0.9144592,-4.8132477
2025-09-28 13:00:00,1.1676025,-4.00235
2025-09-28 14:00:00,2.0198517,-3.6883087
2025-09-28 15:00:00,3.0416412,-3.7006989
2025-09-28 16:00:00,4.3214874,-4.1827393
2025-09-28 17:00:00,5.4193573,-4.9600983
2025-09-28 18:00:00,5.8856964,-5.580887
2025-09-28 19:00:00,5.421417,-5.368103
2025-09-28 20:00:00,5.422226,-5.1959686
2025-09-28 21:00:00,5.368164,-5.478348
2025-09-28 22:00:00,4.7959747,-6.511902
2025-09-28 23:00:00,4.6259613,-6.612625
2025-09-29 00:00:00,4.632965,-6.347
2025-09-29 01:00:00,4.83284,-6.114319
2025-09-29 02:00:00,4.9755707,-6.054962
2025-09-29 03:00:00,4.723572,-6.061981
2025-09-29 04:00:00,4.436203,-6.2480164
2025-09-29 05:00:00,4.3680725,-6.2729187
2025-09-29 06:00:00,4.2388,-6.0755005
2025-09-29 07:00:00,4.2980957,-5.524185
2025-09-29 08:00:00,4.462723,-5.002121
2025-09-29 09:00:00,4.689621,-4.547455
2025-09-29 10:00:00,3.6534119,-4.011627
2025-09-29 11:00:00,3.9236603,-3.3728943
2025-09-29 12:00:00,4.754669,-2.6933746
2025-09-29 13:00:00,5.606415,-2.5891876
2025-09-29 14:00:00,6.2956543,-2.8628387
2025-09-29 15:00:00,6.53627,-2.9806213
2025-09-29 16:00:00,6.0510864,-2.866623
2025-09-29 17:00:00,5.672165,-2.7266693
2025-09-29 18:00:00,5.5453644,-2.5704193
2025-09-29 19:00:00,5.5116577,-2.4968414
2025-09-29 20:00:00,5.3990784,-2.666565
2025-09-29 21:00:00,5.1270447,-3.0365295
2025-09-29 22:00:00,3.5843506,-3.0233002
2025-09-29 23:00:00,3.0829315,-2.9084778
2025-09-30 00:00:00,2.6031647,-2.7522278
2025-09-30 01:00:00,2.2321167,-2.5947266
2025-09-30 02:00:00,1.9579773,-2.2536469
2025-09-30 03:00:00,1.7147369,-1.8101654
2025-09-30 04:00:00,1.5767822,-1.4367218
2025-09-30 05:00:00,1.458435,-1.207489
2025-09-30 06:00:00,1.3721008,-0.7368469
2025-09-30 07:00:00,1.4618073,-0.19438171
2025-09-30 08:00:00,1.7892151,0.23138428
2025-09-30 09:00:00,2.2261505,0.48236084
2025-09-30 10:00:00,2.4647217,0.23153687
2025-09-30 11:00:00,2.618225,-0.026641846
2025-09-30 12:00:00,2.9726257,-0.49674988
2025-09-30 13:00:00,3.2942657,-0.9684601
2025-09-30 14:00:00,3.4526672,-1.5045624
2025-09-30 15:00:00,3.6057892,-2.046463
2025-09-30 16:00:00,3.485855,-2.6307678
2025-09-30 17:00:00,3.0167236,-3.0103455
2025-09-30 18:00:00,1.9899597,-2.577118
2025-09-30 19:00:00,1.0557861,-1.5853882
2025-09-30 20:00:00,0.60717773,-0.42167664
2025-09-30 21:00:00,0.8338318,-0.12760925
2025-09-30 22:00:00,1.2891846,0.7147827
2025-09-30 23:00:00,1.5638123,0.6578369
2025-10-01 00:00:00,2.2275238,0.48355103
2025-10-01 01:00:00,1.4425201,1.0755768
2025-10-01 02:00:00,1.7237244,1.0018463
2025-10-01 03:00:00,2.0339508,0.44322205
2025-10-01 04:00:00,2.2871246,0.30844116
2025-10-01 05:00:00,2.5604553,1.2311096
2025-10-01 06:00:00,3.1453705,2.028656
2025-10-01 07:00:00,3.6221466,3.134674
2025-10-01 08:00:00,4.5049744,3.998642
2025-10-01 09:00:00,5.5742493,3.208908
2025-10-01 10:00:00,5.6512756,3.0437012
2025-10-01 11:00:00,6.2832947,2.60495
2025-10-01 12:00:00,7.4551544,1.637497
2025-10-01 13:00:00,7.306061,0.10272217
2025-10-01 14:00:00,7.3628845,0.32244873
2025-10-01 15:00:00,7.332657,0.5540619
2025-10-01 16:00:00,7.6264954,-0.16116333
2025-10-01 17:00:00,8.309418,-2.1547546
2025-10-01 18:00:00,7.71669,-4.1642303
2025-10-01 19:00:00,7.2707214,-3.9248962
2025-10-01 20:00:00,7.425293,-3.3562622
2025-10-01 21:00:00,8.122086,-3.4452667
2025-10-01 22:00:00,8.073532,-3.9600677
2025-10-01 23:00:00,9.023514,-3.9047089
2025-10-02 00:00:00,9.53154,-4.341049
2025-10-02 01:00:00,10.262817,-4.5803986
2025-10-02 02:00:00,10.861771,-5.7328186
2025-10-02 03:00:00,10.615707,-6.803421
2025-10-02 04:00:00,9.887482,-6.8224335
2025-10-02 05:00:00,9.866089,-6.9831543
2025-10-02 06:00:00,9.794205,-7.960312
2025-10-02 07:00:00,9.06015,-8.340622
2025-10-02 08:00:00,8.405609,-8.203171
2025-10-02 09:00:00,8.554779,-8.055069
2025-10-02 10:00:00,8.5589905,-7.5268707
2025-10-02 11:00:00,8.839661,-6.6762543
2025-10-02 12:00:00,9.342346,-6.1286163
2025-10-02 13:00:00,9.908279,-5.4797516
2025-10-02 14:00:00,10.701309,-6.31427
2025-10-02 15:00:00,10.321472,-7.5862427
2025-10-02 16:00:00,9.709122,-8.640579
2025-10-02 17:00:00,9.322235,-9.19722
2025-10-02 18:00:00,9.310226,-9.337387
2025-10-02 19:00:00,8.235168,-9.637711
2025-10-02 20:00:00,5.8723755,-9.71344
2025-10-02 21:00:00,2.9257965,-10.132294
2025-10-02 22:00:00,0.464386,-10.453217
2025-10-02 23:00:00,0.936615,-9.49295
2025-10-03 00:00:00,2.6659546,-8.80423
2025-10-03 01:00:00,4.3421173,-9.030914
2025-10-03 02:00:00,5.2200165,-9.217499
2025-10-03 03:00:00,5.248413,-9.325623
2025-10-03 04:00:00,4.8393707,-8.990768
2025-10-03 05:00:00,4.633667,-8.673981
2025-10-03 06:00:00,4.721283,-8.797195
2025-10-03 07:00:00,4.602234,-8.798279
2025-10-03 08:00:00,4.5496826,-8.786163
2025-10-03 09:00:00,4.479248,-8.374496
2025-10-03 10:00:00,3.801422,-8.142502
2025-10-03 11:00:00,4.747574,-6.893265
2025-10-03 12:00:00,6.178482,-6.138748
2025-10-03 13:00:00,7.684067,-5.606476
2025-10-03 14:00:00,9.417038,-5.8404846
2025-10-03 15:00:00,10.781296,-6.982086
2025-10-03 16:00:00,10.764191,-8.1336975
2025-10-03 17:00:00,10.032394,-8.959747
2025-10-03 18:00:00,8.417862,-9.785919
2025-10-03 19:00:00,6.3349304,-9.873657
2025-10-03 20:00:00,4.7241516,-9.849426
2025-10-03 21:00:00,4.015671,-9.624802
2025-10-03 22:00:00,3.614029,-9.675583
2025-10-03 23:00:00,3.4697876,-8.927673
2025-10-04 00:00:00,3.587326,-8.304443
2025-10-04 01:00:00,3.737854,-7.3270874
2025-10-04 02:00:00,3.923462,-6.7130585
2025-10-04 03:00:00,3.7764435,-6.7475586
2025-10-04 04:00:00,3.3791504,-6.445999
2025-10-04 05:00:00,3.2432098,-6.583557
2025-10-04 06:00:00,2.6536407,-5.975891
2025-10-04 07:00:00,2.2152863,-5.4736633
2025-10-04 08:00:00,2.1389313,-5.2450104
2025-10-04 09:00:00,2.1982727,-4.788803
2025-10-04 10:00:00,2.2545319,-3.736084
2025-10-04 11:00:00,3.1765442,-3.6224365
2025-10-04 12:00:00,3.6831512,-3.467804
2025-10-04 13:00:00,3.9476013,-3.3595123
2025-10-04 14:00:00,3.8362274,-3.2310638
2025-10-04 15:00:00,3.764206,-2.959793
2025-10-04 16:00:00,3.8176117,-2.6020203
2025-10-04 17:00:00,4.0820312,-2.3857422
2025-10-04 18:00:00,4.1527863,-2.421173
2025-10-04 19:00:00,4.1172028,-2.0944824
2025-10-04 20:00:00,4.161743,-1.5161133
2025-10-04 21:00:00,4.0747833,-0.80729675
2025-10-04 22:00:00,5.031128,-0.41046143
2025-10-04 23:00:00,5.221756,-0.078430176
2025-10-05 00:00:00,5.249466,0.002822876
2025-10-05 01:00:00,5.2518616,-0.32421875
2025-10-05 02:00:00,5.0584106,-0.5554962
2025-10-05 03:00:00,4.8618774,-0.53552246
2025-10-05 04:00:00,5.0078125,-0.71780396
2025-10-05 05:00:00,5.082779,-0.8283539
2025-10-05 06:00:00,4.7828217,-0.49198914
2025-10-05 07:00:00,4.5778503,0.18688965
2025-10-05 08:00:00,4.442566,1.3331604
2025-10-05 09:00:00,4.806305,2.461319
2025-10-05 10:00:00,4.7724,3.715683
2025-10-05 11:00:00,5.8969574,4.2644043
2025-10-05 12:00:00,6.865219,4.5981445
2025-10-05 13:00:00,8.446884,4.3197784
2025-10-05 14:00:00,8.796097,4.3080597
2025-10-05 15:00:00,9.0490265,4.5098877
2025-10-05 16:00:00,9.33934,4.463379
2025-10-05 17:00:00,9.654526,3.8038788
2025-10-05 18:00:00,9.610626,3.081833
2025-10-05 19:00:00,9.547882,2.739502
2025-10-05 20:00:00,9.436844,2.449173
2025-10-05 21:00:00,9.334091,1.9482422
2025-10-05 22:00:00,9.026535,0.48335266
2025-10-05 23:00:00,8.902237,-0.7167816
2025-10-06 00:00:00,8.3628235,-2.2746887
2025-10-06 01:00:00,7.6165466,-3.1720886
2025-10-06 02:00:00,7.270859,-3.0679626
2025-10-06 03:00:00,8.026596,-3.9267426
2025-10-06 04:00:00,8.951706,-5.4529877
2025-10-06 05:00:00,9.393448,-6.7095184
2025-10-06 06:00:00,9.525009,-6.5502625
2025-10-06 07:00:00,10.232422,-6.410553
2025-10-06 08:00:00,10.550491,-6.3123474
2025-10-06 09:00:00,10.771866,-6.736267
2025-10-06 10:00:00,10.098816,-7.4245605
2025-10-06 11:00:00,9.6427,-7.557907
2025-10-06 12:00:00,9.4414215,-7.9961395
2025-10-06 13:00:00,9.643768,-8.735626
2025-10-06 14:00:00,9.473236,-9.716202
2025-10-06 15:00:00,8.824982,-10.581223
2025-10-06 16:00:00,8.143616,-11.250793
2025-10-06 17:00:00,7.2217407,-11.580521
2025-10-06 18:00:00,5.3721466,-11.751648
2025-10-06 19:00:00,3.632019,-11.702209
2025-10-06 20:00:00,2.7299805,-11.391602
2025-10-06 21:00:00,2.9856567,-10.991287
2025-10-06 22:00:00,2.7422638,-10.235947
2025-10-06 23:00:00,3.2176208,-9.914886
2025-10-07 00:00:00,3.942566,-10.129471
2025-10-07 01:00:00,4.428116,-10.264847
2025-10-07 02:00:00,4.7297974,-10.279877
2025-10-07 03:00:00,4.689743,-10.52063
2025-10-07 04:00:00,4.5020905,-10.622208
2025-10-07 05:00:00,4.2032166,-10.689316
2025-10-07 06:00:00,4.1985016,-10.28775
2025-10-07 07:00:00,4.5906067,-9.972336
2025-10-07 08:00:00,4.973221,-9.931625
2025-10-07 09:00:00,5.224716,-9.961075
2025-10-07 10:00:00,6.2484283,-9.021164
2025-10-07 11:00:00,6.8298798,-8.828903
2025-10-07 12:00:00,7.3799896,-8.740982
2025-10-07 13:00:00,7.6764984,-9.320862
2025-10-07 14:00:00,7.5953217,-9.940094
2025-10-07 15:00:00,7.0133057,-10.578278
2025-10-07 16:00:00,6.005234,-11.116547
2025-10-07 17:00:00,4.8493347,-11.549667
2025-10-07 18:00:00,3.7638245,-11.764526
2025-10-07 19:00:00,2.8712463,-11.734253
2025-10-07 20:00:00,2.6093292,-11.414993
2025-10-07 21:00:00,2.9242096,-10.920807
2025-10-07 22:00:00,3.6387177,-11.549957
2025-10-07 23:00:00,4.3040314,-10.767319
2025-10-08 00:00:00,4.785309,-9.892471
2025-10-08 01:00:00,5.1768646,-9.347153
2025-10-08 02:00:00,5.618149,-9.171738
2025-10-08 03:00:00,6.1288605,-8.819321
2025-10-08 04:00:00,6.701004,-9.078629
2025-10-08 05:00:00,6.92511,-9.518524
2025-10-08 06:00:00,6.872818,-9.862915
2025-10-08 07:00:00,6.480774,-10.237778
2025-10-08 08:00:00,5.8534393,-10.2009735
2025-10-08 09:00:00,5.306671,-9.595169
2025-10-08 10:00:00,5.1994476,-8.195602
2025-10-08 11:00:00,5.663376,-7.509918
2025-10-08 12:00:00,6.3881683,-6.6532593
2025-10-08 13:00:00,7.1260223,-6.3161316
2025-10-08 14:00:00,7.6174774,-6.2490997
2025-10-08 15:00:00,8.094681,-6.161667
2025-10-08 16:00:00,8.07341,-6.491379
2025-10-08 17:00:00,8.0920105,-6.7966156
2025-10-08 18:00:00,7.482422,-7.2753754
2025-10-08 19:00:00,6.3431854,-7.560211
2025-10-08 20:00:00,4.826523,-7.289154
2025-10-08 21:00:00,3.1531372,-6.743515
2025-10-08 22:00:00,1.5903473,-6.374649
2025-10-08 23:00:00,-0.1006012,-4.6744843
2025-10-09 00:00:00,-0.87371826,-2.7383728
2025-10-09 01:00:00,-0.90834045,-1.1923981
2025-10-09 02:00:00,-0.63087463,-0.46328735
2025-10-09 03:00:00,-0.30529785,-0.037841797
2025-10-09 04:00:00,-0.21369934,0.23712158
2025-10-09 05:00:00,-0.2952118,0.58909607
2025-10-09 06:00:00,-0.34184265,0.9070587
2025-10-09 07:00:00,-0.118270874,1.4104614
2025-10-09 08:00:00,0.37402344,1.6838379
2025-10-09 09:00:00,0.5810394,1.6190338
2025-10-09 10:00:00,0.8148651,2.3312683
2025-10-09 11:00:00,1.403717,2.3202667
2025-10-09 12:00:00,2.134491,1.9226379
2025-10-09 13:00:00,2.5500946,1.212326
2025-10-09 14:00:00,2.9634552,0.60679626
2025-10-09 15:00:00,2.9568024,0.25749207
2025-10-09 16:00:00,2.6224365,0.017974854
2025-10-09 17:00:00,2.0588226,-0.041732788
2025-10-09 18:00:00,1.4944305,0.18418884
2025-10-09 19:00:00,1.0465393,0.46665955
2025-10-09 20:00:00,0.61354065,0.7817688
2025-10-09 21:00:00,0.24369812,1.1729279
2025-10-09 22:00:00,0.32266235,1.7736969
2025-10-09 23:00:00,0.031417847,2.357605
2025-10-10 00:00:00,-0.24798584,2.5711823
2025-10-10 01:00:00,-0.38137817,2.6834564
2025-10-10 02:00:00,-0.40925598,2.5057373
2025-10-10 03:00:00,-0.33518982,1.9748077
2025-10-10 04:00:00,-0.37223816,1.5973358
2025-10-10 05:00:00,-0.50901794,1.6626282
2025-10-10 06:00:00,-0.8999634,1.9246979
2025-10-10 07:00:00,-1.1216125,2.1655426
2025-10-10 08:00:00,-1.1012573,2.269928
2025-10-10 09:00:00,-0.94200134,2.0937195
2025-10-10 10:00:00,-0.6423645,2.0569916
2025-10-10 11:00:00,-0.5833893,1.9492645
2025-10-10 12:00:00,-0.7638397,1.6736755
2025-10-10 13:00:00,-1.1868286,1.4664459
2025-10-10 14:00:00,-1.4586945,1.063797
2025-10-10 15:00:00,-1.9172821,0.77249146
2025-10-10 16:00:00,-2.3578491,0.5061493
2025-10-10 17:00:00,-2.849411,0.12471008
2025-10-10 18:00:00,-3.3827972,0.60583496
2025-10-10 19:00:00,-3.5443115,0.7366028
2025-10-10 20:00:00,-3.606964,0.6279907
2025-10-10 21:00:00,-3.6467438,0.8618164
2025-10-10 22:00:00,-2.7885895,1.0300446
2025-10-10 23:00:00,-2.8655243,0.9773102
2025-10-11 00:00:00,-2.841278,0.7924957
2025-10-11 01:00:00,-2.943451,0.45765686
2025-10-11 02:00:00,-3.1687775,0.15852356
2025-10-11 03:00:00,-3.0812378,-0.062805176
2025-10-11 04:00:00,-3.231659,-0.23243713
2025-10-11 05:00:00,-3.3166656,-0.16404724
2025-10-11 06:00:00,-3.1081085,0.054229736
2025-10-11 07:00:00,-2.8092651,-0.039520264
2025-10-11 08:00:00,-2.6652527,-0.36437988
2025-10-11 09:00:00,-2.7425385,-0.6446686
2025-10-11 10:00:00,-2.4172058,-1.2194824
2025-10-11 11:00:00,-2.6321106,-1.1476593
2025-10-11 12:00:00,-2.628662,-1.0597534
2025-10-11 13:00:00,-2.6427307,-1.0440521
2025-10-11 14:00:00,-2.605133,-1.2552185
2025-10-11 15:00:00,-2.7121582,-1.6441803
2025-10-11 16:00:00,-2.9910583,-1.882431
2025-10-11 17:00:00,-3.1855621,-1.9262695
2025-10-11 18:00:00,-3.468399,-1.6404877
2025-10-11 19:00:00,-3.6421814,-1.2000427
2025-10-11 20:00:00,-3.8902283,-0.9272766
2025-10-11 21:00:00,-4.10878,-0.90722656
2025-10-11 22:00:00,-3.6196594,-0.29193115
2025-10-11 23:00:00,-3.7330933,-0.23449707
2025-10-12 00:00:00,-3.6678772,0.054641724
2025-10-12 01:00:00,-3.364563,0.4295044
2025-10-12 02:00:00,-3.0164032,0.63993835
2025-10-12 03:00:00,-2.7030182,0.57211304
2025-10-12 04:00:00,-2.7429962,0.2939453
2025-10-12 05:00:00,-2.8940887,-0.0015716553
2025-10-12 06:00:00,-3.2636108,-0.1802826
2025-10-12 07:00:00,-3.216751,0.009750366
2025-10-12 08:00:00,-2.9807587,0.3743286
2025-10-12 09:00:00,-2.7824097,0.6823273
2025-10-12 10:00:00,-1.4339447,1.441925
2025-10-12 11:00:00,-0.95266724,1.4735413
2025-10-12 12:00:00,-0.60639954,1.230484
2025-10-12 13:00:00,-0.28640747,1.0120239
2025-10-12 14:00:00,0.06385803,0.7346649
2025-10-12 15:00:00,0.30410767,0.1338501
2025-10-12 16:00:00,0.10002136,-0.47114563
2025-10-12 17:00:00,-0.5915222,-0.7206726
2025-10-12 18:00:00,-1.3696594,-0.5498352
2025-10-12 19:00:00,-1.6348267,-0.14326477
2025-10-12 20:00:00,-1.3017578,0.5838318
2025-10-12 21:00:00,-0.6190338,1.0350494
2025-10-12 22:00:00,0.439682,1.3969574
2025-10-12 23:00:00,0.74858093,1.427887
2025-10-13 00:00:00,1.0795441,1.1967316
2025-10-13 01:00:00,1.4117279,0.60380554
2025-10-13 02:00:00,1.3467712,-0.17671204
2025-10-13 03:00:00,1.0625458,-0.74095154
2025-10-13 04:00:00,0.8386688,-1.1981354
2025-10-13 05:00:00,0.8820038,-1.103653
2025-10-13 06:00:00,1.6092834,-1.1290283
2025-10-13 07:00:00,1.7967987,-0.9627991
2025-10-13 08:00:00,1.9398346,-0.6194763
2025-10-13 09:00:00,2.1038818,-0.45254517
2025-10-13 10:00:00,2.0270538,0.42292786
2025-10-13 11:00:00,2.0834198,0.97328186
2025-10-13 12:00:00,2.467392,1.1993866
2025-10-13 13:00:00,3.1076355,0.95596313
2025-10-13 14:00:00,3.6566315,0.3382721
2025-10-13 15:00:00,3.9497833,-0.38146973
2025-10-13 16:00:00,3.6733093,-0.77119446
2025-10-13 17:00:00,3.1150208,-0.87631226
2025-10-13 18:00:00,2.4141388,-0.8351135
2025-10-13 19:00:00,1.6470947,-0.5810394
2025-10-13 20:00:00,1.2802124,-0.13609314
2025-10-13 21:00:00,1.1026459,0.12889099
2025-10-13 22:00:00,1.2420654,0.7422333
2025-10-13 23:00:00,1.3110809,1.0961914
2025-10-14 00:00:00,1.1072388,1.0520782
2025-10-14 01:00:00,0.9113922,1.4360504
2025-10-14 02:00:00,0.8801727,1.8669586
2025-10-14 03:00:00,1.0324402,2.1793823
2025-10-14 04:00:00,1.1338806,2.1367493
2025-10-14 05:00:00,1.3509521,2.1458282
2025-10-14 06:00:00,1.3598938,2.1138
2025-10-14 07:00:00,1.2544708,2.1685333
2025-10-14 08:00:00,0.9523773,2.4186554
2025-10-14 09:00:00,0.62942505,2.812317
2025-10-14 10:00:00,1.2086487,3.6708984
2025-10-14 11:00:00,1.2261353,3.768982
2025-10-14 12:00:00,1.1031647,3.8760223
2025-10-14 13:00:00,0.8631439,3.788971
2025-10-14 14:00:00,0.32954407,3.6019592
2025-10-14 15:00:00,0.07183838,3.0657654
2025-10-14 16:00:00,0.65327454,1.9635468
2025-10-14 17:00:00,-0.23547363,2.490326
2025-10-14 18:00:00,-1.0670929,3.2579803
2025-10-14 19:00:00,-1.2163696,3.3600464
2025-10-14 20:00:00,-1.2761383,3.568222
2025-10-14 21:00:00,-1.346817,3.7574005
2025-10-14 22:00:00,-1.0544434,2.9937897
2025-10-14 23:00:00,-1.8503723,3.5249329
2025-10-15 00:00:00,-2.2057648,3.5337372
2025-10-15 01:00:00,-2.1473083,4.0697937
2025-10-15 02:00:00,-2.263916,4.961258
2025-10-15 03:00:00,-2.1889496,5.4432373
2025-10-15 04:00:00,-2.2012482,5.9629974
2025-10-15 05:00:00,-2.1566162,6.4323883
2025-10-15 06:00:00,-2.1728363,7.317734
2025-10-15 07:00:00,-1.732193,7.466278
2025-10-15 08:00:00,-1.7664795,7.2562866
2025-10-15 09:00:00,-2.4128418,7.0094757
2025-10-15 10:00:00,-0.42489624,5.778366
2025-10-15 11:00:00,0.25733948,5.342346
2025-10-15 12:00:00,0.14897156,3.8408966
2025-10-15 13:00:00,-1.7044525,1.633316
2025-10-15 14:00:00,-2.1294556,-0.25099182
2025-10-15 15:00:00,-1.791565,-0.5731354
2025-10-15 16:00:00,-3.110794,0.61157227
2025-10-15 17:00:00,-4.805664,1.7747345
2025-10-15 18:00:00,-5.6618195,3.6486359
2025-10-15 19:00:00,-5.0822906,5.2202606
2025-10-15 20:00:00,-3.9204712,6.0357513
2025-10-15 21:00:00,-2.934555,6.37352
2025-10-15 22:00:00,-3.3891144,6.2497406
2025-10-15 23:00:00,-2.5415344,6.050522
2025-10-16 00:00:00,-2.3917236,5.430069
2025-10-16 01:00:00,-2.552719,3.4865723
2025-10-16 02:00:00,-3.6513062,2.038086
2025-10-16 03:00:00,-4.2623596,2.682785
2025-10-16 04:00:00,-3.622284,3.1866913
2025-10-16 05:00:00,-3.2142944,3.3991241
2025-10-16 06:00:00,-2.9192505,3.2939148
2025-10-16 07:00:00,-2.4988098,2.7289124
2025-10-16 08:00:00,-2.2112732,1.8942413
2025-10-16 09:00:00,-2.403122,1.316925
2025-10-16 10:00:00,-1.6882782,-3.2773438
2025-10-16 11:00:00,-4.1944427,-4.222534
2025-10-16 12:00:00,-5.3234253,-3.167328
2025-10-16 13:00:00,-5.1605225,-2.006607
2025-10-16 14:00:00,-4.322464,-1.1556396
2025-10-16 15:00:00,-3.1810913,-0.5341034
2025-10-16 16:00:00,-1.8936157,0.23208618
2025-10-16 17:00:00,-0.13146973,0.34555054
2025-10-16 18:00:00,1.6165161,-0.536026
2025-10-16 19:00:00,3.151703,-1.8396759
2025-10-16 20:00:00,3.9448853,-2.8211365
2025-10-16 21:00:00,4.1412964,-2.8947906
2025-10-16 22:00:00,4.066635,-3.683731
2025-10-16 23:00:00,4.462326,-3.2612457
2025-10-17 00:00:00,5.0578766,-2.8419037
2025-10-17 01:00:00,6.021103,-2.5987244
2025-10-17 02:00:00,7.138611,-2.756958
2025-10-17 03:00:00,7.647217,-3.2053986
2025-10-17 04:00:00,7.8238373,-3.7055054
2025-10-17 05:00:00,8.069061,-4.1840057
2025-10-17 06:00:00,8.108307,-4.33313
2025-10-17 07:00:00,7.9205017,-4.1286163
2025-10-17 08:00:00,8.006027,-3.9029694
2025-10-17 09:00:00,8.4144745,-3.6792603
2025-10-17 10:00:00,7.865387,-3.7856903
2025-10-17 11:00:00,8.395142,-3.7794495
2025-10-17 12:00:00,8.470566,-3.9887695
2025-10-17 13:00:00,8.417374,-4.1076813
2025-10-17 14:00:00,8.285843,-4.3611755
2025-10-17 15:00:00,8.14621,-4.4057465
2025-10-17 16:00:00,8.240829,-4.4697266
2025-10-17 17:00:00,8.143478,-4.60289
2025-10-17 18:00:00,7.770294,-5.0605164
2025-10-17 19:00:00,6.988205,-5.193344
2025-10-17 20:00:00,6.0210724,-5.3470306
2025-10-17 21:00:00,4.943817,-5.5656433
2025-10-17 22:00:00,3.9470367,-5.598282
2025-10-17 23:00:00,2.4926605,-5.9102936
2025-10-18 00:00:00,-0.76582336,-4.528656
2025-10-18 01:00:00,-1.3437805,0.64149475
2025-10-18 02:00:00,2.992096,1.7872162
2025-10-18 03:00:00,2.7905273,-0.6370392
2025-10-18 04:00:00,1.7635193,-2.3548126
2025-10-18 05:00:00,0.5231323,-2.3829193
2025-10-18 06:00:00,-0.40252686,-1.8096466
2025-10-18 07:00:00,-1.5953827,-0.64834595
2025-10-18 08:00:00,-2.6900482,0.6351929
2025-10-18 09:00:00,-3.0592194,1.5329285
2025-10-18 10:00:00,-3.0789032,2.3986511
2025-10-18 11:00:00,-3.5111084,2.1426544
2025-10-18 12:00:00,-2.7768402,2.228714
2025-10-18 13:00:00,-3.0613403,1.2216187
2025-10-18 14:00:00,-3.8945923,0.5145569
2025-10-18 15:00:00,-6.7474823,-1.6587677
2025-10-18 16:00:00,-9.748657,-2.5017395
2025-10-18 17:00:00,-10.284958,-1.7276154
2025-10-18 18:00:00,-10.496902,-1.7820129
2025-10-18 19:00:00,-11.139175,-1.6873474
2025-10-18 20:00:00,-10.917618,0.28637695
2025-10-18 21:00:00,-11.055847,0.63623047
2025-10-18 22:00:00,-6.547882,-2.5499573
2025-10-18 23:00:00,-5.5831604,-6.1032715
2025-10-19 00:00:00,-5.8979797,-8.08844
2025-10-19 01:00:00,-6.599411,-8.461014
2025-10-19 02:00:00,-6.416336,-7.463318
2025-10-19 03:00:00,-5.4411316,-6.3998566
2025-10-19 04:00:00,-4.4503174,-6.708908
2025-10-19 05:00:00,-3.9112854,-7.5799255
2025-10-19 06:00:00,-4.160675,-7.790222
2025-10-19 07:00:00,-4.658905,-7.3095093
2025-10-19 08:00:00,-4.909546,-6.8651886
2025-10-19 09:00:00,-5.0512085,-6.315216
2025-10-19 10:00:00,-4.5662384,-5.2665863
2025-10-19 11:00:00,-4.2478027,-5.051712
2025-10-19 12:00:00,-4.089386,-5.478546
2025-10-19 13:00:00,-4.1686707,-6.062683
2025-10-19 14:00:00,-4.171753,-6.362732
2025-10-19 15:00:00,-4.0849915,-6.6076202
2025-10-19 16:00:00,-4.0145874,-6.6138306
2025-10-19 17:00:00,-4.189087,-6.656082
2025-10-19 18:00:00,-4.48114,-6.527649
2025-10-19 19:00:00,-4.892502,-5.865036
2025-10-19 20:00:00,-5.1801147,-4.8616333
2025-10-19 21:00:00,-5.042801,-4.171356
2025-10-19 22:00:00,-6.075012,-4.4729156
2025-10-19 23:00:00,-5.9785156,-3.5805054
2025-10-20 00:00:00,-5.085022,-3.143692
2025-10-20 01:00:00,-4.526703,-3.2650757
2025-10-20 02:00:00,-4.0184784,-3.3818207
2025-10-20 03:00:00,-3.4282074,-3.151352
2025-10-20 04:00:00,-3.445816,-3.4113922
2025-10-20 05:00:00,-3.1574402,-3.6477814
2025-10-20 06:00:00,-3.4272156,-3.713852
2025-10-20 07:00:00,-3.8353882,-3.5202484
2025-10-20 08:00:00,-4.052231,-2.7665253
2025-10-20 09:00:00,-3.9374237,-2.1557312
2025-10-20 10:00:00,-2.8912506,-2.592392
2025-10-20 11:00:00,-2.6937866,-1.9114838
2025-10-20 12:00:00,-2.6963654,-1.1628876
2025-10-20 13:00:00,-2.1064606,-0.54248047
2025-10-20 14:00:00,-1.3991394,-0.4497223
2025-10-20 15:00:00,-0.6900635,-0.70555115
2025-10-20 16:00:00,-0.48295593,-0.58509827
2025-10-20 17:00:00,-0.7715454,0.14648438
2025-10-20 18:00:00,-0.885025,0.9640503
2025-10-20 19:00:00,-0.5073395,1.3551941
2025-10-20 20:00:00,0.33850098,1.5684967
2025-10-20 21:00:00,0.96313477,1.8363037
2025-10-20 22:00:00,1.5817108,2.5505219
2025-10-20 23:00:00,1.907608,3.359192
2025-10-21 00:00:00,2.4049683,3.4110107
2025-10-21 01:00:00,2.9676971,2.7796326
2025-10-21 02:00:00,2.9991302,2.6573029
2025-10-21 03:00:00,3.004654,3.2694855
2025-10-21 04:00:00,3.208969,3.9286804
2025-10-21 05:00:00,3.4626617,4.146042
2025-10-21 06:00:00,3.8526459,4.2046967
2025-10-21 07:00:00,4.0749207,4.4305573
2025-10-21 08:00:00,3.9702148,4.6924896
2025-10-21 09:00:00,3.498764,5.2671204
2025-10-21 10:00:00,3.8060913,5.5945587
2025-10-21 11:00:00,3.934967,5.8137207
2025-10-21 12:00:00,4.058014,5.9707947
2025-10-21 13:00:00,4.058075,6.5414124
2025-10-21 14:00:00,4.264618,7.170578
2025-10-21 15:00:00,4.543747,7.2265167
2025-10-21 16:00:00,4.7166595,6.9494476
2025-10-21 17:00:00,4.565857,6.5105896
2025-10-21 18:00:00,4.391464,6.1341553
2025-10-21 19:00:00,4.3828278,6.0538177
2025-10-21 20:00:00,4.5733643,5.938263
2025-10-21 21:00:00,4.7383575,5.6372375
2025-10-21 22:00:00,5.1410217,4.5212708
2025-10-21 23:00:00,5.278778,4.1300354
2025-10-22 00:00:00,5.3493347,3.6691132
2025-10-22 01:00:00,5.3628387,3.4924316
2025-10-22 02:00:00,5.420685,3.4780579
2025-10-22 03:00:00,5.43927,3.182129
2025-10-22 04:00:00,5.421417,2.7509613
2025-10-22 05:00:00,5.164963,2.8024597
2025-10-22 06:00:00,4.893921,3.2135468
2025-10-22 07:00:00,4.9373474,3.4091797
2025-10-22 08:00:00,4.9844513,3.403305
2025-10-22 09:00:00,5.109436,3.0399017
2025-10-22 10:00:00,4.08638,1.6006012
2025-10-22 11:00:00,3.689972,1.6650696
2025-10-22 12:00:00,3.4385529,0.51512146
2025-10-22 13:00:00,3.6718903,-0.3918457
2025-10-22 14:00:00,3.592865,-2.4823914
2025-10-22 15:00:00,2.5026398,-3.3950806
2025-10-22 16:00:00,2.4088898,-2.2688446
2025-10-22 17:00:00,3.2530365,-1.9499512
2025-10-22 18:00:00,3.879547,-1.82164
2025-10-22 19:00:00,4.3489685,-1.3109283
2025-10-22 20:00:00,4.584244,-1.1499786
2025-10-22 21:00:00,4.631241,-1.3065033
2025-10-22 22:00:00,3.6846466,-1.384201
2025-10-22 23:00:00,3.8102875,-1.6351929
2025-10-23 00:00:00,3.7841797,-1.9200745
2025-10-23 01:00:00,4.780731,-2.9105225
2025-10-23 02:00:00,4.6703796,-2.7587738
2025-10-23 03:00:00,4.247925,-2.2844849
2025-10-23 04:00:00,4.672806,-1.9660797
2025-10-23 05:00:00,5.403702,-1.9286499
2025-10-23 06:00:00,6.688217,-2.7161865
2025-10-23 07:00:00,7.6641083,-3.2138672
2025-10-23 08:00:00,8.314529,-3.369461
2025-10-23 09:00:00,7.823868,-3.2277832
2025-10-23 10:00:00,6.6947327,-2.6495209
2025-10-23 11:00:00,6.684738,-2.081253
2025-10-23 12:00:00,6.5924835,-1.4029541
2025-10-23 13:00:00,6.8455963,-0.44706726
2025-10-23 14:00:00,7.650223,-0.20230103
2025-10-23 15:00:00,7.7991486,0.30137634
2025-10-23 16:00:00,7.892639,0.67637634
2025-10-23 17:00:00,7.928894,0.97824097
2025-10-23 18:00:00,7.6306915,0.5536041
2025-10-23 19:00:00,6.8493958,0.88638306
2025-10-23 20:00:00,6.177841,2.8640594
2025-10-23 21:00:00,6.197754,4.558502
2025-10-23 22:00:00,5.8728027,4.882324
2025-10-23 23:00:00,7.0050964,5.3650055
2025-10-24 00:00:00,8.48468,5.8684998
2025-10-24 01:00:00,10.170044,4.962082
2025-10-24 02:00:00,11.471512,3.0470428
2025-10-24 03:00:00,12.346603,-0.39857483
2025-10-24 04:00:00,11.514511,-2.0152283
2025-10-24 05:00:00,10.5559845,-2.4078522
2025-10-24 06:00:00,9.819489,-3.20549
2025-10-24 07:00:00,9.2548065,-4.5276947
2025-10-24 08:00:00,8.678818,-5.0012054
2025-10-24 09:00:00,8.531662,-4.815613
2025-10-24 10:00:00,8.1970825,-4.624222
2025-10-24 11:00:00,8.217224,-4.947708
2025-10-24 12:00:00,8.635513,-5.578842
2025-10-24 13:00:00,9.118973,-5.865097
2025-10-24 14:00:00,9.729904,-6.216873
2025-10-24 15:00:00,10.135193,-6.5276794
2025-10-24 16:00:00,10.4145355,-7.264618
2025-10-24 17:00:00,10.144409,-7.522415
2025-10-24 18:00:00,9.099075,-7.384613
2025-10-24 19:00:00,7.400711,-7.184433
2025-10-24 20:00:00,6.3881683,-6.541855
2025-10-24 21:00:00,6.547409,-5.266617
2025-10-24 22:00:00,6.161209,-3.6291199
2025-10-24 23:00:00,6.396515,-2.764038
2025-10-25 00:00:00,6.614273,-2.4416656
2025-10-25 01:00:00,6.3320312,-2.4269257
2025-10-25 02:00:00,5.660614,-2.6302185
2025-10-25 03:00:00,5.328705,-2.5853424
2025-10-25 04:00:00,5.1188965,-2.200241
2025-10-25 05:00:00,4.8225555,-1.6270905
2025-10-25 06:00:00,4.404114,-1.3282623
2025-10-25 07:00:00,3.8559418,-0.8743286
2025-10-25 08:00:00,3.3022308,-0.012908936
2025-10-25 09:00:00,2.7170105,1.1043854
2025-10-25 10:00:00,1.7402191,2.1444855
2025-10-25 11:00:00,1.1850433,2.9165802
2025-10-25 12:00:00,0.6909485,3.7463226
2025-10-25 13:00:00,0.53578186,4.5549774
2025-10-25 14:00:00,0.3414917,5.2935944
2025-10-25 15:00:00,0.27514648,5.8775787
2025-10-25 16:00:00,-0.059326172,6.253357
2025-10-25 17:00:00,0.034103394,6.679352
2025-10-25 18:00:00,0.6811676,6.575638
2025-10-25 19:00:00,1.486206,5.791565
2025-10-25 20:00:00,2.0119019,5.298523
2025-10-25 21:00:00,2.4389648,5.160019
2025-10-25 22:00:00,1.6193848,4.88414
2025-10-25 23:00:00,1.7487183,5.311142
2025-10-26 00:00:00,1.9923859,5.9071045
2025-10-26 01:00:00,2.532013,6.214737
2025-10-26 02:00:00,3.3552856,5.994217
2025-10-26 03:00:00,4.5576935,5.3437653
2025-10-26 04:00:00,5.6765594,4.525406
2025-10-26 05:00:00,6.5063477,3.9622345
2025-10-26 06:00:00,6.9802246,3.7644196
2025-10-26 07:00:00,7.449692,3.651184
2025-10-26 08:00:00,7.9570007,3.76857
2025-10-26 09:00:00,8.626572,3.9206543
2025-10-26 10:00:00,8.580307,3.7331543
2025-10-26 11:00:00,9.109055,3.9894714
2025-10-26 12:00:00,9.598007,4.5444794
2025-10-26 13:00:00,10.440063,5.208313
2025-10-26 14:00:00,11.144119,5.4528503
2025-10-26 15:00:00,11.559692,5.3056946
2025-10-26 16:00:00,11.926483,5.1650696
2025-10-26 17:00:00,12.106125,5.1037445
2025-10-26 18:00:00,12.040604,5.784851
2025-10-26 19:00:00,11.791016,6.8004913
2025-10-26 20:00:00,11.484558,7.6443787
2025-10-26 21:00:00,11.178635,7.785919
2025-10-26 22:00:00,11.460495,7.0035553
2025-10-26 23:00:00,12.7048645,5.530426
2025-10-27 00:00:00,12.332642,1.9486389
2025-10-27 01:00:00,10.104309,-3.5521698
2025-10-27 02:00:00,8.692673,-6.4702606
2025-10-27 03:00:00,8.731827,-7.13179
2025-10-27 04:00:00,9.0204315,-7.5674286
2025-10-27 05:00:00,8.916214,-7.5641327
2025-10-27 06:00:00,8.883057,-7.320923
2025-10-27 07:00:00,8.858231,-7.490402
2025-10-27 08:00:00,9.101501,-7.3827057
2025-10-27 09:00:00,9.764084,-7.3556824
2025-10-27 10:00:00,9.847214,-7.7852783
2025-10-27 11:00:00,9.858749,-7.2556915
2025-10-27 12:00:00,10.36116,-7.0357056
2025-10-27 13:00:00,10.810989,-7.2276917
2025-10-27 14:00:00,10.711166,-7.43396
2025-10-27 15:00:00,10.624512,-7.6845856
2025-10-27 16:00:00,10.628143,-7.9245605
2025-10-27 17:00:00,10.572876,-8.2161255
2025-10-27 18:00:00,10.246201,-8.427948
2025-10-27 19:00:00,9.713699,-8.657349
2025-10-27 20:00:00,9.069473,-8.660538
2025-10-27 21:00:00,8.920456,-8.6219635
2025-10-27 22:00:00,8.326523,-8.931137
2025-10-27 23:00:00,8.3098755,-9.445221
2025-10-28 00:00:00,8.139435,-9.180954
2025-10-28 01:00:00,8.102966,-8.561935
2025-10-28 02:00:00,8.503693,-8.447876
2025-10-28 03:00:00,8.774765,-8.896988
2025-10-28 04:00:00,8.559845,-9.051392
2025-10-28 05:00:00,8.049683,-9.196762
2025-10-28 06:00:00,7.4596252,-9.10553
2025-10-28 07:00:00,6.968155,-8.824799
2025-10-28 08:00:00,6.789749,-8.234756
2025-10-28 09:00:00,6.4644165,-7.737213
2025-10-28 10:00:00,4.796829,-6.9602356
2025-10-28 11:00:00,4.8807373,-5.7472534
2025-10-28 12:00:00,4.851837,-5.05661
2025-10-28 13:00:00,4.9680786,-4.5105286
2025-10-28 14:00:00,5.1830444,-4.110138
2025-10-28 15:00:00,5.4450684,-3.8505096
2025-10-28 16:00:00,5.3376617,-3.9138641
2025-10-28 17:00:00,4.9484406,-3.9968872
2025-10-28 18:00:00,4.2255554,-3.796936
2025-10-28 19:00:00,3.6637268,-3.487915
2025-10-28 20:00:00,3.058731,-3.0600433
2025-10-28 21:00:00,2.5311127,-2.5965576
2025-10-28 22:00:00,1.8139648,-1.6654358
2025-10-28 23:00:00,1.0734406,-1.0201263
2025-10-29 00:00:00,0.850296,-0.3232727
2025-10-29 01:00:00,1.0199432,0.30273438
2025-10-29 02:00:00,1.2206879,0.65693665
2025-10-29 03:00:00,1.312561,0.89068604
2025-10-29 04:00:00,1.1733551,1.0849304
2025-10-29 05:00:00,0.9969177,1.3556519
2025-10-29 06:00:00,1.1946869,1.6337433
2025-10-29 07:00:00,1.4459534,1.7226257
2025-10-29 08:00:00,1.568985,1.945343
2025-10-29 09:00:00,1.6772003,2.1381989
2025-10-29 10:00:00,1.4916077,1.8378906
2025-10-29 11:00:00,1.2487946,1.9029694
2025-10-29 12:00:00,1.2154541,1.8397369
2025-10-29 13:00:00,0.89308167,1.9507904
2025-10-29 14:00:00,0.2696228,2.1355896
2025-10-29 15:00:00,-0.7836609,2.3270874
2025-10-29 16:00:00,-1.6061096,2.8328705
2025-10-29 17:00:00,-1.5699768,3.5723877
2025-10-29 18:00:00,-1.6085052,4.136841
2025-10-29 19:00:00,-2.1254578,4.59523
2025-10-29 20:00:00,-2.7132263,5.1944885
2025-10-29 21:00:00,-2.8881683,5.8721313
2025-10-29 22:00:00,-2.1364899,6.3182373
2025-10-29 23:00:00,-1.8666687,6.295807
2025-10-30 00:00:00,-2.1229706,5.6888885
2025-10-30 01:00:00,-2.6525726,4.9548798
2025-10-30 02:00:00,-3.6798096,4.6364594
2025-10-30 03:00:00,-4.460083,4.95224
2025-10-30 04:00:00,-4.6520996,5.3588715
2025-10-30 05:00:00,-4.848175,5.681427
2025-10-30 06:00:00,-5.17955,5.7586517
2025-10-30 07:00:00,-5.384735,6.0055237
2025-10-30 08:00:00,-5.0451355,6.4025574
2025-10-30 09:00:00,-5.228897,6.727829
2025-10-30 10:00:00,-5.0214233,5.0260925
2025-10-30 11:00:00,-6.06604,5.0480194
2025-10-30 12:00:00,-7.013397,5.7046967
2025-10-30 13:00:00,-6.639038,5.814209
2025-10-30 14:00:00,-6.303543,5.2794037
2025-10-30 15:00:00,-6.1102295,4.875641
2025-10-30 16:00:00,-6.7973022,4.4575043
2025-10-30 17:00:00,-7.8075256,4.989395
2025-10-30 18:00:00,-7.9059143,5.6467743
2025-10-30 19:00:00,-7.5424194,5.49852
2025-10-30 20:00:00,-7.221344,5.2380524
2025-10-30 21:00:00,-6.447296,5.330597
2025-10-30 22:00:00,-0.8976135,7.399353
2025-10-30 23:00:00,0.27571106,5.8703156
2025-10-31 00:00:00,1.8126678,4.246872
2025-10-31 01:00:00,3.3097534,2.540863
2025-10-31 02:00:00,4.6559753,1.3584747
2025-10-31 03:00:00,5.2489014,0.4976654
2025-10-31 04:00:00,5.2019043,-0.028823853
2025-10-31 05:00:00,5.1254425,-0.2925415
2025-10-31 06:00:00,4.8841553,-0.16174316
2025-10-31 07:00:00,4.888565,0.2771759
2025-10-31 08:00:00,4.69989,0.85188293
2025-10-31 09:00:00,4.5886536,0.5638428
2025-10-31 10:00:00,4.3278656,0.0022583008
2025-10-31 11:00:00,4.9776764,-0.4006195
2025-10-31 12:00:00,5.368149,-1.6168213
2025-10-31 13:00:00,6.441513,-2.8433075
2025-10-31 14:00:00,7.4328613,-4.5907593
2025-10-31 15:00:00,6.9575195,-6.004898
2025-10-31 16:00:00,4.9035645,-5.0126953
2025-10-31 17:00:00,5.347824,-4.0533752
2025-10-31 18:00:00,6.4447937,-3.7986145
2025-10-31 19:00:00,6.8247223,-2.964447
2025-10-31 20:00:00,7.546417,-2.9329987
2025-10-31 21:00:00,7.6469116,-3.0245972
2025-10-31 22:00:00,7.7789764,-3.2451172
2025-10-31 23:00:00,7.990082,-3.4029388
2025-11-01 00:00:00,7.3907623,-3.4040985
2025-11-01 01:00:00,7.0841064,-3.225891
2025-11-01 02:00:00,6.9078064,-3.3486023
2025-11-01 03:00:00,6.3099365,-3.8482513
2025-11-01 04:00:00,4.9805145,-4.3367767
2025-11-01 05:00:00,3.3155518,-4.8737183
2025-11-01 06:00:00,1.7030487,-5.4889374
2025-11-01 07:00:00,-0.32363892,-5.7209167
2025-11-01 08:00:00,-2.2089386,-5.4766693
2025-11-01 09:00:00,-3.3102264,-4.933655
2025-11-01 10:00:00,-4.392334,-4.9370575
2025-11-01 11:00:00,-4.1145325,-4.317337
2025-11-01 12:00:00,-3.599884,-4.521698
2025-11-01 13:00:00,-3.4361725,-5.011902
2025-11-01 14:00:00,-3.289566,-5.439377
2025-11-01 15:00:00,-2.9064636,-5.6641083
2025-11-01 16:00:00,-2.7671814,-5.8687897
2025-11-01 17:00:00,-2.6069336,-5.8649597
2025-11-01 18:00:00,-2.7412567,-6.0934296
2025-11-01 19:00:00,-2.5816193,-6.564041
2025-11-01 20:00:00,-2.7756958,-7.0087433
2025-11-01 21:00:00,-3.075058,-7.2395325
2025-11-01 22:00:00,-2.9900513,-7.749771
2025-11-01 23:00:00,-2.857193,-7.9523773
2025-11-02 00:00:00,-3.0083923,-7.827591
2025-11-02 01:00:00,-3.255127,-7.74028
2025-11-02 02:00:00,-3.3166351,-7.472168
2025-11-02 03:00:00,-3.4688263,-7.2280426
2025-11-02 04:00:00,-4.076187,-6.825714
2025-11-02 05:00:00,-4.7500153,-6.4228363
2025-11-02 06:00:00,-5.186737,-5.8892975
2025-11-02 07:00:00,-5.1858826,-5.3053284
2025-11-02 08:00:00,-4.9389496,-4.869507
2025-11-02 09:00:00,-4.553055,-4.547348
2025-11-02 10:00:00,-3.4578857,-4.2319946
2025-11-02 11:00:00,-2.967743,-4.420532
2025-11-02 12:00:00,-3.0866241,-4.539276
2025-11-02 13:00:00,-3.5060272,-4.3405
2025-11-02 14:00:00,-3.570816,-4.0600586
2025-11-02 15:00:00,-2.8838806,-3.823944
2025-11-02 16:00:00,-2.269043,-3.8156738
2025-11-02 17:00:00,-1.9825134,-3.84523
2025-11-02 18:00:00,-2.1013794,-3.7185974
2025-11-02 19:00:00,-2.1639862,-3.3790588
2025-11-02 20:00:00,-2.3032532,-2.7513733
2025-11-02 21:00:00,-2.0772858,-2.2231293
2025-11-02 22:00:00,-1.6051636,-1.9482117
2025-11-02 23:00:00,-0.90979004,-2.1992645
2025-11-03 00:00:00,-0.39401245,-2.280899
2025-11-03 01:00:00,0.21122742,-2.1671143
2025-11-03 02:00:00,1.3015442,-2.1362915
2025-11-03 03:00:00,2.1233826,-2.195465
2025-11-03 04:00:00,2.8505096,-2.113556
2025-11-03 05:00:00,3.4658203,-1.9826965
2025-11-03 06:00:00,3.8336487,-1.7397003
2025-11-03 07:00:00,4.23761,-1.8246918
2025-11-03 08:00:00,4.751602,-2.1431122
2025-11-03 09:00:00,4.4697266,-1.6408997
2025-11-03 10:00:00,4.406891,-0.66197205
2025-11-03 11:00:00,5.248413,-0.5592804
2025-11-03 12:00:00,5.840988,-1.1916656
2025-11-03 13:00:00,6.0168,-2.056717
2025-11-03 14:00:00,6.164612,-3.1847382
2025-11-03 15:00:00,6.4958496,-4.336731
2025-11-03 16:00:00,6.4540253,-4.790344
2025-11-03 17:00:00,6.836792,-4.84021
2025-11-03 18:00:00,7.381531,-4.8002777
2025-11-03 19:00:00,7.8536987,-4.772278
2025-11-03 20:00:00,8.084991,-4.8531036
2025-11-03 21:00:00,8.140274,-5.233139
2025-11-03 22:00:00,8.048813,-5.5976257
2025-11-03 23:00:00,7.9598236,-6.022232
2025-11-04 00:00:00,7.910385,-6.475479
2025-11-04 01:00:00,7.682907,-7.3776245
2025-11-04 02:00:00,7.171112,-8.304596
2025-11-04 03:00:00,6.6867523,-8.380814
2025-11-04 04:00:00,6.3012085,-8.132782
2025-11-04 05:00:00,5.9393463,-7.6833496
2025-11-04 06:00:00,5.8320312,-7.1706543
2025-11-04 07:00:00,5.829544,-6.899597
2025-11-04 08:00:00,5.589386,-6.4861145
2025-11-04 09:00:00,5.2835236,-6.0564117
2025-11-04 10:00:00,4.1259155,-6.0332336
2025-11-04 11:00:00,3.6127625,-5.656006
2025-11-04 12:00:00,3.1483002,-5.116211
2025-11-04 13:00:00,3.0718536,-4.526062
2025-11-04 14:00:00,3.0666199,-4.518097
2025-11-04 15:00:00,2.7621155,-4.558426
2025-11-04 16:00:00,2.1342926,-4.4534607
2025-11-04 17:00:00,1.4906006,-4.3262024
2025-11-04 18:00:00,0.795105,-4.157776
2025-11-04 19:00:00,0.17773438,-3.7342987
2025-11-04 20:00:00,-0.31724548,-3.252945
2025-11-04 21:00:00,-0.89834595,-2.7759705
2025-11-04 22:00:00,-2.326126,-2.2850647
2025-11-04 23:00:00,-3.0127716,-1.5074921
2025-11-05 00:00:00,-3.2030334,-1.1352997
2025-11-05 01:00:00,-3.2357483,-0.92900085
2025-11-05 02:00:00,-3.521164,-0.87257385
2025-11-05 03:00:00,-3.5491486,-0.8299103
2025-11-05 04:00:00,-3.853424,-0.7819214
2025-11-05 05:00:00,-4.0818024,-0.64134216
2025-11-05 06:00:00,-4.307968,-0.27445984
2025-11-05 07:00:00,-4.495346,0.0382843
2025-11-05 08:00:00,-4.385269,0.33117676
2025-11-05 09:00:00,-4.1596527,0.6499176
2025-11-05 10:00:00,-2.8448486,-0.20854187
2025-11-05 11:00:00,-2.9663696,-0.16070557
2025-11-05 12:00:00,-2.8104248,0.091430664
2025-11-05 13:00:00,-2.5491638,0.32063293
2025-11-05 14:00:00,-2.444458,0.3892975
2025-11-05 15:00:00,-2.458023,0.35427856
2025-11-05 16:00:00,-2.8067627,0.33892822
2025-11-05 17:00:00,-3.4638214,0.3005371
2025-11-05 18:00:00,-3.961975,0.4840088
2025-11-05 19:00:00,-4.2332916,0.70303345
2025-11-05 20:00:00,-4.046997,0.8922272
2025-11-05 21:00:00,-3.551239,0.8968048
2025-11-05 22:00:00,-2.9973297,1.1932678
2025-11-05 23:00:00,-2.971878,1.0396118
2025-11-06 00:00:00,-3.0070953,0.947052
2025-11-06 01:00:00,-3.0222473,0.79299927
2025-11-06 02:00:00,-3.301117,0.81648254
2025-11-06 03:00:00,-3.4947662,0.8525238
2025-11-06 04:00:00,-3.3611603,0.8479614
2025-11-06 05:00:00,-3.185135,1.0021667
2025-11-06 06:00:00,-3.2738953,1.261795
2025-11-06 07:00:00,-3.199768,1.7084961
2025-11-06 08:00:00,-2.9549866,2.061737
2025-11-06 09:00:00,-2.6610565,2.4495392
2025-11-06 10:00:00,-2.3451385,2.622635
2025-11-06 11:00:00,-2.2786865,3.1717072
2025-11-06 12:00:00,-1.9234772,3.5303192
2025-11-06 13:00:00,-1.0912018,3.869934
2025-11-06 14:00:00,-0.23310852,3.9151459
2025-11-06 15:00:00,0.2945099,3.756134
2025-11-06 16:00:00,0.23614502,3.7279663
2025-11-06 17:00:00,0.24342346,3.867569
2025-11-06 18:00:00,0.2598877,4.2391815
2025-11-06 19:00:00,0.06455994,4.7324524
2025-11-06 20:00:00,0.40119934,5.0380554
2025-11-06 21:00:00,1.1173706,5.040848
2025-11-06 22:00:00,1.5931549,5.0502777
2025-11-06 23:00:00,1.9763947,4.9970703
2025-11-07 00:00:00,2.322937,5.0107117
2025-11-07 01:00:00,2.246231,5.0422516
2025-11-07 02:00:00,2.7753448,4.8242493
2025-11-07 03:00:00,2.8374634,4.492157
2025-11-07 04:00:00,1.6643219,5.0878296
2025-11-07 05:00:00,1.1005096,5.961899
2025-11-07 06:00:00,1.0418701,7.009674
2025-11-07 07:00:00,1.332367,8.167236
2025-11-07 08:00:00,2.034256,8.710434
2025-11-07 09:00:00,2.8341522,8.422974
2025-11-07 10:00:00,3.236267,7.6144257
2025-11-07 11:00:00,4.1384583,8.54985
2025-11-07 12:00:00,6.1539307,8.038528
2025-11-07 13:00:00,7.4952545,6.4855804
2025-11-07 14:00:00,8.00032,4.2431335
2025-11-07 15:00:00,7.8677826,0.78222656
2025-11-07 16:00:00,6.675308,-3.9022827
2025-11-07 17:00:00,4.344986,-5.3521423
2025-11-07 18:00:00,2.7435303,-4.489258
2025-11-07 19:00:00,2.395752,-3.1664886
2025-11-07 20:00:00,3.4775696,-2.2703094
2025-11-07 21:00:00,4.4673157,-1.6993408
2025-11-07 22:00:00,4.734482,-2.124298
2025-11-07 23:00:00,4.5799713,-1.9136353
2025-11-08 00:00:00,4.4010773,-1.1945496
2025-11-08 01:00:00,4.208206,-1.0949707
2025-11-08 02:00:00,3.9638367,-1.0570068
2025-11-08 03:00:00,3.6585999,-0.75839233
2025-11-08 04:00:00,3.2297363,-0.5003662
2025-11-08 05:00:00,2.8419037,-0.32920837
2025-11-08 06:00:00,2.4031677,-0.21568298
2025-11-08 07:00:00,2.1312866,-0.38311768
2025-11-08 08:00:00,1.8091888,-0.8171997
2025-11-08 09:00:00,1.3188324,-1.1376343
2025-11-08 10:00:00,0.29112244,-0.5072937
2025-11-08 11:00:00,-1.06633,0.2836914
2025-11-08 12:00:00,-1.5558319,-0.04298401
2025-11-08 13:00:00,-1.4493256,-0.44252014
2025-11-08 14:00:00,-1.4507751,-0.29162598
2025-11-08 15:00:00,-1.4285278,0.26875305
2025-11-08 16:00:00,-2.5438232,-0.20339966
2025-11-08 17:00:00,-3.6233368,-0.9934387
2025-11-08 18:00:00,-4.3904877,-0.62867737
2025-11-08 19:00:00,-4.7672424,0.24624634
2025-11-08 20:00:00,-3.6938477,0.7315674
2025-11-08 21:00:00,-2.4748535,1.1161346
2025-11-08 22:00:00,-2.8287354,3.0225372
2025-11-08 23:00:00,-1.1980286,3.1346588
2025-11-09 00:00:00,0.37646484,3.362671
2025-11-09 01:00:00,1.9531708,3.9403229
2025-11-09 02:00:00,3.901062,5.0569763
2025-11-09 03:00:00,5.9681854,4.7012177
2025-11-09 04:00:00,6.5131226,4.6219177
2025-11-09 05:00:00,6.592682,5.1975555
2025-11-09 06:00:00,6.352051,5.9525146
2025-11-09 07:00:00,6.5864563,6.8761444
2025-11-09 08:00:00,7.708969,7.1490173
2025-11-09 09:00:00,8.63913,6.673355
2025-11-09 10:00:00,8.654617,5.889557
2025-11-09 11:00:00,7.9491425,5.615509
2025-11-09 12:00:00,7.6411285,5.0882416
2025-11-09 13:00:00,8.168533,4.650299
2025-11-09 14:00:00,7.820801,4.5113373
2025-11-09 15:00:00,7.8041687,4.7670135
2025-11-09 16:00:00,8.780212,4.331848
2025-11-09 17:00:00,9.764465,2.7672272
2025-11-09 18:00:00,10.236816,1.5901031
2025-11-09 19:00:00,10.446777,1.1157837
2025-11-09 20:00:00,10.993942,0.42034912
2025-11-09 21:00:00,10.11084,-0.99765015
2025-11-09 22:00:00,8.12587,-2.4128723
2025-11-09 23:00:00,7.91391,-3.1057434
2025-11-10 00:00:00,7.810074,-3.2512054
2025-11-10 01:00:00,8.245987,-2.4687958
2025-11-10 02:00:00,9.029083,-1.8167114
2025-11-10 03:00:00,9.754547,-2.2766876
2025-11-10 04:00:00,9.287827,-3.4723206
2025-11-10 05:00:00,8.663834,-4.9926147
2025-11-10 06:00:00,8.015228,-5.9473877
2025-11-10 07:00:00,7.7647247,-5.998291
2025-11-10 08:00:00,7.861801,-5.853653
2025-11-10 09:00:00,8.313278,-5.7266083
2025-11-10 10:00:00,8.32933,-6.193512
2025-11-10 11:00:00,8.61763,-6.199173
2025-11-10 12:00:00,8.504227,-6.2471466
2025-11-10 13:00:00,8.533569,-5.7872925
2025-11-10 14:00:00,8.810913,-5.5014954
2025-11-10 15:00:00,8.930649,-5.5425415
2025-11-10 16:00:00,8.628189,-5.6562653
2025-11-10 17:00:00,8.081024,-5.670105
2025-11-10 18:00:00,7.6310577,-5.2542114
2025-11-10 19:00:00,7.6654053,-4.723816
2025-11-10 20:00:00,7.964508,-4.5070953
2025-11-10 21:00:00,8.1315,-4.8295593
2025-11-10 22:00:00,7.107605,-4.9579315
2025-11-10 23:00:00,6.8603516,-4.975357
2025-11-11 00:00:00,6.6334534,-4.7625275
2025-11-11 01:00:00,6.6874847,-4.46994
2025-11-11 02:00:00,7.09816,-4.225479
2025-11-11 03:00:00,7.401367,-4.2472076
2025-11-11 04:00:00,7.6193695,-4.573166
2025-11-11 05:00:00,7.546829,-5.112137
2025-11-11 06:00:00,7.1413574,-5.5525665
2025-11-11 07:00:00,6.5314484,-5.884842
2025-11-11 08:00:00,6.0757904,-5.9300537
2025-11-11 09:00:00,5.788025,-5.517761
2025-11-11 10:00:00,4.9088135,-5.452286
2025-11-11 11:00:00,4.7297363,-4.9681854
2025-11-11 12:00:00,4.5450897,-4.6119995
2025-11-11 13:00:00,4.2829742,-4.37764
2025-11-11 14:00:00,3.9717255,-4.118454
2025-11-11 15:00:00,3.6696472,-3.9483948
2025-11-11 16:00:00,3.4226685,-3.5536346
2025-11-11 17:00:00,3.3466492,-3.479248
2025-11-11 18:00:00,3.4512482,-3.3605042
2025-11-11 19:00:00,3.6140137,-3.2334747
2025-11-11 20:00:00,3.606598,-3.0380096
2025-11-11 21:00:00,3.5508575,-3.0782623
2025-11-11 22:00:00,3.1505127,-3.4448547
2025-11-11 23:00:00,3.1355743,-3.396225
2025-11-12 00:00:00,2.9266205,-3.307541
2025-11-12 01:00:00,2.6156464,-3.4457245
2025-11-12 02:00:00,2.2398987,-3.0402985
2025-11-12 03:00:00,2.234253,-2.9143372
2025-11-12 04:00:00,2.2217712,-2.7655792
2025-11-12 05:00:00,1.8286438,-3.0697632
2025-11-12 06:00:00,1.0209198,-3.0175934
2025-11-12 07:00:00,0.22573853,-2.425293
2025-11-12 08:00:00,-0.117889404,-1.6838989
2025-11-12 09:00:00,-0.15762329,-1.220047
2025-11-12 10:00:00,-0.90057373,-1.769928
2025-11-12 11:00:00,-1.3381348,-1.4314728
2025-11-12 12:00:00,-1.553009,-1.1599121
2025-11-12 13:00:00,-1.6239319,-1.1181488
2025-11-12 14:00:00,-1.7243958,-1.0897522
2025-11-12 15:00:00,-1.9723206,-1.0714722
2025-11-12 16:00:00,-2.2844849,-1.0570374
2025-11-12 17:00:00,-2.3674622,-0.6864624
2025-11-12 18:00:00,-2.275528,-0.32008362
2025-11-12 19:00:00,-2.1769867,-0.09718323
2025-11-12 20:00:00,-2.3745575,-0.25975037
2025-11-12 21:00:00,-2.700653,-0.4365387
2025-11-12 22:00:00,-3.23378,-0.5037689
2025-11-12 23:00:00,-3.3369904,-0.27140808
2025-11-13 00:00:00,-3.092041,-0.16397095
2025-11-13 01:00:00,-2.5516357,-0.17668152
2025-11-13 02:00:00,-1.8266602,-0.28555298
2025-11-13 03:00:00,-0.8756561,0.01878357
2025-11-13 04:00:00,-0.2842102,0.2517395
2025-11-13 05:00:00,-0.5601349,-0.13725281
2025-11-13 06:00:00,-1.2245789,-0.3901062
2025-11-13 07:00:00,-1.0256042,0.47642517
2025-11-13 08:00:00,-0.70758057,1.1903534
2025-11-13 09:00:00,-0.87042236,1.0323486
2025-11-13 10:00:00,-0.8792572,0.36550903
2025-11-13 11:00:00,-1.0207062,0.72717285
2025-11-13 12:00:00,-0.6022339,1.1519775
2025-11-13 13:00:00,-0.118133545,1.3858032
2025-11-13 14:00:00,0.2663269,1.1776123
2025-11-13 15:00:00,0.574646,0.9231415
2025-11-13 16:00:00,0.70384216,0.6262665
2025-11-13 17:00:00,0.6628876,0.5064697
2025-11-13 18:00:00,0.74086,0.7062988
2025-11-13 19:00:00,0.77111816,1.3421936
2025-11-13 20:00:00,0.8460388,1.9276581
2025-11-13 21:00:00,1.0088043,2.3020325
2025-11-13 22:00:00,1.016861,2.3085938
2025-11-13 23:00:00,0.8585663,2.640503
2025-11-14 00:00:00,0.7967682,2.798523
2025-11-14 01:00:00,1.1386871,2.8616943
2025-11-14 02:00:00,1.4581909,2.7737274
2025-11-14 03:00:00,1.5461121,2.72583
2025-11-14 04:00:00,1.4405212,2.7032776
2025-11-14 05:00:00,1.3386993,2.708252
2025-11-14 06:00:00,1.2732697,2.8972473
2025-11-14 07:00:00,1.4048462,3.2667542
2025-11-14 08:00:00,1.8179779,3.559372
2025-11-14 09:00:00,2.090973,3.5977478
2025-11-14 10:00:00,2.9116974,3.5525055
2025-11-14 11:00:00,2.9095612,3.439804
2025-11-14 12:00:00,2.99971,3.4971771
2025-11-14 13:00:00,3.1129456,3.579361
2025-11-14 14:00:00,2.96344,3.5367584
2025-11-14 15:00:00,2.758072,3.510666
2025-11-14 16:00:00,2.8481598,3.3123474
2025-11-14 17:00:00,3.0274353,3.3793335
2025-11-14 18:00:00,2.8701172,3.6189728
2025-11-14 19:00:00,2.6230927,3.9938507
2025-11-14 20:00:00,2.2955017,4.455597
2025-11-14 21:00:00,1.7891083,5.01799
2025-11-14 22:00:00,1.8878326,5.6992493
2025-11-14 23:00:00,2.3817139,6.4954834
2025-11-15 00:00:00,3.265396,6.582855
2025-11-15 01:00:00,3.471405,6.446518
2025-11-15 02:00:00,2.9967194,6.4166718
2025-11-15 03:00:00,2.5190277,6.7288666
2025-11-15 04:00:00,2.621704,6.4387817
2025-11-15 05:00:00,2.973877,6.0307617
2025-11-15 06:00:00,2.9721222,5.763199
2025-11-15 07:00:00,3.0358887,5.532837
2025-11-15 08:00:00,2.8463898,5.494156
2025-11-15 09:00:00,2.577591,5.5706177
2025-11-15 10:00:00,2.4851227,5.599289
2025-11-15 11:00:00,2.3855438,5.573807
2025-11-15 12:00:00,2.2505798,5.480774
2025-11-15 13:00:00,2.2446594,5.241745
2025-11-15 14:00:00,2.2752075,4.79039
2025-11-15 15:00:00,2.19458,4.498657
2025-11-15 16:00:00,2.1319122,4.4517365
2025-11-15 17:00:00,2.1165771,4.6757965
2025-11-15 18:00:00,2.0739746,5.044235
2025-11-15 19:00:00,2.161255,5.21463
2025-11-15 20:00:00,2.4031982,5.069687
2025-11-15 21:00:00,2.7748566,4.6580963
2025-11-15 22:00:00,2.4080963,4.034851
2025-11-15 23:00:00,2.0580444,4.218918
2025-11-16 00:00:00,1.8345184,4.776108
2025-11-16 01:00:00,1.8600311,5.173401
2025-11-16 02:00:00,1.78656,5.460541
2025-11-16 03:00:00,1.8329315,5.506256
2025-11-16 04:00:00,1.7687378,5.3210144
2025-11-16 05:00:00,1.4594269,5.3001556
2025-11-16 06:00:00,1.1534729,5.598877
2025-11-16 07:00:00,1.2441711,5.9766235
2025-11-16 08:00:00,1.1707916,6.370392
2025-11-16 09:00:00,0.98501587,6.849533
2025-11-16 10:00:00,0.45838928,5.884857
2025-11-16 11:00:00,0.6348419,6.3729553
2025-11-16 12:00:00,0.780838,6.730179
2025-11-16 13:00:00,0.5274811,7.2023163
2025-11-16 14:00:00,0.6520691,7.6391907
2025-11-16 15:00:00,0.92289734,8.098328
2025-11-16 16:00:00,1.3391113,8.209045
2025-11-16 17:00:00,1.1058197,8.587845
2025-11-16 18:00:00,1.0010071,9.395615
2025-11-16 19:00:00,0.70292664,10.237717
2025-11-16 20:00:00,0.22233582,11.164169
2025-11-16 21:00:00,0.59454346,11.748016
2025-11-16 22:00:00,1.1602631,13.00882
2025-11-16 23:00:00,2.034195,13.438324
2025-11-17 00:00:00,2.969574,12.847031
2025-11-17 01:00:00,3.6688843,12.238327
2025-11-17 02:00:00,4.3539276,11.566635
2025-11-17 03:00:00,5.295456,10.475616
2025-11-17 04:00:00,6.3045654,8.750641
2025-11-17 05:00:00,6.8052826,6.5216217
2025-11-17 06:00:00,6.7259216,4.5766144
2025-11-17 07:00:00,6.0993347,3.1301575
2025-11-17 08:00:00,5.525009,2.096466
2025-11-17 09:00:00,4.6318054,1.589798
2025-11-17 10:00:00,2.1817017,3.2894135
2025-11-17 11:00:00,2.4558105,4.6822357
2025-11-17 12:00:00,5.1212616,4.769226
2025-11-17 13:00:00,5.8186493,2.3199615
2025-11-17 14:00:00,1.1412048,1.2481384
2025-11-17 15:00:00,-0.6489868,5.0388184
2025-11-17 16:00:00,-0.061431885,8.217957
2025-11-17 17:00:00,-1.0179138,8.647263
2025-11-17 18:00:00,-1.866394,9.7933655
2025-11-17 19:00:00,-1.9160461,10.438889
2025-11-17 20:00:00,-0.7799988,10.674088
2025-11-17 21:00:00,-0.0042419434,10.641098
2025-11-17 22:00:00,-0.059570312,11.560577
2025-11-17 23:00:00,1.5466766,12.362747
2025-11-18 00:00:00,2.449936,10.85553
2025-11-18 01:00:00,3.7633514,8.34375
2025-11-18 02:00:00,4.1676483,4.4565887
2025-11-18 03:00:00,3.175232,2.3526306
2025-11-18 04:00:00,2.711914,2.3203888
2025-11-18 05:00:00,2.6841278,0.6152344
2025-11-18 06:00:00,1.4562683,-3.3354645
2025-11-18 07:00:00,-1.1058044,-6.4059143
2025-11-18 08:00:00,-4.3069763,-6.0815735
2025-11-18 09:00:00,-5.7742767,-5.0562286
2025-11-18 10:00:00,-4.284622,0.77394104
2025-11-18 11:00:00,-4.271942,1.7032776
2025-11-18 12:00:00,-2.597412,3.5552063
2025-11-18 13:00:00,-0.95506287,5.4301453
2025-11-18 14:00:00,1.4965515,6.9652557
2025-11-18 15:00:00,3.9161682,7.2077484
2025-11-18 16:00:00,4.835449,6.6336517
2025-11-18 17:00:00,4.8801575,6.2220917
2025-11-18 18:00:00,4.9039764,4.3669586
2025-11-18 19:00:00,2.504837,3.0484467
2025-11-18 20:00:00,1.3041687,4.668991
2025-11-18 21:00:00,2.1038055,5.768753
2025-11-18 22:00:00,4.62558,5.446411
2025-11-18 23:00:00,5.019928,2.5224457
2025-11-19 00:00:00,3.706253,-0.19499207
2025-11-19 01:00:00,2.3804932,-1.82547
2025-11-19 02:00:00,1.2588501,-2.9361115
2025-11-19 03:00:00,0.9404602,-4.370117
2025-11-19 04:00:00,0.8360596,-5.4787292
2025-11-19 05:00:00,0.26379395,-6.0319214
2025-11-19 06:00:00,0.42422485,-6.4842987
2025-11-19 07:00:00,0.6672821,-7.5596924
2025-11-19 08:00:00,0.51727295,-8.386185
2025-11-19 09:00:00,0.58314514,-8.095566
2025-11-19 10:00:00,1.7309113,-7.7772064
2025-11-19 11:00:00,1.6313629,-6.9920654
2025-11-19 12:00:00,2.009491,-6.285446
2025-11-19 13:00:00,2.152176,-5.7789307
2025-11-19 14:00:00,1.8557129,-6.073807
2025-11-19 15:00:00,2.2868652,-6.1810455
2025-11-19 16:00:00,1.0080261,-5.0989227
2025-11-19 17:00:00,0.098358154,-4.111511
2025-11-19 18:00:00,0.90960693,-4.2553864
2025-11-19 19:00:00,1.9087677,-4.4000854
2025-11-19 20:00:00,2.1331787,-3.8498077
2025-11-19 21:00:00,2.152649,-2.9619904
2025-11-19 22:00:00,2.566803,-2.8938599
2025-11-19 23:00:00,3.2286072,-3.2630768
2025-11-20 00:00:00,3.6310272,-3.7204742
2025-11-20 01:00:00,3.4217072,-3.8666382
2025-11-20 02:00:00,3.0119781,-3.5568695
2025-11-20 03:00:00,2.7681122,-3.359192
2025-11-20 04:00:00,2.346527,-3.3677979
2025-11-20 05:00:00,1.8519897,-3.5975647
2025-11-20 06:00:00,1.2548523,-3.83313
2025-11-20 07:00:00,0.39768982,-3.9225616
2025-11-20 08:00:00,-0.4126587,-3.7023926
2025-11-20 09:00:00,-1.105957,-3.387329
2025-11-20 10:00:00,-1.5731049,-2.269226
2025-11-20 11:00:00,-1.7901459,-2.134369
2025-11-20 12:00:00,-1.5847931,-2.2363129
2025-11-20 13:00:00,-0.7298889,-2.2986908
2025-11-20 14:00:00,0.11743164,-2.2030334
2025-11-20 15:00:00,0.43721008,-2.4328613
2025-11-20 16:00:00,0.85292053,-2.5115967
2025-11-20 17:00:00,1.0022888,-2.4787903
2025-11-20 18:00:00,0.7919159,-2.0612335
2025-11-20 19:00:00,1.2189026,-1.5621185
2025-11-20 20:00:00,1.8769379,-1.023346
2025-11-20 21:00:00,2.4647827,-0.34503174
2025-11-20 22:00:00,4.3693237,0.46720886
2025-11-20 23:00:00,4.348831,1.835968
2025-11-21 00:00:00,4.2532196,3.081604
2025-11-21 01:00:00,4.4470825,3.6206665
2025-11-21 02:00:00,5.7291718,4.087372
2025-11-21 03:00:00,7.2164307,3.7195587
2025-11-21 04:00:00,6.7141724,3.8127594
2025-11-21 05:00:00,5.649826,4.641922
2025-11-21 06:00:00,5.661255,5.5577393
2025-11-21 07:00:00,6.386978,6.042389
2025-11-21 08:00:00,7.689392,6.163727
2025-11-21 09:00:00,9.479935,4.944275
2025-11-21 10:00:00,10.852188,2.8451843
2025-11-21 11:00:00,10.046143,1.122406
2025-11-21 12:00:00,10.605469,1.182663
2025-11-21 13:00:00,11.370422,1.6798096
2025-11-21 14:00:00,10.990982,1.7941589
2025-11-21 15:00:00,10.105072,2.0688477
2025-11-21 16:00:00,9.627945,2.2700958
2025-11-21 17:00:00,10.361237,1.8421326
2025-11-21 18:00:00,10.550446,0.5982666
2025-11-21 19:00:00,9.955399,-0.6127472
2025-11-21 20:00:00,9.012161,-1.7884216
2025-11-21 21:00:00,7.901245,-2.3525238
2025-11-21 22:00:00,7.43396,-0.032409668
2025-11-21 23:00:00,7.019943,2.051651
2025-11-22 00:00:00,7.425171,3.671051
2025-11-22 01:00:00,8.673294,2.8931274
2025-11-22 02:00:00,9.402573,-0.7945404
2025-11-22 03:00:00,9.7247925,-5.029724
2025-11-22 04:00:00,10.39743,-5.989517
2025-11-22 05:00:00,11.084824,-5.1954956
2025-11-22 06:00:00,10.866943,-4.466446
2025-11-22 07:00:00,11.097824,-3.754303
2025-11-22 08:00:00,10.913132,-4.221588
2025-11-22 09:00:00,9.824051,-4.212509
2025-11-22 10:00:00,9.516571,-1.3472595
2025-11-22 11:00:00,10.557877,-0.6168823
2025-11-22 12:00:00,10.9410095,-0.613327
2025-11-22 13:00:00,11.225113,-0.9139862
2025-11-22 14:00:00,11.904541,-1.2293549
2025-11-22 15:00:00,12.296631,-1.1979675
2025-11-22 16:00:00,12.519943,-1.873703
2025-11-22 17:00:00,12.304825,-1.9239655
2025-11-22 18:00:00,12.575699,-0.73594666
2025-11-22 19:00:00,13.157028,-0.36006165
2025-11-22 20:00:00,13.443359,-0.2122345
2025-11-22 21:00:00,13.892883,-0.034820557
2025-11-22 22:00:00,13.904205,-1.8892212
2025-11-22 23:00:00,13.110504,-2.7147827
2025-11-23 00:00:00,12.3858795,-3.0683594
2025-11-23 01:00:00,11.870804,-3.6157074
2025-11-23 02:00:00,11.220703,-4.681656
2025-11-23 03:00:00,10.851654,-5.642334
2025-11-23 04:00:00,10.442078,-6.501175
2025-11-23 05:00:00,10.283936,-6.5363617
2025-11-23 06:00:00,10.042099,-6.469467
2025-11-23 07:00:00,10.0048065,-6.9192963
2025-11-23 08:00:00,10.058685,-7.3020782
2025-11-23 09:00:00,9.382935,-7.1743317
2025-11-23 10:00:00,7.481842,-6.217407
2025-11-23 11:00:00,7.302994,-5.270355
2025-11-23 12:00:00,7.9747314,-4.7027283
2025-11-23 13:00:00,8.605591,-5.1107483
2025-11-23 14:00:00,8.467453,-5.506668
2025-11-23 15:00:00,8.376022,-5.709427
2025-11-23 16:00:00,8.438538,-6.653366
2025-11-23 17:00:00,7.973404,-6.86821
2025-11-23 18:00:00,7.6424866,-5.996399
2025-11-23 19:00:00,7.960083,-5.271515
2025-11-23 20:00:00,8.35405,-4.9479675
2025-11-23 21:00:00,8.465637,-5.0350647
2025-11-23 22:00:00,7.30159,-4.5431824
2025-11-23 23:00:00,7.107437,-3.6109009
2025-11-24 00:00:00,7.122467,-2.9463348
2025-11-24 01:00:00,7.287491,-3.0677948
2025-11-24 02:00:00,7.590805,-3.2676544
2025-11-24 03:00:00,6.921921,-2.6434479
2025-11-24 04:00:00,5.938858,-0.9400635
2025-11-24 05:00:00,5.7113953,0.5105133
2025-11-24 06:00:00,5.868271,1.565918
2025-11-24 07:00:00,5.961273,2.8245697
2025-11-24 08:00:00,6.0401,3.6300201
2025-11-24 09:00:00,6.0634003,4.290085
2025-11-24 10:00:00,6.924759,4.5588226
2025-11-24 11:00:00,7.6693573,5.323227
2025-11-24 12:00:00,7.6158905,6.5620575
2025-11-24 13:00:00,7.4651794,7.3000336
2025-11-24 14:00:00,7.4677124,7.649231
2025-11-24 15:00:00,7.4961243,7.924347
2025-11-24 16:00:00,7.067871,8.591782
2025-11-24 17:00:00,7.106415,9.206345
2025-11-24 18:00:00,7.1420135,9.676315
2025-11-24 19:00:00,7.18013,10.011963
2025-11-24 20:00:00,7.9447327,9.70462
2025-11-24 21:00:00,8.973465,9.202057
2025-11-24 22:00:00,9.422455,9.351242
2025-11-24 23:00:00,9.488647,9.533798
2025-11-25 00:00:00,9.473648,9.409134
2025-11-25 01:00:00,9.424072,9.019394
2025-11-25 02:00:00,9.345764,8.392746
2025-11-25 03:00:00,9.2157135,8.10788
2025-11-25 04:00:00,9.021423,8.102127
2025-11-25 05:00:00,8.509079,8.2174225
2025-11-25 06:00:00,8.102386,8.779175
2025-11-25 07:00:00,8.169891,9.228348
2025-11-25 08:00:00,8.360519,9.59169
2025-11-25 09:00:00,8.477463,10.037964
2025-11-25 10:00:00,8.804718,9.530624
2025-11-25 11:00:00,9.219254,9.666565
2025-11-25 12:00:00,9.178329,9.6037445
2025-11-25 13:00:00,8.857666,9.918304
2025-11-25 14:00:00,8.22966,10.549484
2025-11-25 15:00:00,7.4746246,11.306366
2025-11-25 16:00:00,7.5948944,11.511871
2025-11-25 17:00:00,8.659256,11.196625
2025-11-25 18:00:00,9.893997,10.321014
2025-11-25 19:00:00,10.828796,8.930756
2025-11-25 20:00:00,10.978439,8.077911
2025-11-25 21:00:00,11.343323,6.768524
2025-11-25 22:00:00,10.89859,6.559326
2025-11-25 23:00:00,10.490372,5.278534
2025-11-26 00:00:00,9.661926,4.5090637
2025-11-26 01:00:00,9.046143,2.8378143
2025-11-26 02:00:00,7.437027,-1.4790344
2025-11-26 03:00:00,5.1241455,-5.508438
2025-11-26 04:00:00,3.9491272,-6.578903
2025-11-26 05:00:00,3.4441376,-5.591812
2025-11-26 06:00:00,3.2717285,-4.4522705
2025-11-26 07:00:00,3.1449432,-3.3369293
2025-11-26 08:00:00,2.975006,-1.9496765
2025-11-26 09:00:00,3.4696808,-0.9936218
2025-11-26 10:00:00,3.9129639,-1.6288605
2025-11-26 11:00:00,4.8749847,-1.3047485
2025-11-26 12:00:00,5.741745,-0.8483887
2025-11-26 13:00:00,6.249176,-0.14479065
2025-11-26 14:00:00,6.5539703,0.25294495
2025-11-26 15:00:00,7.346756,-0.11642456
2025-11-26 16:00:00,7.7374725,-1.0046692
2025-11-26 17:00:00,7.782715,-1.0587311
2025-11-26 18:00:00,7.9922943,-1.3145447
2025-11-26 19:00:00,9.040619,-2.4494019
2025-11-26 20:00:00,9.192612,-3.939499
2025-11-26 21:00:00,8.936539,-3.763092
2025-11-26 22:00:00,7.775223,-2.4144897
2025-11-26 23:00:00,7.1553802,-2.6591644
2025-11-27 00:00:00,7.074356,-2.7900848
2025-11-27 01:00:00,7.9246063,-2.1390076
2025-11-27 02:00:00,9.391327,-2.5569763
2025-11-27 03:00:00,9.23497,-3.964676
2025-11-27 04:00:00,8.1129,-2.6052094
2025-11-27 05:00:00,7.874954,-2.6415405
2025-11-27 06:00:00,7.574051,-3.224472
2025-11-27 07:00:00,6.375885,-2.4038239
2025-11-27 08:00:00,5.762726,-1.1148376
2025-11-27 09:00:00,6.5590363,-0.37278748
2025-11-27 10:00:00,7.114151,-0.34721375
2025-11-27 11:00:00,6.840851,-0.043807983
2025-11-27 12:00:00,6.5707245,0.40148926
2025-11-27 13:00:00,7.4393005,1.5803375
2025-11-27 14:00:00,8.066544,0.9966278
2025-11-27 15:00:00,7.5612946,1.2806396
2025-11-27 16:00:00,8.373077,1.0437317
2025-11-27 17:00:00,8.292938,0.09410095
2025-11-27 18:00:00,8.440552,0.24092102
2025-11-27 19:00:00,9.489777,-1.318985
2025-11-27 20:00:00,9.449402,-1.5758514
2025-11-27 21:00:00,9.589584,-0.9196167
2025-11-27 22:00:00,10.917938,-1.6283417
2025-11-27 23:00:00,10.480911,-1.8203125
2025-11-28 00:00:00,9.478851,-1.0717163
2025-11-28 01:00:00,10.401062,-1.6208038
2025-11-28 02:00:00,10.650848,-1.8946075
2025-11-28 03:00:00,9.988113,-1.9664001
2025-11-28 04:00:00,9.009216,-2.4947968
2025-11-28 05:00:00,8.035522,-2.1379547
2025-11-28 06:00:00,7.023041,-1.1385651
2025-11-28 07:00:00,5.98967,-0.075912476
2025-11-28 08:00:00,5.635956,0.5359955
2025-11-28 09:00:00,5.6343536,1.019043
2025-11-28 10:00:00,6.0218506,2.9939117
2025-11-28 11:00:00,6.509781,4.0174255
2025-11-28 12:00:00,6.656906,3.9329987
2025-11-28 13:00:00,5.6957397,3.719818
2025-11-28 14:00:00,4.6938477,2.805893
2025-11-28 15:00:00,4.082367,0.49830627
2025-11-28 16:00:00,3.004654,-2.8408966
2025-11-28 17:00:00,0.43377686,-4.3657837
2025-11-28 18:00:00,0.43119812,-4.5034943
2025-11-28 19:00:00,1.5542908,-4.966034
2025-11-28 20:00:00,2.0621796,-4.8502655
2025-11-28 21:00:00,2.140564,-4.4667206
2025-11-28 22:00:00,2.230011,-4.2375946
2025-11-28 23:00:00,3.0531158,-3.6286774
2025-11-29 00:00:00,3.4869995,-3.735199
2025-11-29 01:00:00,4.038208,-4.1594086
2025-11-29 02:00:00,4.00206,-4.2730865
2025-11-29 03:00:00,4.1488037,-4.3224335
2025-11-29 04:00:00,4.65773,-5.021881
2025-11-29 05:00:00,4.58284,-5.9426727
2025-11-29 06:00:00,4.2591095,-6.4951477
2025-11-29 07:00:00,4.2108307,-6.96579
2025-11-29 08:00:00,4.1144867,-6.86734
2025-11-29 09:00:00,4.5694427,-6.626892
2025-11-29 10:00:00,5.454529,-6.823044
2025-11-29 11:00:00,6.0920563,-6.848007
2025-11-29 12:00:00,6.3177185,-6.4848175
2025-11-29 13:00:00,6.776779,-5.680008
2025-11-29 14:00:00,7.7927246,-5.23024
2025-11-29 15:00:00,8.591537,-5.194809
2025-11-29 16:00:00,8.810654,-5.271286
2025-11-29 17:00:00,8.846344,-5.2904053
2025-11-29 18:00:00,8.79068,-5.3676605
2025-11-29 19:00:00,8.382095,-5.471176
2025-11-29 20:00:00,7.936905,-5.2751617
2025-11-29 21:00:00,7.9212036,-4.8832397
2025-11-29 22:00:00,7.827408,-4.039917
2025-11-29 23:00:00,8.132889,-3.667099
2025-11-30 00:00:00,8.457397,-3.4962463
2025-11-30 01:00:00,8.510834,-3.315979
2025-11-30 02:00:00,8.73613,-3.2779236
2025-11-30 03:00:00,8.941193,-2.9721985
2025-11-30 04:00:00,9.114792,-2.724823
2025-11-30 05:00:00,9.010651,-2.3576965
2025-11-30 06:00:00,8.593933,-2.1609192
2025-11-30 07:00:00,8.126694,-2.1005707
2025-11-30 08:00:00,7.5152283,-1.9046783
2025-11-30 09:00:00,7.047714,-1.7632446
2025-11-30 10:00:00,5.643158,-1.3431549
2025-11-30 11:00:00,5.1030426,-0.8145752
2025-11-30 12:00:00,4.8087006,-0.29841614
2025-11-30 13:00:00,4.5930786,0.12437439
2025-11-30 14:00:00,4.538452,0.61413574
2025-11-30 15:00:00,4.5624084,0.9485321
2025-11-30 16:00:00,4.330887,1.2460022
2025-11-30 17:00:00,3.8859253,1.3703003
2025-11-30 18:00:00,3.366867,1.7062836
2025-11-30 19:00:00,3.0388336,2.244751
2025-11-30 20:00:00,2.79245,2.7733765
2025-11-30 21:00:00,2.6524963,3.1024933
2025-11-30 22:00:00,2.4653168,4.2861786
2025-11-30 23:00:00,2.4894714,4.3845825
2025-12-01 00:00:00,2.5844727,4.544449
2025-12-01 01:00:00,2.677063,4.347946
2025-12-01 02:00:00,2.7654877,4.06073
2025-12-01 03:00:00,2.720169,3.5945587
2025-12-01 04:00:00,2.433731,3.0979767
2025-12-01 05:00:00,1.8506622,2.8106384
2025-12-01 06:00:00,1.4493713,2.995407
2025-12-01 07:00:00,1.4113312,3.2884216
2025-12-01 08:00:00,1.420044,3.4603424
2025-12-01 09:00:00,1.4778137,3.6722107
2025-12-01 10:00:00,1.9629974,2.66922
2025-12-01 11:00:00,1.4281769,2.685089
2025-12-01 12:00:00,1.040268,2.8216553
2025-12-01 13:00:00,0.9735718,2.9844208
2025-12-01 14:00:00,0.90086365,3.0268707
2025-12-01 15:00:00,0.9567261,3.0497742
2025-12-01 16:00:00,1.1909485,3.2305145
2025-12-01 17:00:00,1.0523834,3.1458893
2025-12-01 18:00:00,0.77656555,3.3852997
2025-12-01 19:00:00,0.30802917,3.997223
2025-12-01 20:00:00,-0.04159546,4.9490204
2025-12-01 21:00:00,-0.12994385,5.698105
2025-12-01 22:00:00,0.47546387,6.2022095
2025-12-01 23:00:00,0.1641388,5.898468
2025-12-02 00:00:00,-0.047302246,5.5802155
2025-12-02 01:00:00,-0.39891052,5.148178
2025-12-02 02:00:00,-0.6274872,4.7579803
2025-12-02 03:00:00,-0.99290466,4.35968
2025-12-02 04:00:00,-1.7284241,3.8888245
2025-12-02 05:00:00,-2.7514038,3.579544
2025-12-02 06:00:00,-3.829483,3.5628357
2025-12-02 07:00:00,-4.7630157,3.7727509
2025-12-02 08:00:00,-5.574524,4.005478
2025-12-02 09:00:00,-5.9016876,4.2992096
2025-12-02 10:00:00,-5.4257355,2.8507233
2025-12-02 11:00:00,-5.403473,2.4040527
2025-12-02 12:00:00,-5.131531,2.4135895
2025-12-02 13:00:00,-5.004181,1.9220428
2025-12-02 14:00:00,-4.948517,1.4546356
2025-12-02 15:00:00,-4.2405853,2.358139
2025-12-02 16:00:00,-3.8157349,3.5047302
2025-12-02 17:00:00,-3.269104,4.1469727
2025-12-02 18:00:00,-2.4629974,5.176605
2025-12-02 19:00:00,-2.0220795,6.125885
2025-12-02 20:00:00,-2.4626312,7.10347
2025-12-02 21:00:00,-2.973816,8.472336
2025-12-02 22:00:00,-1.8084564,7.2012024
2025-12-02 23:00:00,-0.42088318,7.318695
2025-12-03 00:00:00,0.13627625,6.925766
2025-12-03 01:00:00,-0.19146729,6.194763
2025-12-03 02:00:00,-0.95851135,4.886902
2025-12-03 03:00:00,-0.8510437,3.1996765
2025-12-03 04:00:00,-1.0085754,0.9908447
2025-12-03 05:00:00,-2.038498,-0.3866577
2025-12-03 06:00:00,-3.6089783,-0.7774811
2025-12-03 07:00:00,-4.2901764,-1.0164337
2025-12-03 08:00:00,-4.616379,-1.2238007
2025-12-03 09:00:00,-5.079788,-1.8083954
2025-12-03 10:00:00,-4.004196,-4.4557343
2025-12-03 11:00:00,-3.6538696,-4.505478
2025-12-03 12:00:00,-3.6361847,-4.662216
2025-12-03 13:00:00,-2.6659698,-4.6734467
2025-12-03 14:00:00,-1.3430023,-4.80542
2025-12-03 15:00:00,-0.7789459,-5.03656
2025-12-03 16:00:00,-0.49913025,-4.98349
2025-12-03 17:00:00,0.38079834,-4.3096466
2025-12-03 18:00:00,1.6737366,-3.7108002
2025-12-03 19:00:00,2.558258,-3.4569702
2025-12-03 20:00:00,3.1292572,-3.061264
2025-12-03 21:00:00,3.8391724,-2.635666
2025-12-03 22:00:00,4.247711,-2.9851227
2025-12-03 23:00:00,5.7528534,-2.279831
2025-12-04 00:00:00,7.15773,-1.8391724
2025-12-04 01:00:00,8.360519,-1.7398682
2025-12-04 02:00:00,9.272049,-1.9498291
2025-12-04 03:00:00,9.577225,-2.080185
2025-12-04 04:00:00,9.551788,-2.4518433
2025-12-04 05:00:00,9.455933,-3.1194916
2025-12-04 06:00:00,8.215103,-3.9638672
2025-12-04 07:00:00,7.1413574,-4.491089
2025-12-04 08:00:00,7.0536346,-4.0093384
2025-12-04 09:00:00,7.7075653,-2.0928497
2025-12-04 10:00:00,9.59053,-2.0060577
2025-12-04 11:00:00,8.590027,-2.248703
2025-12-04 12:00:00,8.717667,-2.0525818
2025-12-04 13:00:00,9.094986,-2.9164886
2025-12-04 14:00:00,8.659363,-4.417816
2025-12-04 15:00:00,8.513687,-5.7516785
2025-12-04 16:00:00,8.490814,-6.786682
2025-12-04 17:00:00,9.180328,-8.117645
2025-12-04 18:00:00,9.473068,-8.776108
2025-12-04 19:00:00,9.745071,-9.0585785
2025-12-04 20:00:00,10.099136,-9.152939
2025-12-04 21:00:00,10.4578705,-8.527573
2025-12-04 22:00:00,9.693939,-7.5755157
2025-12-04 23:00:00,10.286118,-6.3941956
2025-12-05 00:00:00,10.684326,-5.3350067
2025-12-05 01:00:00,11.0252075,-4.326599
2025-12-05 02:00:00,10.928741,-3.6128235
2025-12-05 03:00:00,10.958649,-2.9120483
2025-12-05 04:00:00,11.47023,-2.1407318
2025-12-05 05:00:00,11.236938,-1.4851837
2025-12-05 06:00:00,10.751205,-0.96661377
2025-12-05 07:00:00,10.355667,-0.20469666
2025-12-05 08:00:00,10.122665,0.68418884
2025-12-05 09:00:00,10.069611,1.3160248
2025-12-05 10:00:00,10.358429,1.1785278
2025-12-05 11:00:00,8.973801,0.10595703
2025-12-05 12:00:00,7.4760437,0.21229553
2025-12-05 13:00:00,7.9674225,-0.99627686
2025-12-05 14:00:00,6.8657227,-1.7216339
2025-12-05 15:00:00,7.50737,-1.7941895
2025-12-05 16:00:00,7.707062,-1.6349945
2025-12-05 17:00:00,6.390747,-3.008667
2025-12-05 18:00:00,5.9347534,-4.2611084
2025-12-05 19:00:00,6.883606,-5.3381805
2025-12-05 20:00:00,7.539032,-6.319519
2025-12-05 21:00:00,7.5016937,-7.349457
2025-12-05 22:00:00,6.0279083,-8.502502
2025-12-05 23:00:00,4.093582,-8.756287
2025-12-06 00:00:00,2.6326447,-8.902069
2025-12-06 01:00:00,2.1455078,-8.661087
2025-12-06 02:00:00,1.6005249,-8.384735
2025-12-06 03:00:00,1.3473358,-8.130783
2025-12-06 04:00:00,1.3986359,-7.8885803
2025-12-06 05:00:00,1.1616058,-7.5186005
2025-12-06 06:00:00,1.427887,-6.724777
2025-12-06 07:00:00,2.4008636,-6.0871887
2025-12-06 08:00:00,3.5852966,-6.2391815
2025-12-06 09:00:00,4.3715973,-6.8782043
2025-12-06 10:00:00,4.9149323,-7.9495697
2025-12-06 11:00:00,5.532013,-7.9922028
2025-12-06 12:00:00,6.4463196,-7.994766
2025-12-06 13:00:00,7.3496704,-8.283997
2025-12-06 14:00:00,7.907135,-8.84668
2025-12-06 15:00:00,8.459778,-9.419922
2025-12-06 16:00:00,9.05191,-10.059723
2025-12-06 17:00:00,9.2986145,-10.325363
2025-12-06 18:00:00,9.508713,-10.000626
2025-12-06 19:00:00,10.008469,-10.158737
2025-12-06 20:00:00,10.1102295,-10.389099
2025-12-06 21:00:00,10.047043,-10.357681
2025-12-06 22:00:00,8.757828,-9.036118
2025-12-06 23:00:00,8.739502,-8.353073
2025-12-07 00:00:00,8.781448,-7.9763184
2025-12-07 01:00:00,8.583511,-7.834427
2025-12-07 02:00:00,8.510605,-8.202194
2025-12-07 03:00:00,7.7165527,-8.414825
2025-12-07 04:00:00,7.320389,-8.557556
2025-12-07 05:00:00,7.6363983,-9.21196
2025-12-07 06:00:00,7.9239044,-9.98056
2025-12-07 07:00:00,7.5561523,-9.861771
2025-12-07 08:00:00,7.6687164,-9.685242
2025-12-07 09:00:00,7.7607727,-9.331802
2025-12-07 10:00:00,7.509796,-8.61142
2025-12-07 11:00:00,8.249008,-7.7594604
2025-12-07 12:00:00,8.938278,-7.0321655
2025-12-07 13:00:00,9.617828,-5.933304
2025-12-07 14:00:00,10.2005005,-5.6561584
2025-12-07 15:00:00,10.674088,-6.5929565
2025-12-07 16:00:00,10.491348,-7.687027
2025-12-07 17:00:00,10.065475,-8.439804
2025-12-07 18:00:00,9.508942,-8.625137
2025-12-07 19:00:00,9.305176,-9.447464
2025-12-07 20:00:00,8.699448,-10.106186
2025-12-07 21:00:00,7.9960938,-10.045746
2025-12-07 22:00:00,6.8867035,-9.991989
2025-12-07 23:00:00,6.7810364,-9.565506
2025-12-08 00:00:00,6.7758636,-9.249115
2025-12-08 01:00:00,6.3412933,-9.205322
2025-12-08 02:00:00,6.5095673,-8.321259
2025-12-08 03:00:00,6.424103,-8.1887665
2025-12-08 04:00:00,6.1985474,-8.392639
2025-12-08 05:00:00,5.878113,-8.8259735
2025-12-08 06:00:00,5.4552307,-8.9535675
2025-12-08 07:00:00,5.4408264,-8.708359
2025-12-08 08:00:00,5.198868,-8.620651
2025-12-08 09:00:00,4.8023987,-8.464111
2025-12-08 10:00:00,3.9346924,-8.1280365
2025-12-08 11:00:00,3.3644257,-7.589447
2025-12-08 12:00:00,2.8377228,-6.4515533
2025-12-08 13:00:00,2.3679504,-6.0734863
2025-12-08 14:00:00,1.277298,-5.6588287
2025-12-08 15:00:00,0.72468567,-4.6931458
2025-12-08 16:00:00,0.09429932,-4.0803833
2025-12-08 17:00:00,-1.034317,-3.582138
2025-12-08 18:00:00,-1.9715118,-2.6290283
2025-12-08 19:00:00,-2.321579,-1.1026306
2025-12-08 20:00:00,-1.9728699,0.3477173
2025-12-08 21:00:00,-1.8409882,1.2535858
2025-12-08 22:00:00,-1.9491882,1.5041962
2025-12-08 23:00:00,-2.4407654,1.7462616
2025-12-09 00:00:00,-2.5625763,1.9882202
2025-12-09 01:00:00,-2.0052338,2.5680237
2025-12-09 02:00:00,-1.5149689,2.7908783
2025-12-09 03:00:00,-1.4603119,2.413208
2025-12-09 04:00:00,-1.722702,2.1640778
2025-12-09 05:00:00,-2.0231476,2.0279694
2025-12-09 06:00:00,-2.1383667,2.4167938
2025-12-09 07:00:00,-2.2442017,2.6894531
2025-12-09 08:00:00,-2.2634125,2.8131866
2025-12-09 09:00:00,-2.1030273,2.8491364
2025-12-09 10:00:00,-1.9613953,2.4208221
2025-12-09 11:00:00,-1.7809753,2.6161652
2025-12-09 12:00:00,-1.522171,2.8768005
2025-12-09 13:00:00,-1.247757,3.028183
2025-12-09 14:00:00,-1.0407562,2.79599
2025-12-09 15:00:00,-0.91244507,2.4440308
2025-12-09 16:00:00,-0.9971924,2.0885315
2025-12-09 17:00:00,-1.2883606,1.922409
2025-12-09 18:00:00,-1.5694885,2.0645142
2025-12-09 19:00:00,-1.6413422,2.5197906
2025-12-09 20:00:00,-1.6244507,2.9309845
2025-12-09 21:00:00,-1.4893494,3.1685333
2025-12-09 22:00:00,-0.91586304,3.5184174
2025-12-09 23:00:00,-0.76005554,3.3014374
2025-12-10 00:00:00,-0.68078613,3.0296478
2025-12-10 01:00:00,-0.6332855,2.7086182
2025-12-10 02:00:00,-0.48072815,2.6603088
2025-12-10 03:00:00,-0.15504456,2.6503143
2025-12-10 04:00:00,0.011993408,2.641388
2025-12-10 05:00:00,0.05026245,2.4581604
2025-12-10 06:00:00,-0.1399231,2.2377014
2025-12-10 07:00:00,-0.33947754,1.920517
2025-12-10 08:00:00,-0.56121826,1.8734894
2025-12-10 09:00:00,-0.7156372,1.9099426
2025-12-10 10:00:00,-0.8744812,1.5836029
2025-12-10 11:00:00,-0.90885925,2.14888
2025-12-10 12:00:00,-0.7440796,2.5976715
2025-12-10 13:00:00,-0.4711914,2.7831268
2025-12-10 14:00:00,-0.17640686,2.4274445
2025-12-10 15:00:00,0.1516571,2.1994934
2025-12-10 16:00:00,0.16200256,2.0698395
2025-12-10 17:00:00,-0.0095825195,1.7870178
2025-12-10 18:00:00,-0.2359314,1.6434021
2025-12-10 19:00:00,-0.4449768,1.7242584
2025-12-10 20:00:00,-0.32513428,1.9739075
2025-12-10 21:00:00,0.0035095215,2.1231842
2025-12-10 22:00:00,1.0621796,2.1246338
2025-12-10 23:00:00,1.481247,1.4595795
2025-12-11 00:00:00,1.5632782,0.80752563
2025-12-11 01:00:00,1.0556793,-0.07357788
2025-12-11 02:00:00,0.34329224,-0.8048706
2025-12-11 03:00:00,-0.77705383,-1.2000885
2025-12-11 04:00:00,-1.8232269,-1.1663971
2025-12-11 05:00:00,-2.741928,-1.0632935
2025-12-11 06:00:00,-3.2574463,-0.73150635
2025-12-11 07:00:00,-3.579071,-0.49421692
2025-12-11 08:00:00,-3.6235657,-0.16996765
2025-12-11 09:00:00,-3.37352,0.3638153
2025-12-11 10:00:00,-2.8046722,0.2685547
2025-12-11 11:00:00,-2.5887146,0.4391632
2025-12-11 12:00:00,-2.3219604,0.49986267
2025-12-11 13:00:00,-1.9317017,0.30160522
2025-12-11 14:00:00,-1.5128326,0.042282104
2025-12-11 15:00:00,-1.2730865,-0.355011
2025-12-11 16:00:00,-1.4290771,-0.8674774
2025-12-11 17:00:00,-1.786789,-1.0518036
2025-12-11 18:00:00,-2.152481,-1.007843
2025-12-11 19:00:00,-2.4104462,-0.93637085
2025-12-11 20:00:00,-2.46727,-0.93678284
2025-12-11 21:00:00,-2.4308624,-0.7621918
2025-12-11 22:00:00,-2.2174683,-0.1728363
2025-12-11 23:00:00,-2.2493744,0.3480835
2025-12-12 00:00:00,-1.8851471,0.6664276
2025-12-12 01:00:00,-1.5639191,0.69099426
2025-12-12 02:00:00,-1.4253082,0.12863159
2025-12-12 03:00:00,-1.6263275,-0.6292114
2025-12-12 04:00:00,-2.016983,-1.190033
2025-12-12 05:00:00,-2.4692535,-1.2725372
2025-12-12 06:00:00,-2.9089203,-0.9796753
2025-12-12 07:00:00,-3.465088,-0.6833496
2025-12-12 08:00:00,-3.7235718,0.0020446777
2025-12-12 09:00:00,-3.7432861,0.82237244
2025-12-12 10:00:00,-3.027649,1.2028046
2025-12-12 11:00:00,-2.8484192,1.0683899
2025-12-12 12:00:00,-2.7528687,0.85887146
2025-12-12 13:00:00,-2.51474,0.5758972
2025-12-12 14:00:00,-2.4823608,0.17228699
2025-12-12 15:00:00,-2.764038,-0.22320557
2025-12-12 16:00:00,-2.9474945,-0.43289185
2025-12-12 17:00:00,-3.1762085,-0.5818176
2025-12-12 18:00:00,-3.478775,-0.6444702
2025-12-12 19:00:00,-3.8704224,-0.7596283
2025-12-12 20:00:00,-4.1918793,-0.69540405
2025-12-12 21:00:00,-4.2747955,-0.580307
2025-12-12 22:00:00,-3.77948,-0.83226013
2025-12-12 23:00:00,-4.198593,-1.0960693
2025-12-13 00:00:00,-4.441284,-1.046814
2025-12-13 01:00:00,-4.6880646,-0.96047974
2025-12-13 02:00:00,-5.0368958,-1.0579071
2025-12-13 03:00:00,-5.403427,-1.4276276
2025-12-13 04:00:00,-5.808029,-1.4978638
2025-12-13 05:00:00,-5.972763,-1.548172
2025-12-13 06:00:00,-6.1348267,-1.4265289
2025-12-13 07:00:00,-6.135208,-1.2473907
2025-12-13 08:00:00,-6.232666,-1.1896667
2025-12-13 09:00:00,-6.1009827,-1.1996613
2025-12-13 10:00:00,-5.4265594,-1.2820587
2025-12-13 11:00:00,-5.2483063,-1.3008118
2025-12-13 12:00:00,-5.296982,-1.2529297
2025-12-13 13:00:00,-5.0354004,-1.1739349
2025-12-13 14:00:00,-4.6083374,-1.0789795
2025-12-13 15:00:00,-4.474121,-1.1498871
2025-12-13 16:00:00,-4.585617,-1.3306885
2025-12-13 17:00:00,-4.649948,-1.4043274
2025-12-13 18:00:00,-4.718155,-1.3351898
2025-12-13 19:00:00,-5.0402985,-1.2105408
2025-12-13 20:00:00,-5.4822083,-0.9755249
2025-12-13 21:00:00,-5.6920013,-0.5126343
2025-12-13 22:00:00,-5.060089,-0.11566162
2025-12-13 23:00:00,-4.7719727,0.213974
2025-12-14 00:00:00,-4.230057,0.46818542
2025-12-14 01:00:00,-3.631195,0.6407623
2025-12-14 02:00:00,-3.1765442,0.54248047
2025-12-14 03:00:00,-3.030014,0.1894989
2025-12-14 04:00:00,-3.46846,-0.20097351
2025-12-14 05:00:00,-4.1306458,-0.52445984
2025-12-14 06:00:00,-4.4435883,-0.5262146
2025-12-14 07:00:00,-4.6762695,-0.4624176
2025-12-14 08:00:00,-4.4619446,-0.29345703
2025-12-14 09:00:00,-4.1755066,0.10896301
2025-12-14 10:00:00,-3.7482147,-0.19525146
2025-12-14 11:00:00,-3.5525513,0.18626404
2025-12-14 12:00:00,-3.4479065,0.72943115
2025-12-14 13:00:00,-3.5987854,1.2949371
2025-12-14 14:00:00,-2.9450989,1.3139648
2025-12-14 15:00:00,-2.3315735,0.79496765
2025-12-14 16:00:00,-2.5614777,0.3153839
2025-12-14 17:00:00,-3.5813599,0.13244629
2025-12-14 18:00:00,-3.900238,0.20701599
2025-12-14 19:00:00,-3.7055664,0.4176941
2025-12-14 20:00:00,-3.4639282,0.8662567
2025-12-14 21:00:00,-3.1106262,1.5260162
2025-12-14 22:00:00,-3.2989044,1.60643
2025-12-14 23:00:00,-3.618805,2.0965424
2025-12-15 00:00:00,-4.0668793,2.2928162
2025-12-15 01:00:00,-5.244034,1.9670105
2025-12-15 02:00:00,-4.9908905,2.330841
2025-12-15 03:00:00,-3.6679688,2.9976807
2025-12-15 04:00:00,-3.480896,2.678894
2025-12-15 05:00:00,-4.081192,2.5066223
2025-12-15 06:00:00,-4.98497,2.754547
2025-12-15 07:00:00,-5.404663,3.1543427
2025-12-15 08:00:00,-5.0700684,3.4372559
2025-12-15 09:00:00,-5.3704987,3.7098541
2025-12-15 10:00:00,-5.7809296,3.575348
2025-12-15 11:00:00,-5.6194916,4.4375305
2025-12-15 12:00:00,-4.7173615,4.564621
2025-12-15 13:00:00,-5.0713043,4.0918427
2025-12-15 14:00:00,-4.8549805,4.5502777
2025-12-15 15:00:00,-5.020874,4.771744
2025-12-15 16:00:00,-5.687729,4.7759857
2025-12-15 17:00:00,-5.9792786,5.1794434
2025-12-15 18:00:00,-5.807968,5.859146
2025-12-15 19:00:00,-6.3084717,5.9276733
2025-12-15 20:00:00,-7.613983,6.591202
2025-12-15 21:00:00,-6.009308,7.8682556
2025-12-15 22:00:00,-5.2865143,7.6001434
2025-12-15 23:00:00,-5.768738,7.7842865
2025-12-16 00:00:00,-7.590454,7.544037
2025-12-16 01:00:00,-6.988983,8.337509
2025-12-16 02:00:00,-5.5655823,8.954208
2025-12-16 03:00:00,-5.3004,8.946136
2025-12-16 04:00:00,-6.676285,8.566376
2025-12-16 05:00:00,-7.2083282,9.772614
2025-12-16 06:00:00,-6.940277,10.48204
2025-12-16 07:00:00,-6.77977,10.918961
2025-12-16 08:00:00,-6.11821,11.943115
2025-12-16 09:00:00,-5.0212555,13.006897
2025-12-16 10:00:00,-0.27391052,13.130417
2025-12-16 11:00:00,2.1758728,11.902252
2025-12-16 12:00:00,2.8434296,10.136093
2025-12-16 13:00:00,3.4900208,9.261978
2025-12-16 14:00:00,4.348633,7.9963226
2025-12-16 15:00:00,4.1160736,6.565338
2025-12-16 16:00:00,3.116516,5.8737183
2025-12-16 17:00:00,2.9538574,5.96402
2025-12-16 18:00:00,2.923767,5.5334625
2025-12-16 19:00:00,2.2998505,5.541092
2025-12-16 20:00:00,1.7073822,6.1333923
2025-12-16 21:00:00,1.0465546,6.536957
2025-12-16 22:00:00,0.6669922,6.7143097
2025-12-16 23:00:00,-0.56225586,6.5853577
2025-12-17 00:00:00,-1.0732117,6.3920135
2025-12-17 01:00:00,-0.9286041,6.3731384
2025-12-17 02:00:00,-0.7378082,6.155716
2025-12-17 03:00:00,-0.43804932,5.9490204
2025-12-17 04:00:00,-0.31518555,5.8198547
2025-12-17 05:00:00,-0.80625916,5.2779694
2025-12-17 06:00:00,-1.9524231,4.933609
2025-12-17 07:00:00,-3.2923431,4.9100037
2025-12-17 08:00:00,-4.3974,5.3664093
2025-12-17 09:00:00,-5.1046143,5.921692
2025-12-17 10:00:00,-4.7118073,5.6587677
2025-12-17 11:00:00,-4.6534576,5.7905426
2025-12-17 12:00:00,-4.6543427,5.51355
2025-12-17 13:00:00,-4.8318176,5.198059
2025-12-17 14:00:00,-5.4096375,5.2620087
2025-12-17 15:00:00,-5.8692474,5.872574
2025-12-17 16:00:00,-5.872162,6.3957825
2025-12-17 17:00:00,-5.517502,6.5830383
2025-12-17 18:00:00,-5.3861084,6.593338
2025-12-17 19:00:00,-5.5446014,6.7277985
2025-12-17 20:00:00,-5.6734924,7.1690674
2025-12-17 21:00:00,-5.679016,7.6320343
2025-12-17 22:00:00,-6.087723,7.9949646
2025-12-17 23:00:00,-6.0128326,7.986252
2025-12-18 00:00:00,-5.7610474,7.7145996
2025-12-18 01:00:00,-5.61438,7.296753
2025-12-18 02:00:00,-5.341568,6.8786316
2025-12-18 03:00:00,-5.4696503,6.006668
2025-12-18 04:00:00,-5.852646,5.6565094
2025-12-18 05:00:00,-5.9132843,5.4338684
2025-12-18 06:00:00,-6.0471497,5.4136047
2025-12-18 07:00:00,-6.388275,5.5297546
2025-12-18 08:00:00,-6.650696,5.574356
2025-12-18 09:00:00,-6.602936,5.3749695
2025-12-18 10:00:00,-6.697586,4.223297
2025-12-18 11:00:00,-6.7654877,4.140747
2025-12-18 12:00:00,-7.0247498,3.9700317
2025-12-18 13:00:00,-6.998184,3.4216156
2025-12-18 14:00:00,-7.1385956,2.3139038
2025-12-18 15:00:00,-7.2487793,1.3444366
2025-12-18 16:00:00,-7.4358673,1.2405548
2025-12-18 17:00:00,-7.2323456,1.5735931
2025-12-18 18:00:00,-7.2136536,1.6033325
2025-12-18 19:00:00,-7.8438263,1.2157593
2025-12-18 20:00:00,-7.840912,1.523056
2025-12-18 21:00:00,-7.5338593,2.2677765
2025-12-18 22:00:00,-6.6219482,2.0174103
2025-12-18 23:00:00,-6.371582,1.570694
2025-12-19 00:00:00,-6.247574,1.3227844
2025-12-19 01:00:00,-6.4618835,1.7121735
2025-12-19 02:00:00,-7.0276184,2.3353424
2025-12-19 03:00:00,-6.818054,3.364624
2025-12-19 04:00:00,-6.0802,4.319031
2025-12-19 05:00:00,-5.486908,4.94928
2025-12-19 06:00:00,-5.3793488,5.1489716
2025-12-19 07:00:00,-5.7101746,5.501663
2025-12-19 08:00:00,-5.715439,5.9369965
2025-12-19 09:00:00,-5.7617188,5.7158966
2025-12-19 10:00:00,-5.535202,5.403824
2025-12-19 11:00:00,-5.04834,4.6713104
2025-12-19 12:00:00,-5.041443,5.221573
2025-12-19 13:00:00,-4.4394226,5.5231934
2025-12-19 14:00:00,-3.9441376,5.383194
2025-12-19 15:00:00,-3.64328,5.5112762
2025-12-19 16:00:00,-3.5093079,5.008606
2025-12-19 17:00:00,-4.1721344,4.018585
2025-12-19 18:00:00,-5.336685,4.328293
2025-12-19 19:00:00,-5.9588165,5.2542114
2025-12-19 20:00:00,-5.9412994,7.3490906
2025-12-19 21:00:00,-5.1341095,8.25531
2025-12-19 22:00:00,-5.3225555,7.147354
2025-12-19 23:00:00,-5.7700195,5.8263702
2025-12-20 00:00:00,-5.5354156,6.3650513
2025-12-20 01:00:00,-5.460205,7.3287964
2025-12-20 02:00:00,-5.2460938,7.697586
2025-12-20 03:00:00,-5.166794,6.8210907
2025-12-20 04:00:00,-3.5949554,5.861084
2025-12-20 05:00:00,-0.3517456,4.7886963
2025-12-20 06:00:00,1.289032,3.730301
2025-12-20 07:00:00,0.47729492,2.32193
2025-12-20 08:00:00,-1.545639,0.74845886
2025-12-20 09:00:00,-3.0715637,0.26968384
2025-12-20 10:00:00,-1.9468689,-0.2408905
2025-12-20 11:00:00,-1.727417,0.57977295
2025-12-20 12:00:00,-1.6768341,1.0626068
2025-12-20 13:00:00,-1.9143066,1.6857605
2025-12-20 14:00:00,-1.6164246,2.5380096
2025-12-20 15:00:00,-1.1300507,3.010849
2025-12-20 16:00:00,-0.8247223,2.9226685
2025-12-20 17:00:00,-0.7246399,2.6598969
2025-12-20 18:00:00,-0.84461975,2.327362
2025-12-20 19:00:00,-0.81251526,2.402176
2025-12-20 20:00:00,-0.79776,2.529358
2025-12-20 21:00:00,-1.227829,2.5039978
2025-12-20 22:00:00,-1.1979218,3.3546143
2025-12-20 23:00:00,-1.5874634,3.7238617
2025-12-21 00:00:00,-1.8261871,3.8693085
2025-12-21 01:00:00,-2.0849,3.935501
2025-12-21 02:00:00,-2.0853882,4.3776703
2025-12-21 03:00:00,-2.1984863,4.35347
2025-12-21 04:00:00,-2.4550629,4.1740265
2025-12-21 05:00:00,-2.6220703,4.1414948
2025-12-21 06:00:00,-2.6591492,4.308716
2025-12-21 07:00:00,-2.6318512,4.7589417
2025-12-21 08:00:00,-2.3006744,5.246277
2025-12-21 09:00:00,-1.624588,5.5126495
2025-12-21 10:00:00,-0.030578613,4.976822
2025-12-21 11:00:00,0.70469666,4.0515747
2025-12-21 12:00:00,1.4381104,3.3802795
2025-12-21 13:00:00,2.0614471,2.649002
2025-12-21 14:00:00,2.6433258,2.076538
2025-12-21 15:00:00,2.9055634,1.2611542
2025-12-21 16:00:00,3.0098877,0.58047485
2025-12-21 17:00:00,3.0562134,-0.3728485
2025-12-21 18:00:00,2.9309692,-0.8437805
2025-12-21 19:00:00,3.036026,-0.9985657
2025-12-21 20:00:00,3.0864716,-0.8032379
2025-12-21 21:00:00,2.6007538,-0.49067688
2025-12-21 22:00:00,1.5283966,-0.6491089
2025-12-21 23:00:00,0.82881165,-0.73760986
2025-12-22 00:00:00,1.3010712,0.33239746
2025-12-22 01:00:00,1.8636017,1.4273071
2025-12-22 02:00:00,2.294571,1.5913086
2025-12-22 03:00:00,2.5898438,1.1607819
2025-12-22 04:00:00,2.8099976,0.60121155
2025-12-22 05:00:00,2.4000397,-0.22880554
2025-12-22 06:00:00,2.0886688,-0.5903473
2025-12-22 07:00:00,1.8249359,-0.70547485
2025-12-22 08:00:00,1.8536682,-0.91018677
2025-12-22 09:00:00,1.7816162,-0.9770355
2025-12-22 10:00:00,1.421524,-1.4247284
2025-12-22 11:00:00,1.1977844,-1.1991119
2025-12-22 12:00:00,0.8644104,-0.8432617
2025-12-22 13:00:00,0.42578125,-0.68504333
2025-12-22 14:00:00,-0.027954102,-0.70448303
2025-12-22 15:00:00,-0.4710083,-0.42170715
2025-12-22 16:00:00,-0.63435364,0.38175964
2025-12-22 17:00:00,-0.5782318,1.1318512
2025-12-22 18:00:00,-0.22865295,1.884201
2025-12-22 19:00:00,-0.12460327,2.5107727
2025-12-22 20:00:00,0.0014953613,3.3527832
2025-12-22 21:00:00,0.27275085,4.0416107
2025-12-22 22:00:00,1.3023834,4.2686157
2025-12-22 23:00:00,1.7113342,4.813919
2025-12-23 00:00:00,2.887329,5.4072266
2025-12-23 01:00:00,3.4060974,5.289734
2025-12-23 02:00:00,3.4354858,4.914139
2025-12-23 03:00:00,4.0208282,5.053116
2025-12-23 04:00:00,4.9619904,5.5608063
2025-12-23 05:00:00,5.295929,5.8842773
2025-12-23 06:00:00,4.3653564,6.1131897
2025-12-23 07:00:00,3.4653625,6.7446747
2025-12-23 08:00:00,4.2102356,7.7975464
2025-12-23 09:00:00,4.5238953,8.427689
2025-12-23 10:00:00,4.720688,8.594208
2025-12-23 11:00:00,6.741089,8.795639
2025-12-23 12:00:00,11.045227,6.4748383
2025-12-23 13:00:00,10.631714,3.9790955
2025-12-23 14:00:00,8.760696,4.5412445
2025-12-23 15:00:00,8.703781,5.341217
2025-12-23 16:00:00,9.713562,4.9605103
2025-12-23 17:00:00,10.325577,3.4064636
2025-12-23 18:00:00,9.89859,2.1172638
2025-12-23 19:00:00,8.796219,1.7056274
2025-12-23 20:00:00,7.7719116,1.8146667
2025-12-23 21:00:00,6.997162,2.2616272
2025-12-23 22:00:00,6.859314,3.2978668
2025-12-23 23:00:00,6.473816,3.6586914
2025-12-24 00:00:00,6.062149,4.2092743
2025-12-24 01:00:00,5.8750153,4.614975
2025-12-24 02:00:00,6.388672,4.7387695
2025-12-24 03:00:00,7.0855865,4.7782593
2025-12-24 04:00:00,7.4934845,4.5112
2025-12-24 05:00:00,7.316208,4.326111
2025-12-24 06:00:00,6.7664948,4.468048
2025-12-24 07:00:00,6.196121,4.973633
2025-12-24 08:00:00,6.2599945,5.393219
2025-12-24 09:00:00,6.778839,5.5189056
2025-12-24 10:00:00,7.556244,5.628845
2025-12-24 11:00:00,8.109222,5.755005
2025-12-24 12:00:00,8.468674,5.2215424
2025-12-24 13:00:00,8.309219,4.275238
2025-12-24 14:00:00,8.669739,4.11528
2025-12-24 15:00:00,8.377716,4.4975433
2025-12-24 16:00:00,6.7258606,5.061325
2025-12-24 17:00:00,6.20549,5.9732056
2025-12-24 18:00:00,6.8936005,7.225189
2025-12-24 19:00:00,6.6338806,8.207016
2025-12-24 20:00:00,6.431732,8.901154
2025-12-24 21:00:00,7.254181,9.146683
2025-12-24 22:00:00,8.33905,8.5372925
2025-12-24 23:00:00,9.493866,7.3462524
2025-12-25 00:00:00,10.0633545,6.2263336
2025-12-25 01:00:00,10.182098,5.8806458
2025-12-25 02:00:00,10.048813,5.8504486
2025-12-25 03:00:00,9.731094,5.8907776
2025-12-25 04:00:00,9.568069,5.8355103
2025-12-25 05:00:00,9.324554,5.750519
2025-12-25 06:00:00,9.01973,5.91127
2025-12-25 07:00:00,8.560623,6.11998
2025-12-25 08:00:00,8.036301,6.254837
2025-12-25 09:00:00,7.7104797,6.5035553
2025-12-25 10:00:00,7.2746887,5.805313
2025-12-25 11:00:00,7.3151703,6.211899
2025-12-25 12:00:00,7.567749,6.0417023
2025-12-25 13:00:00,7.341263,5.8440094
2025-12-25 14:00:00,6.4226837,6.153778
2025-12-25 15:00:00,5.4682007,6.5795135
2025-12-25 16:00:00,4.84816,6.90036
2025-12-25 17:00:00,4.0558167,7.1793213
2025-12-25 18:00:00,3.1569672,7.1740875
2025-12-25 19:00:00,2.2368927,7.15184
2025-12-25 20:00:00,1.5734711,7.3735046
2025-12-25 21:00:00,1.0099945,7.467758
2025-12-25 22:00:00,0.27470398,6.5706787
2025-12-25 23:00:00,-0.4998169,6.761078
2025-12-26 00:00:00,-0.9454346,6.875305
2025-12-26 01:00:00,-1.2494507,6.712265
2025-12-26 02:00:00,-1.6465302,6.306076
2025-12-26 03:00:00,-1.8747711,5.913086
2025-12-26 04:00:00,-2.3029938,5.5947876
2025-12-26 05:00:00,-3.1357117,5.30217
2025-12-26 06:00:00,-4.037964,5.3034515
2025-12-26 07:00:00,-4.8441772,5.538925
2025-12-26 08:00:00,-5.5477295,5.9094086
2025-12-26 09:00:00,-5.9275513,6.2010956
2025-12-26 10:00:00,-5.71463,6.0392303
2025-12-26 11:00:00,-5.912094,5.726837
2025-12-26 12:00:00,-6.237793,5.449066
2025-12-26 13:00:00,-6.4974976,4.915436
2025-12-26 14:00:00,-6.907425,4.5374603
2025-12-26 15:00:00,-7.31633,4.2611847
2025-12-26 16:00:00,-7.907257,4.032181
2025-12-26 17:00:00,-8.457199,3.8034973
2025-12-26 18:00:00,-8.908081,3.5493164
2025-12-26 19:00:00,-9.164612,3.441803
2025-12-26 20:00:00,-9.35878,3.583496
2025-12-26 21:00:00,-9.366562,3.8544006
2025-12-26 22:00:00,-9.13913,4.574356
2025-12-26 23:00:00,-8.4735565,4.985611
2025-12-27 00:00:00,-8.085403,4.420044
2025-12-27 01:00:00,-7.897751,3.340622
2025-12-27 02:00:00,-7.9799194,2.7884827
2025-12-27 03:00:00,-8.218597,2.5853271
2025-12-27 04:00:00,-8.077606,2.496231
2025-12-27 05:00:00,-8.414917,1.8785706
2025-12-27 06:00:00,-8.589584,1.5084686
2025-12-27 07:00:00,-8.95842,0.2975006
2025-12-27 08:00:00,-9.625595,-0.46359253
2025-12-27 09:00:00,-9.969513,-0.56411743
2025-12-27 10:00:00,-9.335922,-0.12705994
2025-12-27 11:00:00,-8.538849,-0.9320984
2025-12-27 12:00:00,-8.994171,-1.3995361
2025-12-27 13:00:00,-9.315567,-1.7989349
2025-12-27 14:00:00,-9.507294,-2.1395264
2025-12-27 15:00:00,-9.61586,-2.4770203
2025-12-27 16:00:00,-9.779083,-2.0886993
2025-12-27 17:00:00,-9.607162,-2.2030945
2025-12-27 18:00:00,-9.726517,-2.399353
2025-12-27 19:00:00,-9.9614105,-2.055542
2025-12-27 20:00:00,-9.996368,-1.3868866
2025-12-27 21:00:00,-9.890381,-0.62742615
2025-12-27 22:00:00,-8.828445,-0.9799957
2025-12-27 23:00:00,-8.638489,-0.5877991
2025-12-28 00:00:00,-8.047775,-0.45401
2025-12-28 01:00:00,-7.491974,-0.4614563
2025-12-28 02:00:00,-7.0676727,-0.45698547
2025-12-28 03:00:00,-6.4322815,-0.45013428
2025-12-28 04:00:00,-5.8188934,-0.25868225
2025-12-28 05:00:00,-5.227539,-0.12515259
2025-12-28 06:00:00,-4.7842712,-0.14642334
2025-12-28 07:00:00,-4.439392,-0.15698242
2025-12-28 08:00:00,-4.0110016,-0.09259033
2025-12-28 09:00:00,-3.318863,0.056289673
2025-12-28 10:00:00,-1.7269287,-0.1333313
2025-12-28 11:00:00,-1.3211975,-0.2513275
2025-12-28 12:00:00,-1.2458801,-0.306427
2025-12-28 13:00:00,-0.65223694,-0.0019989014
2025-12-28 14:00:00,0.014633179,0.022369385
2025-12-28 15:00:00,0.83558655,0.1940155
2025-12-28 16:00:00,1.5643463,0.023330688
2025-12-28 17:00:00,1.853653,-0.5187988
2025-12-28 18:00:00,2.091034,-0.8060913
2025-12-28 19:00:00,2.3389282,-0.79740906
2025-12-28 20:00:00,2.4968262,-0.970932
2025-12-28 21:00:00,3.0789795,-0.5263672
2025-12-28 22:00:00,4.022522,-0.12454224
2025-12-28 23:00:00,4.017639,-0.13693237
2025-12-29 00:00:00,3.3023682,-0.9871216
2025-12-29 01:00:00,2.2920837,-1.8178558
2025-12-29 02:00:00,1.4917908,-2.3342438
2025-12-29 03:00:00,0.9860077,-2.3502197
2025-12-29 04:00:00,0.6702118,-1.7694855
2025-12-29 05:00:00,0.4495697,-0.8726959
2025-12-29 06:00:00,0.56466675,0.17681885
2025-12-29 07:00:00,0.73036194,1.0698395
2025-12-29 08:00:00,0.6704254,1.7595062
2025-12-29 09:00:00,0.703949,2.395523
2025-12-29 10:00:00,0.1402893,2.098526
2025-12-29 11:00:00,-0.23919678,2.1649475
2025-12-29 12:00:00,-0.7011566,2.2713776
2025-12-29 13:00:00,-0.8681488,2.702057
2025-12-29 14:00:00,-1.0909729,3.0458527
2025-12-29 15:00:00,-1.0648041,2.9233246
2025-12-29 16:00:00,-1.056366,2.643219
2025-12-29 17:00:00,-0.94548035,2.627472
2025-12-29 18:00:00,-0.68444824,3.322647
2025-12-29 19:00:00,-0.34431458,3.4685364
2025-12-29 20:00:00,-0.058929443,3.3996735
2025-12-29 21:00:00,0.6066284,3.2832031
2025-12-29 22:00:00,0.2073822,2.2220764
2025-12-29 23:00:00,0.8477478,2.844574
2025-12-30 00:00:00,2.372589,3.9821625
2025-12-30 01:00:00,4.156296,4.6302185
2025-12-30 02:00:00,5.212906,4.742676
2025-12-30 03:00:00,5.933731,4.1513977
2025-12-30 04:00:00,7.0880127,3.2356873
2025-12-30 05:00:00,8.1017,1.9180603
2025-12-30 06:00:00,8.53804,-0.6674957
2025-12-30 07:00:00,7.762665,-2.590393
2025-12-30 08:00:00,6.4550476,-2.0501251
2025-12-30 09:00:00,6.541336,-1.4103088
2025-12-30 10:00:00,5.3526917,-1.2832031
2025-12-30 11:00:00,6.3934784,-2.3331757
2025-12-30 12:00:00,7.2588806,-2.7167053
2025-12-30 13:00:00,8.045532,-3.4983826
2025-12-30 14:00:00,8.262207,-3.6445923
2025-12-30 15:00:00,8.682068,-3.6051483
2025-12-30 16:00:00,9.224518,-4.322357
2025-12-30 17:00:00,9.584412,-5.7703094
2025-12-30 18:00:00,9.883911,-6.840744
2025-12-30 19:00:00,9.66011,-6.765518
2025-12-30 20:00:00,9.543884,-6.5461884
2025-12-30 21:00:00,10.1528015,-6.0939636
2025-12-30 22:00:00,9.683212,-6.3941803
2025-12-30 23:00:00,9.560867,-5.9563904
2025-12-31 00:00:00,9.536514,-5.933731
2025-12-31 01:00:00,9.820038,-6.259781
2025-12-31 02:00:00,10.184708,-6.501999
2025-12-31 03:00:00,10.24173,-6.7397614
2025-12-31 04:00:00,9.8237,-6.476883
2025-12-31 05:00:00,9.549545,-6.1466217
2025-12-31 06:00:00,9.730377,-6.4190063
2025-12-31 07:00:00,9.095261,-6.2111053
2025-12-31 08:00:00,8.567871,-6.05217
2025-12-31 09:00:00,8.232239,-6.156906
2025-12-31 10:00:00,6.6349945,-5.762268
2025-12-31 11:00:00,5.6288757,-5.613434
2025-12-31 12:00:00,4.403305,-5.3984222
2025-12-31 13:00:00,2.3321533,-5.0211487
2025-12-31 14:00:00,-0.002090454,-4.036209
2025-12-31 15:00:00,-1.2021637,-2.582672
2025-12-31 16:00:00,-1.375885,-1.443985
2025-12-31 17:00:00,-1.35672,-0.8956146
2025-12-31 18:00:00,-1.8610535,-0.40408325
2025-12-31 19:00:00,-2.804016,0.26715088
2025-12-31 20:00:00,-3.2339172,0.802063
2025-12-31 21:00:00,-3.3738708,1.2004089
2025-12-31 22:00:00,-3.007431,2.058487
2025-12-31 23:00:00,-3.4070282,1.8373413
